26-09-16 09:16:52.184 [background-preinit] INFO  o.h.validator.internal.util.Version - HV000001: Hibernate Validator 8.0.1.Final
26-09-16 09:16:52.260 [main] INFO  c.s.m.discodeit.DiscodeitApplication - Starting DiscodeitApplication using Java 17.0.19 with PID 98459 (/Users/jangjunseo/Desktop/codei_13th_develop/13-sprint-mission/build/classes/java/main started by jangjunseo in /Users/jangjunseo/Desktop/codei_13th_develop/13-sprint-mission)
26-09-16 09:16:52.261 [main] INFO  c.s.m.discodeit.DiscodeitApplication - The following 1 profile is active: "dev"
26-09-16 09:16:53.846 [main] INFO  o.s.d.r.c.RepositoryConfigurationDelegate - Bootstrapping Spring Data JPA repositories in DEFAULT mode.
26-09-16 09:16:53.940 [main] INFO  o.s.d.r.c.RepositoryConfigurationDelegate - Finished Spring Data repository scanning in 65 ms. Found 6 JPA repository interfaces.
26-09-16 09:16:55.023 [main] INFO  o.s.b.w.e.tomcat.TomcatWebServer - Tomcat initialized with port 8080 (http)
26-09-16 09:16:55.050 [main] INFO  o.a.coyote.http11.Http11NioProtocol - Initializing ProtocolHandler ["http-nio-8080"]
26-09-16 09:16:55.054 [main] INFO  o.a.catalina.core.StandardService - Starting service [Tomcat]
26-09-16 09:16:55.055 [main] INFO  o.a.catalina.core.StandardEngine - Starting Servlet engine: [Apache Tomcat/10.1.33]
26-09-16 09:16:55.165 [main] INFO  o.a.c.c.C.[Tomcat].[localhost].[/] - Initializing Spring embedded WebApplicationContext
26-09-16 09:16:55.165 [main] INFO  o.s.b.w.s.c.ServletWebServerApplicationContext - Root WebApplicationContext: initialization completed in 2839 ms
26-09-16 09:16:55.416 [main] INFO  com.zaxxer.hikari.HikariDataSource - HikariPool-1 - Starting...
26-09-16 09:16:55.911 [main] INFO  com.zaxxer.hikari.pool.HikariPool - HikariPool-1 - Added connection org.postgresql.jdbc.PgConnection@312f3050
26-09-16 09:16:55.912 [main] INFO  com.zaxxer.hikari.HikariDataSource - HikariPool-1 - Start completed.
26-09-16 09:16:55.994 [main] INFO  o.h.jpa.internal.util.LogHelper - HHH000204: Processing PersistenceUnitInfo [name: default]
26-09-16 09:16:56.055 [main] INFO  org.hibernate.Version - HHH000412: Hibernate ORM core version 6.6.2.Final
26-09-16 09:16:56.085 [main] INFO  o.h.c.i.RegionFactoryInitiator - HHH000026: Second-level cache disabled
26-09-16 09:16:56.346 [main] INFO  o.s.o.j.p.SpringPersistenceUnitInfo - No LoadTimeWeaver setup: ignoring JPA class transformer
26-09-16 09:16:56.560 [main] INFO  o.hibernate.orm.connections.pooling - HHH10001005: Database info:
	Database JDBC URL [Connecting through datasource 'HikariDataSource (HikariPool-1)']
	Database driver: undefined/unknown
	Database version: 17.10
	Autocommit mode: undefined/unknown
	Isolation level: undefined/unknown
	Minimum pool size: undefined/unknown
	Maximum pool size: undefined/unknown
26-09-16 09:16:57.383 [main] INFO  o.h.e.t.j.p.i.JtaPlatformInitiator - HHH000489: No JTA platform available (set 'hibernate.transaction.jta.platform' to enable JTA platform integration)
26-09-16 09:16:58.280 [main] INFO  o.s.o.j.LocalContainerEntityManagerFactoryBean - Initialized JPA EntityManagerFactory for persistence unit 'default'
26-09-16 09:16:58.911 [main] TRACE o.s.s.c.a.a.c.AuthenticationConfiguration$EnableGlobalAuthenticationAutowiredConfigurer - Eagerly initializing {securityConfig=com.sprint.mission.discodeit.config.SecurityConfig$$SpringCGLIB$$0@515b7335}
26-09-16 09:16:58.917 [main] INFO  o.s.s.c.a.a.c.InitializeUserDetailsBeanManagerConfigurer$InitializeUserDetailsManagerConfigurer - Global AuthenticationManager configured with UserDetailsService bean with name discodeitUserDetailsService
26-09-16 09:16:58.992 [main] INFO  o.s.b.a.w.s.WelcomePageHandlerMapping - Adding welcome page: class path resource [static/index.html]
26-09-16 09:16:59.247 [main] INFO  o.s.b.a.e.web.EndpointLinksResolver - Exposing 4 endpoints beneath base path '/actuator'
26-09-16 09:16:59.306 [main] DEBUG o.s.s.web.DefaultSecurityFilterChain - Will secure any request with filters: DisableEncodeUrlFilter, WebAsyncManagerIntegrationFilter, SecurityContextHolderFilter, HeaderWriterFilter, CsrfFilter, LogoutFilter, UsernamePasswordAuthenticationFilter, DefaultResourcesFilter, DefaultLoginPageGeneratingFilter, DefaultLogoutPageGeneratingFilter, RequestCacheAwareFilter, SecurityContextHolderAwareRequestFilter, AnonymousAuthenticationFilter, ExceptionTranslationFilter
26-09-16 09:16:59.707 [main] INFO  o.a.coyote.http11.Http11NioProtocol - Starting ProtocolHandler ["http-nio-8080"]
26-09-16 09:16:59.721 [main] INFO  o.s.b.w.e.tomcat.TomcatWebServer - Tomcat started on port 8080 (http) with context path '/'
26-09-16 09:16:59.733 [main] INFO  c.s.m.discodeit.DiscodeitApplication - Started DiscodeitApplication in 8.298 seconds (process running for 9.74)
26-09-16 09:17:00.395 [RMI TCP Connection(2)-127.0.0.1] INFO  o.a.c.c.C.[Tomcat].[localhost].[/] - Initializing Spring DispatcherServlet 'dispatcherServlet'
26-09-16 09:17:00.396 [RMI TCP Connection(2)-127.0.0.1] INFO  o.s.web.servlet.DispatcherServlet - Initializing Servlet 'dispatcherServlet'
26-09-16 09:17:00.398 [RMI TCP Connection(2)-127.0.0.1] INFO  o.s.web.servlet.DispatcherServlet - Completed initialization in 1 ms
26-09-16 09:17:45.314 [http-nio-8080-exec-1] TRACE o.s.security.web.FilterChainProxy - Trying to match request against DefaultSecurityFilterChain defined as 'filterChain' in [class path resource [com/sprint/mission/discodeit/config/SecurityConfig.class]] matching [any request] and having filters [DisableEncodeUrl, WebAsyncManagerIntegration, SecurityContextHolder, HeaderWriter, Csrf, Logout, UsernamePasswordAuthentication, DefaultResources, DefaultLoginPageGenerating, DefaultLogoutPageGenerating, RequestCacheAware, SecurityContextHolderAwareRequest, AnonymousAuthentication, ExceptionTranslation] (1/1)
26-09-16 09:17:45.315 [http-nio-8080-exec-1] DEBUG o.s.security.web.FilterChainProxy - Securing GET /api/auth/csrf-token
26-09-16 09:17:45.319 [http-nio-8080-exec-1] TRACE o.s.security.web.FilterChainProxy - Invoking DisableEncodeUrlFilter (1/14)
26-09-16 09:17:45.322 [http-nio-8080-exec-1] TRACE o.s.security.web.FilterChainProxy - Invoking WebAsyncManagerIntegrationFilter (2/14)
26-09-16 09:17:45.324 [http-nio-8080-exec-1] TRACE o.s.security.web.FilterChainProxy - Invoking SecurityContextHolderFilter (3/14)
26-09-16 09:17:45.325 [http-nio-8080-exec-1] TRACE o.s.security.web.FilterChainProxy - Invoking HeaderWriterFilter (4/14)
26-09-16 09:17:45.326 [http-nio-8080-exec-1] TRACE o.s.security.web.FilterChainProxy - Invoking CsrfFilter (5/14)
26-09-16 09:17:45.332 [http-nio-8080-exec-1] TRACE o.s.security.web.csrf.CsrfFilter - Did not protect against CSRF since request did not match CsrfNotRequired [TRACE, HEAD, GET, OPTIONS]
26-09-16 09:17:45.332 [http-nio-8080-exec-1] TRACE o.s.security.web.FilterChainProxy - Invoking LogoutFilter (6/14)
26-09-16 09:17:45.332 [http-nio-8080-exec-1] TRACE o.s.s.w.a.logout.LogoutFilter - Did not match request to Ant [pattern='/api/auth/logout', POST]
26-09-16 09:17:45.332 [http-nio-8080-exec-1] TRACE o.s.security.web.FilterChainProxy - Invoking UsernamePasswordAuthenticationFilter (7/14)
26-09-16 09:17:45.332 [http-nio-8080-exec-1] TRACE o.s.s.w.a.UsernamePasswordAuthenticationFilter - Did not match request to Ant [pattern='/api/auth/login', POST]
26-09-16 09:17:45.332 [http-nio-8080-exec-1] TRACE o.s.security.web.FilterChainProxy - Invoking DefaultResourcesFilter (8/14)
26-09-16 09:17:45.332 [http-nio-8080-exec-1] TRACE o.s.security.web.FilterChainProxy - Invoking DefaultLoginPageGeneratingFilter (9/14)
26-09-16 09:17:45.333 [http-nio-8080-exec-1] TRACE o.s.security.web.FilterChainProxy - Invoking DefaultLogoutPageGeneratingFilter (10/14)
26-09-16 09:17:45.333 [http-nio-8080-exec-1] TRACE o.s.s.w.a.u.DefaultLogoutPageGeneratingFilter - Did not render default logout page since request did not match [Ant [pattern='/logout', GET]]
26-09-16 09:17:45.333 [http-nio-8080-exec-1] TRACE o.s.security.web.FilterChainProxy - Invoking RequestCacheAwareFilter (11/14)
26-09-16 09:17:45.333 [http-nio-8080-exec-1] TRACE o.s.s.w.s.HttpSessionRequestCache - matchingRequestParameterName is required for getMatchingRequest to lookup a value, but not provided
26-09-16 09:17:45.333 [http-nio-8080-exec-1] TRACE o.s.security.web.FilterChainProxy - Invoking SecurityContextHolderAwareRequestFilter (12/14)
26-09-16 09:17:45.336 [http-nio-8080-exec-1] TRACE o.s.security.web.FilterChainProxy - Invoking AnonymousAuthenticationFilter (13/14)
26-09-16 09:17:45.337 [http-nio-8080-exec-1] TRACE o.s.security.web.FilterChainProxy - Invoking ExceptionTranslationFilter (14/14)
26-09-16 09:17:45.342 [http-nio-8080-exec-1] DEBUG o.s.security.web.FilterChainProxy - Secured GET /api/auth/csrf-token
26-09-16 09:17:45.389 [http-nio-8080-exec-1] TRACE o.s.s.w.c.HttpSessionSecurityContextRepository - No HttpSession currently exists
26-09-16 09:17:45.389 [http-nio-8080-exec-1] TRACE o.s.s.w.c.SupplierDeferredSecurityContext - Created SecurityContextImpl [Null authentication]
26-09-16 09:17:45.389 [http-nio-8080-exec-1] TRACE o.s.s.w.c.SupplierDeferredSecurityContext - Created SecurityContextImpl [Null authentication]
26-09-16 09:17:45.392 [http-nio-8080-exec-1] TRACE o.s.s.w.a.AnonymousAuthenticationFilter - Set SecurityContextHolder to AnonymousAuthenticationToken [Principal=anonymousUser, Credentials=[PROTECTED], Authenticated=true, Details=WebAuthenticationDetails [RemoteIpAddress=0:0:0:0:0:0:0:1, SessionId=null], Granted Authorities=[ROLE_ANONYMOUS]]
26-09-16 09:17:45.394 [http-nio-8080-exec-1] TRACE o.s.s.w.h.writers.HstsHeaderWriter - Not injecting HSTS header since it did not match request to [Is Secure]
26-09-16 09:20:29.174 [http-nio-8080-exec-3] TRACE o.s.security.web.FilterChainProxy - Trying to match request against DefaultSecurityFilterChain defined as 'filterChain' in [class path resource [com/sprint/mission/discodeit/config/SecurityConfig.class]] matching [any request] and having filters [DisableEncodeUrl, WebAsyncManagerIntegration, SecurityContextHolder, HeaderWriter, Csrf, Logout, UsernamePasswordAuthentication, DefaultResources, DefaultLoginPageGenerating, DefaultLogoutPageGenerating, RequestCacheAware, SecurityContextHolderAwareRequest, AnonymousAuthentication, ExceptionTranslation] (1/1)
26-09-16 09:20:29.174 [http-nio-8080-exec-3] DEBUG o.s.security.web.FilterChainProxy - Securing GET /api/auth/login
26-09-16 09:20:29.175 [http-nio-8080-exec-3] TRACE o.s.security.web.FilterChainProxy - Invoking DisableEncodeUrlFilter (1/14)
26-09-16 09:20:29.176 [http-nio-8080-exec-3] TRACE o.s.security.web.FilterChainProxy - Invoking WebAsyncManagerIntegrationFilter (2/14)
26-09-16 09:20:29.176 [http-nio-8080-exec-3] TRACE o.s.security.web.FilterChainProxy - Invoking SecurityContextHolderFilter (3/14)
26-09-16 09:20:29.176 [http-nio-8080-exec-3] TRACE o.s.security.web.FilterChainProxy - Invoking HeaderWriterFilter (4/14)
26-09-16 09:20:29.176 [http-nio-8080-exec-3] TRACE o.s.security.web.FilterChainProxy - Invoking CsrfFilter (5/14)
26-09-16 09:20:29.178 [http-nio-8080-exec-3] TRACE o.s.security.web.csrf.CsrfFilter - Did not protect against CSRF since request did not match CsrfNotRequired [TRACE, HEAD, GET, OPTIONS]
26-09-16 09:20:29.179 [http-nio-8080-exec-3] TRACE o.s.security.web.FilterChainProxy - Invoking LogoutFilter (6/14)
26-09-16 09:20:29.179 [http-nio-8080-exec-3] TRACE o.s.s.w.a.logout.LogoutFilter - Did not match request to Ant [pattern='/api/auth/logout', POST]
26-09-16 09:20:29.179 [http-nio-8080-exec-3] TRACE o.s.security.web.FilterChainProxy - Invoking UsernamePasswordAuthenticationFilter (7/14)
26-09-16 09:20:29.179 [http-nio-8080-exec-3] TRACE o.s.s.w.a.UsernamePasswordAuthenticationFilter - Did not match request to Ant [pattern='/api/auth/login', POST]
26-09-16 09:20:29.179 [http-nio-8080-exec-3] TRACE o.s.security.web.FilterChainProxy - Invoking DefaultResourcesFilter (8/14)
26-09-16 09:20:29.179 [http-nio-8080-exec-3] TRACE o.s.security.web.FilterChainProxy - Invoking DefaultLoginPageGeneratingFilter (9/14)
26-09-16 09:20:29.179 [http-nio-8080-exec-3] TRACE o.s.security.web.FilterChainProxy - Invoking DefaultLogoutPageGeneratingFilter (10/14)
26-09-16 09:20:29.179 [http-nio-8080-exec-3] TRACE o.s.s.w.a.u.DefaultLogoutPageGeneratingFilter - Did not render default logout page since request did not match [Ant [pattern='/logout', GET]]
26-09-16 09:20:29.179 [http-nio-8080-exec-3] TRACE o.s.security.web.FilterChainProxy - Invoking RequestCacheAwareFilter (11/14)
26-09-16 09:20:29.180 [http-nio-8080-exec-3] TRACE o.s.s.w.s.HttpSessionRequestCache - matchingRequestParameterName is required for getMatchingRequest to lookup a value, but not provided
26-09-16 09:20:29.181 [http-nio-8080-exec-3] TRACE o.s.security.web.FilterChainProxy - Invoking SecurityContextHolderAwareRequestFilter (12/14)
26-09-16 09:20:29.181 [http-nio-8080-exec-3] TRACE o.s.security.web.FilterChainProxy - Invoking AnonymousAuthenticationFilter (13/14)
26-09-16 09:20:29.181 [http-nio-8080-exec-3] TRACE o.s.security.web.FilterChainProxy - Invoking ExceptionTranslationFilter (14/14)
26-09-16 09:20:29.182 [http-nio-8080-exec-3] DEBUG o.s.security.web.FilterChainProxy - Secured GET /api/auth/login
26-09-16 09:20:29.220 [http-nio-8080-exec-3] ERROR c.s.m.d.e.GlobalExceptionHandler - [예상치 못한 예외 발생] type=NoResourceFoundException, message=No static resource api/auth/login.
org.springframework.web.servlet.resource.NoResourceFoundException: No static resource api/auth/login.
	at org.springframework.web.servlet.resource.ResourceHttpRequestHandler.handleRequest(ResourceHttpRequestHandler.java:585)
	at org.springframework.web.servlet.mvc.HttpRequestHandlerAdapter.handle(HttpRequestHandlerAdapter.java:52)
	at org.springframework.web.servlet.DispatcherServlet.doDispatch(DispatcherServlet.java:1088)
	at org.springframework.web.servlet.DispatcherServlet.doService(DispatcherServlet.java:978)
	at org.springframework.web.servlet.FrameworkServlet.processRequest(FrameworkServlet.java:1014)
	at org.springframework.web.servlet.FrameworkServlet.doGet(FrameworkServlet.java:903)
	at jakarta.servlet.http.HttpServlet.service(HttpServlet.java:564)
	at org.springframework.web.servlet.FrameworkServlet.service(FrameworkServlet.java:885)
	at jakarta.servlet.http.HttpServlet.service(HttpServlet.java:658)
	at org.apache.catalina.core.ApplicationFilterChain.internalDoFilter(ApplicationFilterChain.java:195)
	at org.apache.catalina.core.ApplicationFilterChain.doFilter(ApplicationFilterChain.java:140)
	at org.apache.tomcat.websocket.server.WsFilter.doFilter(WsFilter.java:51)
	at org.apache.catalina.core.ApplicationFilterChain.internalDoFilter(ApplicationFilterChain.java:164)
	at org.apache.catalina.core.ApplicationFilterChain.doFilter(ApplicationFilterChain.java:140)
	at org.springframework.web.filter.CompositeFilter$VirtualFilterChain.doFilter(CompositeFilter.java:108)
	at org.springframework.security.web.FilterChainProxy.lambda$doFilterInternal$3(FilterChainProxy.java:231)
	at org.springframework.security.web.ObservationFilterChainDecorator$FilterObservation$SimpleFilterObservation.lambda$wrap$1(ObservationFilterChainDecorator.java:479)
	at org.springframework.security.web.ObservationFilterChainDecorator$AroundFilterObservation$SimpleAroundFilterObservation.lambda$wrap$1(ObservationFilterChainDecorator.java:340)
	at org.springframework.security.web.ObservationFilterChainDecorator.lambda$wrapSecured$0(ObservationFilterChainDecorator.java:82)
	at org.springframework.security.web.ObservationFilterChainDecorator$VirtualFilterChain.doFilter(ObservationFilterChainDecorator.java:128)
	at org.springframework.security.web.access.ExceptionTranslationFilter.doFilter(ExceptionTranslationFilter.java:126)
	at org.springframework.security.web.access.ExceptionTranslationFilter.doFilter(ExceptionTranslationFilter.java:120)
	at org.springframework.security.web.ObservationFilterChainDecorator$ObservationFilter.wrapFilter(ObservationFilterChainDecorator.java:240)
	at org.springframework.security.web.ObservationFilterChainDecorator$ObservationFilter.doFilter(ObservationFilterChainDecorator.java:227)
	at org.springframework.security.web.ObservationFilterChainDecorator$VirtualFilterChain.doFilter(ObservationFilterChainDecorator.java:137)
	at org.springframework.security.web.authentication.AnonymousAuthenticationFilter.doFilter(AnonymousAuthenticationFilter.java:100)
	at org.springframework.security.web.ObservationFilterChainDecorator$ObservationFilter.wrapFilter(ObservationFilterChainDecorator.java:240)
	at org.springframework.security.web.ObservationFilterChainDecorator$ObservationFilter.doFilter(ObservationFilterChainDecorator.java:227)
	at org.springframework.security.web.ObservationFilterChainDecorator$VirtualFilterChain.doFilter(ObservationFilterChainDecorator.java:137)
	at org.springframework.security.web.servletapi.SecurityContextHolderAwareRequestFilter.doFilter(SecurityContextHolderAwareRequestFilter.java:179)
	at org.springframework.security.web.ObservationFilterChainDecorator$ObservationFilter.wrapFilter(ObservationFilterChainDecorator.java:240)
	at org.springframework.security.web.ObservationFilterChainDecorator$ObservationFilter.doFilter(ObservationFilterChainDecorator.java:227)
	at org.springframework.security.web.ObservationFilterChainDecorator$VirtualFilterChain.doFilter(ObservationFilterChainDecorator.java:137)
	at org.springframework.security.web.savedrequest.RequestCacheAwareFilter.doFilter(RequestCacheAwareFilter.java:63)
	at org.springframework.security.web.ObservationFilterChainDecorator$ObservationFilter.wrapFilter(ObservationFilterChainDecorator.java:240)
	at org.springframework.security.web.ObservationFilterChainDecorator$ObservationFilter.doFilter(ObservationFilterChainDecorator.java:227)
	at org.springframework.security.web.ObservationFilterChainDecorator$VirtualFilterChain.doFilter(ObservationFilterChainDecorator.java:137)
	at org.springframework.security.web.authentication.ui.DefaultLogoutPageGeneratingFilter.doFilterInternal(DefaultLogoutPageGeneratingFilter.java:58)
	at org.springframework.web.filter.OncePerRequestFilter.doFilter(OncePerRequestFilter.java:116)
	at org.springframework.security.web.ObservationFilterChainDecorator$ObservationFilter.wrapFilter(ObservationFilterChainDecorator.java:240)
	at org.springframework.security.web.ObservationFilterChainDecorator$ObservationFilter.doFilter(ObservationFilterChainDecorator.java:227)
	at org.springframework.security.web.ObservationFilterChainDecorator$VirtualFilterChain.doFilter(ObservationFilterChainDecorator.java:137)
	at org.springframework.security.web.authentication.ui.DefaultLoginPageGeneratingFilter.doFilter(DefaultLoginPageGeneratingFilter.java:220)
	at org.springframework.security.web.authentication.ui.DefaultLoginPageGeneratingFilter.doFilter(DefaultLoginPageGeneratingFilter.java:206)
	at org.springframework.security.web.ObservationFilterChainDecorator$ObservationFilter.wrapFilter(ObservationFilterChainDecorator.java:240)
	at org.springframework.security.web.ObservationFilterChainDecorator$ObservationFilter.doFilter(ObservationFilterChainDecorator.java:227)
	at org.springframework.security.web.ObservationFilterChainDecorator$VirtualFilterChain.doFilter(ObservationFilterChainDecorator.java:137)
	at org.springframework.security.web.authentication.ui.DefaultResourcesFilter.doFilter(DefaultResourcesFilter.java:72)
	at org.springframework.security.web.ObservationFilterChainDecorator$ObservationFilter.wrapFilter(ObservationFilterChainDecorator.java:240)
	at org.springframework.security.web.ObservationFilterChainDecorator$ObservationFilter.doFilter(ObservationFilterChainDecorator.java:227)
	at org.springframework.security.web.ObservationFilterChainDecorator$VirtualFilterChain.doFilter(ObservationFilterChainDecorator.java:137)
	at org.springframework.security.web.authentication.AbstractAuthenticationProcessingFilter.doFilter(AbstractAuthenticationProcessingFilter.java:227)
	at org.springframework.security.web.authentication.AbstractAuthenticationProcessingFilter.doFilter(AbstractAuthenticationProcessingFilter.java:221)
	at org.springframework.security.web.ObservationFilterChainDecorator$ObservationFilter.wrapFilter(ObservationFilterChainDecorator.java:240)
	at org.springframework.security.web.ObservationFilterChainDecorator$ObservationFilter.doFilter(ObservationFilterChainDecorator.java:227)
	at org.springframework.security.web.ObservationFilterChainDecorator$VirtualFilterChain.doFilter(ObservationFilterChainDecorator.java:137)
	at org.springframework.security.web.authentication.logout.LogoutFilter.doFilter(LogoutFilter.java:107)
	at org.springframework.security.web.authentication.logout.LogoutFilter.doFilter(LogoutFilter.java:93)
	at org.springframework.security.web.ObservationFilterChainDecorator$ObservationFilter.wrapFilter(ObservationFilterChainDecorator.java:240)
	at org.springframework.security.web.ObservationFilterChainDecorator$ObservationFilter.doFilter(ObservationFilterChainDecorator.java:227)
	at org.springframework.security.web.ObservationFilterChainDecorator$VirtualFilterChain.doFilter(ObservationFilterChainDecorator.java:137)
	at org.springframework.security.web.csrf.CsrfFilter.doFilterInternal(CsrfFilter.java:117)
	at org.springframework.web.filter.OncePerRequestFilter.doFilter(OncePerRequestFilter.java:116)
	at org.springframework.security.web.ObservationFilterChainDecorator$ObservationFilter.wrapFilter(ObservationFilterChainDecorator.java:240)
	at org.springframework.security.web.ObservationFilterChainDecorator$ObservationFilter.doFilter(ObservationFilterChainDecorator.java:227)
	at org.springframework.security.web.ObservationFilterChainDecorator$VirtualFilterChain.doFilter(ObservationFilterChainDecorator.java:137)
	at org.springframework.security.web.header.HeaderWriterFilter.doHeadersAfter(HeaderWriterFilter.java:90)
	at org.springframework.security.web.header.HeaderWriterFilter.doFilterInternal(HeaderWriterFilter.java:75)
	at org.springframework.web.filter.OncePerRequestFilter.doFilter(OncePerRequestFilter.java:116)
	at org.springframework.security.web.ObservationFilterChainDecorator$ObservationFilter.wrapFilter(ObservationFilterChainDecorator.java:240)
	at org.springframework.security.web.ObservationFilterChainDecorator$ObservationFilter.doFilter(ObservationFilterChainDecorator.java:227)
	at org.springframework.security.web.ObservationFilterChainDecorator$VirtualFilterChain.doFilter(ObservationFilterChainDecorator.java:137)
	at org.springframework.security.web.context.SecurityContextHolderFilter.doFilter(SecurityContextHolderFilter.java:82)
	at org.springframework.security.web.context.SecurityContextHolderFilter.doFilter(SecurityContextHolderFilter.java:69)
	at org.springframework.security.web.ObservationFilterChainDecorator$ObservationFilter.wrapFilter(ObservationFilterChainDecorator.java:240)
	at org.springframework.security.web.ObservationFilterChainDecorator$ObservationFilter.doFilter(ObservationFilterChainDecorator.java:227)
	at org.springframework.security.web.ObservationFilterChainDecorator$VirtualFilterChain.doFilter(ObservationFilterChainDecorator.java:137)
	at org.springframework.security.web.context.request.async.WebAsyncManagerIntegrationFilter.doFilterInternal(WebAsyncManagerIntegrationFilter.java:62)
	at org.springframework.web.filter.OncePerRequestFilter.doFilter(OncePerRequestFilter.java:116)
	at org.springframework.security.web.ObservationFilterChainDecorator$ObservationFilter.wrapFilter(ObservationFilterChainDecorator.java:240)
	at org.springframework.security.web.ObservationFilterChainDecorator$ObservationFilter.doFilter(ObservationFilterChainDecorator.java:227)
	at org.springframework.security.web.ObservationFilterChainDecorator$VirtualFilterChain.doFilter(ObservationFilterChainDecorator.java:137)
	at org.springframework.security.web.session.DisableEncodeUrlFilter.doFilterInternal(DisableEncodeUrlFilter.java:42)
	at org.springframework.web.filter.OncePerRequestFilter.doFilter(OncePerRequestFilter.java:116)
	at org.springframework.security.web.ObservationFilterChainDecorator$ObservationFilter.wrapFilter(ObservationFilterChainDecorator.java:240)
	at org.springframework.security.web.ObservationFilterChainDecorator$AroundFilterObservation$SimpleAroundFilterObservation.lambda$wrap$0(ObservationFilterChainDecorator.java:323)
	at org.springframework.security.web.ObservationFilterChainDecorator$ObservationFilter.doFilter(ObservationFilterChainDecorator.java:224)
	at org.springframework.security.web.ObservationFilterChainDecorator$VirtualFilterChain.doFilter(ObservationFilterChainDecorator.java:137)
	at org.springframework.security.web.FilterChainProxy.doFilterInternal(FilterChainProxy.java:233)
	at org.springframework.security.web.FilterChainProxy.doFilter(FilterChainProxy.java:191)
	at org.springframework.web.filter.CompositeFilter$VirtualFilterChain.doFilter(CompositeFilter.java:113)
	at org.springframework.web.servlet.handler.HandlerMappingIntrospector.lambda$createCacheFilter$3(HandlerMappingIntrospector.java:243)
	at org.springframework.web.filter.CompositeFilter$VirtualFilterChain.doFilter(CompositeFilter.java:113)
	at org.springframework.web.filter.CompositeFilter.doFilter(CompositeFilter.java:74)
	at org.springframework.security.config.annotation.web.configuration.WebMvcSecurityConfiguration$CompositeFilterChainProxy.doFilter(WebMvcSecurityConfiguration.java:238)
	at org.springframework.web.filter.DelegatingFilterProxy.invokeDelegate(DelegatingFilterProxy.java:362)
	at org.springframework.web.filter.DelegatingFilterProxy.doFilter(DelegatingFilterProxy.java:278)
	at org.apache.catalina.core.ApplicationFilterChain.internalDoFilter(ApplicationFilterChain.java:164)
	at org.apache.catalina.core.ApplicationFilterChain.doFilter(ApplicationFilterChain.java:140)
	at org.springframework.web.filter.RequestContextFilter.doFilterInternal(RequestContextFilter.java:100)
	at org.springframework.web.filter.OncePerRequestFilter.doFilter(OncePerRequestFilter.java:116)
	at org.apache.catalina.core.ApplicationFilterChain.internalDoFilter(ApplicationFilterChain.java:164)
	at org.apache.catalina.core.ApplicationFilterChain.doFilter(ApplicationFilterChain.java:140)
	at org.springframework.web.filter.FormContentFilter.doFilterInternal(FormContentFilter.java:93)
	at org.springframework.web.filter.OncePerRequestFilter.doFilter(OncePerRequestFilter.java:116)
	at org.apache.catalina.core.ApplicationFilterChain.internalDoFilter(ApplicationFilterChain.java:164)
	at org.apache.catalina.core.ApplicationFilterChain.doFilter(ApplicationFilterChain.java:140)
	at org.springframework.web.filter.ServerHttpObservationFilter.doFilterInternal(ServerHttpObservationFilter.java:114)
	at org.springframework.web.filter.OncePerRequestFilter.doFilter(OncePerRequestFilter.java:116)
	at org.apache.catalina.core.ApplicationFilterChain.internalDoFilter(ApplicationFilterChain.java:164)
	at org.apache.catalina.core.ApplicationFilterChain.doFilter(ApplicationFilterChain.java:140)
	at org.springframework.web.filter.CharacterEncodingFilter.doFilterInternal(CharacterEncodingFilter.java:201)
	at org.springframework.web.filter.OncePerRequestFilter.doFilter(OncePerRequestFilter.java:116)
	at org.apache.catalina.core.ApplicationFilterChain.internalDoFilter(ApplicationFilterChain.java:164)
	at org.apache.catalina.core.ApplicationFilterChain.doFilter(ApplicationFilterChain.java:140)
	at org.apache.catalina.core.StandardWrapperValve.invoke(StandardWrapperValve.java:167)
	at org.apache.catalina.core.StandardContextValve.invoke(StandardContextValve.java:90)
	at org.apache.catalina.authenticator.AuthenticatorBase.invoke(AuthenticatorBase.java:483)
	at org.apache.catalina.core.StandardHostValve.invoke(StandardHostValve.java:115)
	at org.apache.catalina.valves.ErrorReportValve.invoke(ErrorReportValve.java:93)
	at org.apache.catalina.core.StandardEngineValve.invoke(StandardEngineValve.java:74)
	at org.apache.catalina.connector.CoyoteAdapter.service(CoyoteAdapter.java:344)
	at org.apache.coyote.http11.Http11Processor.service(Http11Processor.java:397)
	at org.apache.coyote.AbstractProcessorLight.process(AbstractProcessorLight.java:63)
	at org.apache.coyote.AbstractProtocol$ConnectionHandler.process(AbstractProtocol.java:905)
	at org.apache.tomcat.util.net.NioEndpoint$SocketProcessor.doRun(NioEndpoint.java:1741)
	at org.apache.tomcat.util.net.SocketProcessorBase.run(SocketProcessorBase.java:52)
	at org.apache.tomcat.util.threads.ThreadPoolExecutor.runWorker(ThreadPoolExecutor.java:1190)
	at org.apache.tomcat.util.threads.ThreadPoolExecutor$Worker.run(ThreadPoolExecutor.java:659)
	at org.apache.tomcat.util.threads.TaskThread$WrappingRunnable.run(TaskThread.java:63)
	at java.base/java.lang.Thread.run(Thread.java:840)
26-09-16 09:20:29.297 [http-nio-8080-exec-3] TRACE o.s.s.w.h.writers.HstsHeaderWriter - Not injecting HSTS header since it did not match request to [Is Secure]
26-09-16 09:20:29.301 [http-nio-8080-exec-3] TRACE o.s.s.w.c.HttpSessionSecurityContextRepository - No HttpSession currently exists
26-09-16 09:20:29.301 [http-nio-8080-exec-3] TRACE o.s.s.w.c.SupplierDeferredSecurityContext - Created SecurityContextImpl [Null authentication]
26-09-16 09:20:29.301 [http-nio-8080-exec-3] TRACE o.s.s.w.c.SupplierDeferredSecurityContext - Created SecurityContextImpl [Null authentication]
26-09-16 09:20:29.301 [http-nio-8080-exec-3] TRACE o.s.s.w.a.AnonymousAuthenticationFilter - Set SecurityContextHolder to AnonymousAuthenticationToken [Principal=anonymousUser, Credentials=[PROTECTED], Authenticated=true, Details=WebAuthenticationDetails [RemoteIpAddress=0:0:0:0:0:0:0:1, SessionId=null], Granted Authorities=[ROLE_ANONYMOUS]]
26-09-16 09:21:07.846 [http-nio-8080-exec-4] TRACE o.s.security.web.FilterChainProxy - Trying to match request against DefaultSecurityFilterChain defined as 'filterChain' in [class path resource [com/sprint/mission/discodeit/config/SecurityConfig.class]] matching [any request] and having filters [DisableEncodeUrl, WebAsyncManagerIntegration, SecurityContextHolder, HeaderWriter, Csrf, Logout, UsernamePasswordAuthentication, DefaultResources, DefaultLoginPageGenerating, DefaultLogoutPageGenerating, RequestCacheAware, SecurityContextHolderAwareRequest, AnonymousAuthentication, ExceptionTranslation] (1/1)
26-09-16 09:21:07.847 [http-nio-8080-exec-4] DEBUG o.s.security.web.FilterChainProxy - Securing POST /api/users
26-09-16 09:21:07.847 [http-nio-8080-exec-4] TRACE o.s.security.web.FilterChainProxy - Invoking DisableEncodeUrlFilter (1/14)
26-09-16 09:21:07.847 [http-nio-8080-exec-4] TRACE o.s.security.web.FilterChainProxy - Invoking WebAsyncManagerIntegrationFilter (2/14)
26-09-16 09:21:07.849 [http-nio-8080-exec-4] TRACE o.s.security.web.FilterChainProxy - Invoking SecurityContextHolderFilter (3/14)
26-09-16 09:21:07.852 [http-nio-8080-exec-4] TRACE o.s.security.web.FilterChainProxy - Invoking HeaderWriterFilter (4/14)
26-09-16 09:21:07.853 [http-nio-8080-exec-4] TRACE o.s.security.web.FilterChainProxy - Invoking CsrfFilter (5/14)
26-09-16 09:21:07.865 [http-nio-8080-exec-4] TRACE o.s.security.web.FilterChainProxy - Invoking LogoutFilter (6/14)
26-09-16 09:21:07.897 [http-nio-8080-exec-4] TRACE o.s.s.w.a.logout.LogoutFilter - Did not match request to Ant [pattern='/api/auth/logout', POST]
26-09-16 09:21:07.898 [http-nio-8080-exec-4] TRACE o.s.security.web.FilterChainProxy - Invoking UsernamePasswordAuthenticationFilter (7/14)
26-09-16 09:21:07.899 [http-nio-8080-exec-4] TRACE o.s.s.w.a.UsernamePasswordAuthenticationFilter - Did not match request to Ant [pattern='/api/auth/login', POST]
26-09-16 09:21:07.900 [http-nio-8080-exec-4] TRACE o.s.security.web.FilterChainProxy - Invoking DefaultResourcesFilter (8/14)
26-09-16 09:21:07.900 [http-nio-8080-exec-4] TRACE o.s.security.web.FilterChainProxy - Invoking DefaultLoginPageGeneratingFilter (9/14)
26-09-16 09:21:07.901 [http-nio-8080-exec-4] TRACE o.s.security.web.FilterChainProxy - Invoking DefaultLogoutPageGeneratingFilter (10/14)
26-09-16 09:21:07.901 [http-nio-8080-exec-4] TRACE o.s.s.w.a.u.DefaultLogoutPageGeneratingFilter - Did not render default logout page since request did not match [Ant [pattern='/logout', GET]]
26-09-16 09:21:07.901 [http-nio-8080-exec-4] TRACE o.s.security.web.FilterChainProxy - Invoking RequestCacheAwareFilter (11/14)
26-09-16 09:21:07.901 [http-nio-8080-exec-4] TRACE o.s.s.w.s.HttpSessionRequestCache - matchingRequestParameterName is required for getMatchingRequest to lookup a value, but not provided
26-09-16 09:21:07.901 [http-nio-8080-exec-4] TRACE o.s.security.web.FilterChainProxy - Invoking SecurityContextHolderAwareRequestFilter (12/14)
26-09-16 09:21:07.902 [http-nio-8080-exec-4] TRACE o.s.security.web.FilterChainProxy - Invoking AnonymousAuthenticationFilter (13/14)
26-09-16 09:21:07.903 [http-nio-8080-exec-4] TRACE o.s.security.web.FilterChainProxy - Invoking ExceptionTranslationFilter (14/14)
26-09-16 09:21:07.920 [http-nio-8080-exec-4] DEBUG o.s.security.web.FilterChainProxy - Secured POST /api/users
26-09-16 09:21:08.667 [http-nio-8080-exec-4] INFO  c.s.m.d.s.basic.BasicUserService - 유저 생성 요청 - username: testuser, email: test@example.com
26-09-16 09:21:09.188 [http-nio-8080-exec-4] WARN  c.s.m.d.e.GlobalExceptionHandler - [예외 발생] type=DuplicateUsernameException, code=DUPLICATE_USERNAME, message=이미 사용중인 username입니다., details={username=testuser}
26-09-16 09:21:09.190 [http-nio-8080-exec-4] TRACE o.s.s.w.h.writers.HstsHeaderWriter - Not injecting HSTS header since it did not match request to [Is Secure]
26-09-16 09:21:09.191 [http-nio-8080-exec-4] TRACE o.s.s.w.c.HttpSessionSecurityContextRepository - No HttpSession currently exists
26-09-16 09:21:09.191 [http-nio-8080-exec-4] TRACE o.s.s.w.c.SupplierDeferredSecurityContext - Created SecurityContextImpl [Null authentication]
26-09-16 09:21:09.191 [http-nio-8080-exec-4] TRACE o.s.s.w.c.SupplierDeferredSecurityContext - Created SecurityContextImpl [Null authentication]
26-09-16 09:21:09.191 [http-nio-8080-exec-4] TRACE o.s.s.w.a.AnonymousAuthenticationFilter - Set SecurityContextHolder to AnonymousAuthenticationToken [Principal=anonymousUser, Credentials=[PROTECTED], Authenticated=true, Details=WebAuthenticationDetails [RemoteIpAddress=0:0:0:0:0:0:0:1, SessionId=null], Granted Authorities=[ROLE_ANONYMOUS]]
26-09-16 09:21:23.374 [http-nio-8080-exec-5] TRACE o.s.security.web.FilterChainProxy - Trying to match request against DefaultSecurityFilterChain defined as 'filterChain' in [class path resource [com/sprint/mission/discodeit/config/SecurityConfig.class]] matching [any request] and having filters [DisableEncodeUrl, WebAsyncManagerIntegration, SecurityContextHolder, HeaderWriter, Csrf, Logout, UsernamePasswordAuthentication, DefaultResources, DefaultLoginPageGenerating, DefaultLogoutPageGenerating, RequestCacheAware, SecurityContextHolderAwareRequest, AnonymousAuthentication, ExceptionTranslation] (1/1)
26-09-16 09:21:23.375 [http-nio-8080-exec-5] DEBUG o.s.security.web.FilterChainProxy - Securing GET /api/auth/login
26-09-16 09:21:23.376 [http-nio-8080-exec-5] TRACE o.s.security.web.FilterChainProxy - Invoking DisableEncodeUrlFilter (1/14)
26-09-16 09:21:23.377 [http-nio-8080-exec-5] TRACE o.s.security.web.FilterChainProxy - Invoking WebAsyncManagerIntegrationFilter (2/14)
26-09-16 09:21:23.377 [http-nio-8080-exec-5] TRACE o.s.security.web.FilterChainProxy - Invoking SecurityContextHolderFilter (3/14)
26-09-16 09:21:23.377 [http-nio-8080-exec-5] TRACE o.s.security.web.FilterChainProxy - Invoking HeaderWriterFilter (4/14)
26-09-16 09:21:23.377 [http-nio-8080-exec-5] TRACE o.s.security.web.FilterChainProxy - Invoking CsrfFilter (5/14)
26-09-16 09:21:23.378 [http-nio-8080-exec-5] TRACE o.s.security.web.csrf.CsrfFilter - Did not protect against CSRF since request did not match CsrfNotRequired [TRACE, HEAD, GET, OPTIONS]
26-09-16 09:21:23.378 [http-nio-8080-exec-5] TRACE o.s.security.web.FilterChainProxy - Invoking LogoutFilter (6/14)
26-09-16 09:21:23.379 [http-nio-8080-exec-5] TRACE o.s.s.w.a.logout.LogoutFilter - Did not match request to Ant [pattern='/api/auth/logout', POST]
26-09-16 09:21:23.379 [http-nio-8080-exec-5] TRACE o.s.security.web.FilterChainProxy - Invoking UsernamePasswordAuthenticationFilter (7/14)
26-09-16 09:21:23.379 [http-nio-8080-exec-5] TRACE o.s.s.w.a.UsernamePasswordAuthenticationFilter - Did not match request to Ant [pattern='/api/auth/login', POST]
26-09-16 09:21:23.380 [http-nio-8080-exec-5] TRACE o.s.security.web.FilterChainProxy - Invoking DefaultResourcesFilter (8/14)
26-09-16 09:21:23.380 [http-nio-8080-exec-5] TRACE o.s.security.web.FilterChainProxy - Invoking DefaultLoginPageGeneratingFilter (9/14)
26-09-16 09:21:23.380 [http-nio-8080-exec-5] TRACE o.s.security.web.FilterChainProxy - Invoking DefaultLogoutPageGeneratingFilter (10/14)
26-09-16 09:21:23.380 [http-nio-8080-exec-5] TRACE o.s.s.w.a.u.DefaultLogoutPageGeneratingFilter - Did not render default logout page since request did not match [Ant [pattern='/logout', GET]]
26-09-16 09:21:23.381 [http-nio-8080-exec-5] TRACE o.s.security.web.FilterChainProxy - Invoking RequestCacheAwareFilter (11/14)
26-09-16 09:21:23.381 [http-nio-8080-exec-5] TRACE o.s.s.w.s.HttpSessionRequestCache - matchingRequestParameterName is required for getMatchingRequest to lookup a value, but not provided
26-09-16 09:21:23.381 [http-nio-8080-exec-5] TRACE o.s.security.web.FilterChainProxy - Invoking SecurityContextHolderAwareRequestFilter (12/14)
26-09-16 09:21:23.381 [http-nio-8080-exec-5] TRACE o.s.security.web.FilterChainProxy - Invoking AnonymousAuthenticationFilter (13/14)
26-09-16 09:21:23.381 [http-nio-8080-exec-5] TRACE o.s.security.web.FilterChainProxy - Invoking ExceptionTranslationFilter (14/14)
26-09-16 09:21:23.382 [http-nio-8080-exec-5] DEBUG o.s.security.web.FilterChainProxy - Secured GET /api/auth/login
26-09-16 09:21:23.393 [http-nio-8080-exec-5] ERROR c.s.m.d.e.GlobalExceptionHandler - [예상치 못한 예외 발생] type=NoResourceFoundException, message=No static resource api/auth/login.
org.springframework.web.servlet.resource.NoResourceFoundException: No static resource api/auth/login.
	at org.springframework.web.servlet.resource.ResourceHttpRequestHandler.handleRequest(ResourceHttpRequestHandler.java:585)
	at org.springframework.web.servlet.mvc.HttpRequestHandlerAdapter.handle(HttpRequestHandlerAdapter.java:52)
	at org.springframework.web.servlet.DispatcherServlet.doDispatch(DispatcherServlet.java:1088)
	at org.springframework.web.servlet.DispatcherServlet.doService(DispatcherServlet.java:978)
	at org.springframework.web.servlet.FrameworkServlet.processRequest(FrameworkServlet.java:1014)
	at org.springframework.web.servlet.FrameworkServlet.doGet(FrameworkServlet.java:903)
	at jakarta.servlet.http.HttpServlet.service(HttpServlet.java:564)
	at org.springframework.web.servlet.FrameworkServlet.service(FrameworkServlet.java:885)
	at jakarta.servlet.http.HttpServlet.service(HttpServlet.java:658)
	at org.apache.catalina.core.ApplicationFilterChain.internalDoFilter(ApplicationFilterChain.java:195)
	at org.apache.catalina.core.ApplicationFilterChain.doFilter(ApplicationFilterChain.java:140)
	at org.apache.tomcat.websocket.server.WsFilter.doFilter(WsFilter.java:51)
	at org.apache.catalina.core.ApplicationFilterChain.internalDoFilter(ApplicationFilterChain.java:164)
	at org.apache.catalina.core.ApplicationFilterChain.doFilter(ApplicationFilterChain.java:140)
	at org.springframework.web.filter.CompositeFilter$VirtualFilterChain.doFilter(CompositeFilter.java:108)
	at org.springframework.security.web.FilterChainProxy.lambda$doFilterInternal$3(FilterChainProxy.java:231)
	at org.springframework.security.web.ObservationFilterChainDecorator$FilterObservation$SimpleFilterObservation.lambda$wrap$1(ObservationFilterChainDecorator.java:479)
	at org.springframework.security.web.ObservationFilterChainDecorator$AroundFilterObservation$SimpleAroundFilterObservation.lambda$wrap$1(ObservationFilterChainDecorator.java:340)
	at org.springframework.security.web.ObservationFilterChainDecorator.lambda$wrapSecured$0(ObservationFilterChainDecorator.java:82)
	at org.springframework.security.web.ObservationFilterChainDecorator$VirtualFilterChain.doFilter(ObservationFilterChainDecorator.java:128)
	at org.springframework.security.web.access.ExceptionTranslationFilter.doFilter(ExceptionTranslationFilter.java:126)
	at org.springframework.security.web.access.ExceptionTranslationFilter.doFilter(ExceptionTranslationFilter.java:120)
	at org.springframework.security.web.ObservationFilterChainDecorator$ObservationFilter.wrapFilter(ObservationFilterChainDecorator.java:240)
	at org.springframework.security.web.ObservationFilterChainDecorator$ObservationFilter.doFilter(ObservationFilterChainDecorator.java:227)
	at org.springframework.security.web.ObservationFilterChainDecorator$VirtualFilterChain.doFilter(ObservationFilterChainDecorator.java:137)
	at org.springframework.security.web.authentication.AnonymousAuthenticationFilter.doFilter(AnonymousAuthenticationFilter.java:100)
	at org.springframework.security.web.ObservationFilterChainDecorator$ObservationFilter.wrapFilter(ObservationFilterChainDecorator.java:240)
	at org.springframework.security.web.ObservationFilterChainDecorator$ObservationFilter.doFilter(ObservationFilterChainDecorator.java:227)
	at org.springframework.security.web.ObservationFilterChainDecorator$VirtualFilterChain.doFilter(ObservationFilterChainDecorator.java:137)
	at org.springframework.security.web.servletapi.SecurityContextHolderAwareRequestFilter.doFilter(SecurityContextHolderAwareRequestFilter.java:179)
	at org.springframework.security.web.ObservationFilterChainDecorator$ObservationFilter.wrapFilter(ObservationFilterChainDecorator.java:240)
	at org.springframework.security.web.ObservationFilterChainDecorator$ObservationFilter.doFilter(ObservationFilterChainDecorator.java:227)
	at org.springframework.security.web.ObservationFilterChainDecorator$VirtualFilterChain.doFilter(ObservationFilterChainDecorator.java:137)
	at org.springframework.security.web.savedrequest.RequestCacheAwareFilter.doFilter(RequestCacheAwareFilter.java:63)
	at org.springframework.security.web.ObservationFilterChainDecorator$ObservationFilter.wrapFilter(ObservationFilterChainDecorator.java:240)
	at org.springframework.security.web.ObservationFilterChainDecorator$ObservationFilter.doFilter(ObservationFilterChainDecorator.java:227)
	at org.springframework.security.web.ObservationFilterChainDecorator$VirtualFilterChain.doFilter(ObservationFilterChainDecorator.java:137)
	at org.springframework.security.web.authentication.ui.DefaultLogoutPageGeneratingFilter.doFilterInternal(DefaultLogoutPageGeneratingFilter.java:58)
	at org.springframework.web.filter.OncePerRequestFilter.doFilter(OncePerRequestFilter.java:116)
	at org.springframework.security.web.ObservationFilterChainDecorator$ObservationFilter.wrapFilter(ObservationFilterChainDecorator.java:240)
	at org.springframework.security.web.ObservationFilterChainDecorator$ObservationFilter.doFilter(ObservationFilterChainDecorator.java:227)
	at org.springframework.security.web.ObservationFilterChainDecorator$VirtualFilterChain.doFilter(ObservationFilterChainDecorator.java:137)
	at org.springframework.security.web.authentication.ui.DefaultLoginPageGeneratingFilter.doFilter(DefaultLoginPageGeneratingFilter.java:220)
	at org.springframework.security.web.authentication.ui.DefaultLoginPageGeneratingFilter.doFilter(DefaultLoginPageGeneratingFilter.java:206)
	at org.springframework.security.web.ObservationFilterChainDecorator$ObservationFilter.wrapFilter(ObservationFilterChainDecorator.java:240)
	at org.springframework.security.web.ObservationFilterChainDecorator$ObservationFilter.doFilter(ObservationFilterChainDecorator.java:227)
	at org.springframework.security.web.ObservationFilterChainDecorator$VirtualFilterChain.doFilter(ObservationFilterChainDecorator.java:137)
	at org.springframework.security.web.authentication.ui.DefaultResourcesFilter.doFilter(DefaultResourcesFilter.java:72)
	at org.springframework.security.web.ObservationFilterChainDecorator$ObservationFilter.wrapFilter(ObservationFilterChainDecorator.java:240)
	at org.springframework.security.web.ObservationFilterChainDecorator$ObservationFilter.doFilter(ObservationFilterChainDecorator.java:227)
	at org.springframework.security.web.ObservationFilterChainDecorator$VirtualFilterChain.doFilter(ObservationFilterChainDecorator.java:137)
	at org.springframework.security.web.authentication.AbstractAuthenticationProcessingFilter.doFilter(AbstractAuthenticationProcessingFilter.java:227)
	at org.springframework.security.web.authentication.AbstractAuthenticationProcessingFilter.doFilter(AbstractAuthenticationProcessingFilter.java:221)
	at org.springframework.security.web.ObservationFilterChainDecorator$ObservationFilter.wrapFilter(ObservationFilterChainDecorator.java:240)
	at org.springframework.security.web.ObservationFilterChainDecorator$ObservationFilter.doFilter(ObservationFilterChainDecorator.java:227)
	at org.springframework.security.web.ObservationFilterChainDecorator$VirtualFilterChain.doFilter(ObservationFilterChainDecorator.java:137)
	at org.springframework.security.web.authentication.logout.LogoutFilter.doFilter(LogoutFilter.java:107)
	at org.springframework.security.web.authentication.logout.LogoutFilter.doFilter(LogoutFilter.java:93)
	at org.springframework.security.web.ObservationFilterChainDecorator$ObservationFilter.wrapFilter(ObservationFilterChainDecorator.java:240)
	at org.springframework.security.web.ObservationFilterChainDecorator$ObservationFilter.doFilter(ObservationFilterChainDecorator.java:227)
	at org.springframework.security.web.ObservationFilterChainDecorator$VirtualFilterChain.doFilter(ObservationFilterChainDecorator.java:137)
	at org.springframework.security.web.csrf.CsrfFilter.doFilterInternal(CsrfFilter.java:117)
	at org.springframework.web.filter.OncePerRequestFilter.doFilter(OncePerRequestFilter.java:116)
	at org.springframework.security.web.ObservationFilterChainDecorator$ObservationFilter.wrapFilter(ObservationFilterChainDecorator.java:240)
	at org.springframework.security.web.ObservationFilterChainDecorator$ObservationFilter.doFilter(ObservationFilterChainDecorator.java:227)
	at org.springframework.security.web.ObservationFilterChainDecorator$VirtualFilterChain.doFilter(ObservationFilterChainDecorator.java:137)
	at org.springframework.security.web.header.HeaderWriterFilter.doHeadersAfter(HeaderWriterFilter.java:90)
	at org.springframework.security.web.header.HeaderWriterFilter.doFilterInternal(HeaderWriterFilter.java:75)
	at org.springframework.web.filter.OncePerRequestFilter.doFilter(OncePerRequestFilter.java:116)
	at org.springframework.security.web.ObservationFilterChainDecorator$ObservationFilter.wrapFilter(ObservationFilterChainDecorator.java:240)
	at org.springframework.security.web.ObservationFilterChainDecorator$ObservationFilter.doFilter(ObservationFilterChainDecorator.java:227)
	at org.springframework.security.web.ObservationFilterChainDecorator$VirtualFilterChain.doFilter(ObservationFilterChainDecorator.java:137)
	at org.springframework.security.web.context.SecurityContextHolderFilter.doFilter(SecurityContextHolderFilter.java:82)
	at org.springframework.security.web.context.SecurityContextHolderFilter.doFilter(SecurityContextHolderFilter.java:69)
	at org.springframework.security.web.ObservationFilterChainDecorator$ObservationFilter.wrapFilter(ObservationFilterChainDecorator.java:240)
	at org.springframework.security.web.ObservationFilterChainDecorator$ObservationFilter.doFilter(ObservationFilterChainDecorator.java:227)
	at org.springframework.security.web.ObservationFilterChainDecorator$VirtualFilterChain.doFilter(ObservationFilterChainDecorator.java:137)
	at org.springframework.security.web.context.request.async.WebAsyncManagerIntegrationFilter.doFilterInternal(WebAsyncManagerIntegrationFilter.java:62)
	at org.springframework.web.filter.OncePerRequestFilter.doFilter(OncePerRequestFilter.java:116)
	at org.springframework.security.web.ObservationFilterChainDecorator$ObservationFilter.wrapFilter(ObservationFilterChainDecorator.java:240)
	at org.springframework.security.web.ObservationFilterChainDecorator$ObservationFilter.doFilter(ObservationFilterChainDecorator.java:227)
	at org.springframework.security.web.ObservationFilterChainDecorator$VirtualFilterChain.doFilter(ObservationFilterChainDecorator.java:137)
	at org.springframework.security.web.session.DisableEncodeUrlFilter.doFilterInternal(DisableEncodeUrlFilter.java:42)
	at org.springframework.web.filter.OncePerRequestFilter.doFilter(OncePerRequestFilter.java:116)
	at org.springframework.security.web.ObservationFilterChainDecorator$ObservationFilter.wrapFilter(ObservationFilterChainDecorator.java:240)
	at org.springframework.security.web.ObservationFilterChainDecorator$AroundFilterObservation$SimpleAroundFilterObservation.lambda$wrap$0(ObservationFilterChainDecorator.java:323)
	at org.springframework.security.web.ObservationFilterChainDecorator$ObservationFilter.doFilter(ObservationFilterChainDecorator.java:224)
	at org.springframework.security.web.ObservationFilterChainDecorator$VirtualFilterChain.doFilter(ObservationFilterChainDecorator.java:137)
	at org.springframework.security.web.FilterChainProxy.doFilterInternal(FilterChainProxy.java:233)
	at org.springframework.security.web.FilterChainProxy.doFilter(FilterChainProxy.java:191)
	at org.springframework.web.filter.CompositeFilter$VirtualFilterChain.doFilter(CompositeFilter.java:113)
	at org.springframework.web.servlet.handler.HandlerMappingIntrospector.lambda$createCacheFilter$3(HandlerMappingIntrospector.java:243)
	at org.springframework.web.filter.CompositeFilter$VirtualFilterChain.doFilter(CompositeFilter.java:113)
	at org.springframework.web.filter.CompositeFilter.doFilter(CompositeFilter.java:74)
	at org.springframework.security.config.annotation.web.configuration.WebMvcSecurityConfiguration$CompositeFilterChainProxy.doFilter(WebMvcSecurityConfiguration.java:238)
	at org.springframework.web.filter.DelegatingFilterProxy.invokeDelegate(DelegatingFilterProxy.java:362)
	at org.springframework.web.filter.DelegatingFilterProxy.doFilter(DelegatingFilterProxy.java:278)
	at org.apache.catalina.core.ApplicationFilterChain.internalDoFilter(ApplicationFilterChain.java:164)
	at org.apache.catalina.core.ApplicationFilterChain.doFilter(ApplicationFilterChain.java:140)
	at org.springframework.web.filter.RequestContextFilter.doFilterInternal(RequestContextFilter.java:100)
	at org.springframework.web.filter.OncePerRequestFilter.doFilter(OncePerRequestFilter.java:116)
	at org.apache.catalina.core.ApplicationFilterChain.internalDoFilter(ApplicationFilterChain.java:164)
	at org.apache.catalina.core.ApplicationFilterChain.doFilter(ApplicationFilterChain.java:140)
	at org.springframework.web.filter.FormContentFilter.doFilterInternal(FormContentFilter.java:93)
	at org.springframework.web.filter.OncePerRequestFilter.doFilter(OncePerRequestFilter.java:116)
	at org.apache.catalina.core.ApplicationFilterChain.internalDoFilter(ApplicationFilterChain.java:164)
	at org.apache.catalina.core.ApplicationFilterChain.doFilter(ApplicationFilterChain.java:140)
	at org.springframework.web.filter.ServerHttpObservationFilter.doFilterInternal(ServerHttpObservationFilter.java:114)
	at org.springframework.web.filter.OncePerRequestFilter.doFilter(OncePerRequestFilter.java:116)
	at org.apache.catalina.core.ApplicationFilterChain.internalDoFilter(ApplicationFilterChain.java:164)
	at org.apache.catalina.core.ApplicationFilterChain.doFilter(ApplicationFilterChain.java:140)
	at org.springframework.web.filter.CharacterEncodingFilter.doFilterInternal(CharacterEncodingFilter.java:201)
	at org.springframework.web.filter.OncePerRequestFilter.doFilter(OncePerRequestFilter.java:116)
	at org.apache.catalina.core.ApplicationFilterChain.internalDoFilter(ApplicationFilterChain.java:164)
	at org.apache.catalina.core.ApplicationFilterChain.doFilter(ApplicationFilterChain.java:140)
	at org.apache.catalina.core.StandardWrapperValve.invoke(StandardWrapperValve.java:167)
	at org.apache.catalina.core.StandardContextValve.invoke(StandardContextValve.java:90)
	at org.apache.catalina.authenticator.AuthenticatorBase.invoke(AuthenticatorBase.java:483)
	at org.apache.catalina.core.StandardHostValve.invoke(StandardHostValve.java:115)
	at org.apache.catalina.valves.ErrorReportValve.invoke(ErrorReportValve.java:93)
	at org.apache.catalina.core.StandardEngineValve.invoke(StandardEngineValve.java:74)
	at org.apache.catalina.connector.CoyoteAdapter.service(CoyoteAdapter.java:344)
	at org.apache.coyote.http11.Http11Processor.service(Http11Processor.java:397)
	at org.apache.coyote.AbstractProcessorLight.process(AbstractProcessorLight.java:63)
	at org.apache.coyote.AbstractProtocol$ConnectionHandler.process(AbstractProtocol.java:905)
	at org.apache.tomcat.util.net.NioEndpoint$SocketProcessor.doRun(NioEndpoint.java:1741)
	at org.apache.tomcat.util.net.SocketProcessorBase.run(SocketProcessorBase.java:52)
	at org.apache.tomcat.util.threads.ThreadPoolExecutor.runWorker(ThreadPoolExecutor.java:1190)
	at org.apache.tomcat.util.threads.ThreadPoolExecutor$Worker.run(ThreadPoolExecutor.java:659)
	at org.apache.tomcat.util.threads.TaskThread$WrappingRunnable.run(TaskThread.java:63)
	at java.base/java.lang.Thread.run(Thread.java:840)
26-09-16 09:21:23.400 [http-nio-8080-exec-5] TRACE o.s.s.w.h.writers.HstsHeaderWriter - Not injecting HSTS header since it did not match request to [Is Secure]
26-09-16 09:21:23.401 [http-nio-8080-exec-5] TRACE o.s.s.w.c.HttpSessionSecurityContextRepository - No HttpSession currently exists
26-09-16 09:21:23.401 [http-nio-8080-exec-5] TRACE o.s.s.w.c.SupplierDeferredSecurityContext - Created SecurityContextImpl [Null authentication]
26-09-16 09:21:23.401 [http-nio-8080-exec-5] TRACE o.s.s.w.c.SupplierDeferredSecurityContext - Created SecurityContextImpl [Null authentication]
26-09-16 09:21:23.401 [http-nio-8080-exec-5] TRACE o.s.s.w.a.AnonymousAuthenticationFilter - Set SecurityContextHolder to AnonymousAuthenticationToken [Principal=anonymousUser, Credentials=[PROTECTED], Authenticated=true, Details=WebAuthenticationDetails [RemoteIpAddress=0:0:0:0:0:0:0:1, SessionId=null], Granted Authorities=[ROLE_ANONYMOUS]]
26-09-16 09:22:12.018 [SpringApplicationShutdownHook] INFO  o.s.b.w.e.tomcat.GracefulShutdown - Commencing graceful shutdown. Waiting for active requests to complete
26-09-16 09:22:12.102 [tomcat-shutdown] INFO  o.s.b.w.e.tomcat.GracefulShutdown - Graceful shutdown complete
26-09-16 09:22:12.215 [SpringApplicationShutdownHook] INFO  o.s.o.j.LocalContainerEntityManagerFactoryBean - Closing JPA EntityManagerFactory for persistence unit 'default'
26-09-16 09:22:12.243 [SpringApplicationShutdownHook] INFO  com.zaxxer.hikari.HikariDataSource - HikariPool-1 - Shutdown initiated...
26-09-16 09:22:12.284 [SpringApplicationShutdownHook] INFO  com.zaxxer.hikari.HikariDataSource - HikariPool-1 - Shutdown completed.
26-09-16 09:22:19.347 [background-preinit] INFO  o.h.validator.internal.util.Version - HV000001: Hibernate Validator 8.0.1.Final
26-09-16 09:22:19.415 [main] INFO  c.s.m.discodeit.DiscodeitApplication - Starting DiscodeitApplication using Java 17.0.19 with PID 99016 (/Users/jangjunseo/Desktop/codei_13th_develop/13-sprint-mission/build/classes/java/main started by jangjunseo in /Users/jangjunseo/Desktop/codei_13th_develop/13-sprint-mission)
26-09-16 09:22:19.417 [main] INFO  c.s.m.discodeit.DiscodeitApplication - The following 1 profile is active: "dev"
26-09-16 09:22:20.514 [main] INFO  o.s.d.r.c.RepositoryConfigurationDelegate - Bootstrapping Spring Data JPA repositories in DEFAULT mode.
26-09-16 09:22:20.583 [main] INFO  o.s.d.r.c.RepositoryConfigurationDelegate - Finished Spring Data repository scanning in 54 ms. Found 6 JPA repository interfaces.
26-09-16 09:22:21.233 [main] INFO  o.s.b.w.e.tomcat.TomcatWebServer - Tomcat initialized with port 8080 (http)
26-09-16 09:22:21.246 [main] INFO  o.a.coyote.http11.Http11NioProtocol - Initializing ProtocolHandler ["http-nio-8080"]
26-09-16 09:22:21.247 [main] INFO  o.a.catalina.core.StandardService - Starting service [Tomcat]
26-09-16 09:22:21.247 [main] INFO  o.a.catalina.core.StandardEngine - Starting Servlet engine: [Apache Tomcat/10.1.33]
26-09-16 09:22:21.323 [main] INFO  o.a.c.c.C.[Tomcat].[localhost].[/] - Initializing Spring embedded WebApplicationContext
26-09-16 09:22:21.323 [main] INFO  o.s.b.w.s.c.ServletWebServerApplicationContext - Root WebApplicationContext: initialization completed in 1854 ms
26-09-16 09:22:21.538 [main] INFO  com.zaxxer.hikari.HikariDataSource - HikariPool-1 - Starting...
26-09-16 09:22:21.787 [main] INFO  com.zaxxer.hikari.pool.HikariPool - HikariPool-1 - Added connection org.postgresql.jdbc.PgConnection@2c0dca15
26-09-16 09:22:21.789 [main] INFO  com.zaxxer.hikari.HikariDataSource - HikariPool-1 - Start completed.
26-09-16 09:22:22.004 [main] INFO  o.h.jpa.internal.util.LogHelper - HHH000204: Processing PersistenceUnitInfo [name: default]
26-09-16 09:22:22.189 [main] INFO  org.hibernate.Version - HHH000412: Hibernate ORM core version 6.6.2.Final
26-09-16 09:22:22.271 [main] INFO  o.h.c.i.RegionFactoryInitiator - HHH000026: Second-level cache disabled
26-09-16 09:22:22.847 [main] INFO  o.s.o.j.p.SpringPersistenceUnitInfo - No LoadTimeWeaver setup: ignoring JPA class transformer
26-09-16 09:22:23.123 [main] INFO  o.hibernate.orm.connections.pooling - HHH10001005: Database info:
	Database JDBC URL [Connecting through datasource 'HikariDataSource (HikariPool-1)']
	Database driver: undefined/unknown
	Database version: 17.10
	Autocommit mode: undefined/unknown
	Isolation level: undefined/unknown
	Minimum pool size: undefined/unknown
	Maximum pool size: undefined/unknown
26-09-16 09:22:24.674 [main] INFO  o.h.e.t.j.p.i.JtaPlatformInitiator - HHH000489: No JTA platform available (set 'hibernate.transaction.jta.platform' to enable JTA platform integration)
26-09-16 09:22:24.867 [main] INFO  o.s.o.j.LocalContainerEntityManagerFactoryBean - Initialized JPA EntityManagerFactory for persistence unit 'default'
26-09-16 09:22:25.754 [main] TRACE o.s.s.c.a.a.c.AuthenticationConfiguration$EnableGlobalAuthenticationAutowiredConfigurer - Eagerly initializing {securityConfig=com.sprint.mission.discodeit.config.SecurityConfig$$SpringCGLIB$$0@52984065}
26-09-16 09:22:25.761 [main] INFO  o.s.s.c.a.a.c.InitializeUserDetailsBeanManagerConfigurer$InitializeUserDetailsManagerConfigurer - Global AuthenticationManager configured with UserDetailsService bean with name discodeitUserDetailsService
26-09-16 09:22:25.879 [main] INFO  o.s.b.a.w.s.WelcomePageHandlerMapping - Adding welcome page: class path resource [static/index.html]
26-09-16 09:22:26.334 [main] INFO  o.s.b.a.e.web.EndpointLinksResolver - Exposing 4 endpoints beneath base path '/actuator'
26-09-16 09:22:26.414 [main] DEBUG o.s.s.web.DefaultSecurityFilterChain - Will secure any request with filters: DisableEncodeUrlFilter, WebAsyncManagerIntegrationFilter, SecurityContextHolderFilter, HeaderWriterFilter, CsrfFilter, LogoutFilter, UsernamePasswordAuthenticationFilter, DefaultResourcesFilter, DefaultLoginPageGeneratingFilter, DefaultLogoutPageGeneratingFilter, RequestCacheAwareFilter, SecurityContextHolderAwareRequestFilter, AnonymousAuthenticationFilter, ExceptionTranslationFilter
26-09-16 09:22:27.003 [main] INFO  o.a.coyote.http11.Http11NioProtocol - Starting ProtocolHandler ["http-nio-8080"]
26-09-16 09:22:27.024 [main] INFO  o.s.b.w.e.tomcat.TomcatWebServer - Tomcat started on port 8080 (http) with context path '/'
26-09-16 09:22:27.042 [main] INFO  c.s.m.discodeit.DiscodeitApplication - Started DiscodeitApplication in 8.195 seconds (process running for 9.391)
26-09-16 09:22:27.551 [RMI TCP Connection(4)-127.0.0.1] INFO  o.a.c.c.C.[Tomcat].[localhost].[/] - Initializing Spring DispatcherServlet 'dispatcherServlet'
26-09-16 09:22:27.551 [RMI TCP Connection(4)-127.0.0.1] INFO  o.s.web.servlet.DispatcherServlet - Initializing Servlet 'dispatcherServlet'
26-09-16 09:22:27.556 [RMI TCP Connection(4)-127.0.0.1] INFO  o.s.web.servlet.DispatcherServlet - Completed initialization in 4 ms
26-09-16 09:23:33.912 [http-nio-8080-exec-1] TRACE o.s.security.web.FilterChainProxy - Trying to match request against DefaultSecurityFilterChain defined as 'filterChain' in [class path resource [com/sprint/mission/discodeit/config/SecurityConfig.class]] matching [any request] and having filters [DisableEncodeUrl, WebAsyncManagerIntegration, SecurityContextHolder, HeaderWriter, Csrf, Logout, UsernamePasswordAuthentication, DefaultResources, DefaultLoginPageGenerating, DefaultLogoutPageGenerating, RequestCacheAware, SecurityContextHolderAwareRequest, AnonymousAuthentication, ExceptionTranslation] (1/1)
26-09-16 09:23:33.923 [http-nio-8080-exec-1] DEBUG o.s.security.web.FilterChainProxy - Securing GET /api/auth/login
26-09-16 09:23:33.932 [http-nio-8080-exec-1] TRACE o.s.security.web.FilterChainProxy - Invoking DisableEncodeUrlFilter (1/14)
26-09-16 09:23:33.950 [http-nio-8080-exec-1] TRACE o.s.security.web.FilterChainProxy - Invoking WebAsyncManagerIntegrationFilter (2/14)
26-09-16 09:23:33.958 [http-nio-8080-exec-1] TRACE o.s.security.web.FilterChainProxy - Invoking SecurityContextHolderFilter (3/14)
26-09-16 09:23:33.960 [http-nio-8080-exec-1] TRACE o.s.security.web.FilterChainProxy - Invoking HeaderWriterFilter (4/14)
26-09-16 09:23:33.963 [http-nio-8080-exec-1] TRACE o.s.security.web.FilterChainProxy - Invoking CsrfFilter (5/14)
26-09-16 09:23:33.971 [http-nio-8080-exec-1] TRACE o.s.security.web.csrf.CsrfFilter - Did not protect against CSRF since request did not match CsrfNotRequired [TRACE, HEAD, GET, OPTIONS]
26-09-16 09:23:33.971 [http-nio-8080-exec-1] TRACE o.s.security.web.FilterChainProxy - Invoking LogoutFilter (6/14)
26-09-16 09:23:33.971 [http-nio-8080-exec-1] TRACE o.s.s.w.a.logout.LogoutFilter - Did not match request to Ant [pattern='/api/auth/logout', POST]
26-09-16 09:23:33.971 [http-nio-8080-exec-1] TRACE o.s.security.web.FilterChainProxy - Invoking UsernamePasswordAuthenticationFilter (7/14)
26-09-16 09:23:33.973 [http-nio-8080-exec-1] TRACE o.s.s.w.a.UsernamePasswordAuthenticationFilter - Did not match request to Ant [pattern='/api/auth/login', POST]
26-09-16 09:23:33.973 [http-nio-8080-exec-1] TRACE o.s.security.web.FilterChainProxy - Invoking DefaultResourcesFilter (8/14)
26-09-16 09:23:33.979 [http-nio-8080-exec-1] TRACE o.s.security.web.FilterChainProxy - Invoking DefaultLoginPageGeneratingFilter (9/14)
26-09-16 09:23:33.979 [http-nio-8080-exec-1] TRACE o.s.security.web.FilterChainProxy - Invoking DefaultLogoutPageGeneratingFilter (10/14)
26-09-16 09:23:33.980 [http-nio-8080-exec-1] TRACE o.s.s.w.a.u.DefaultLogoutPageGeneratingFilter - Did not render default logout page since request did not match [Ant [pattern='/logout', GET]]
26-09-16 09:23:33.980 [http-nio-8080-exec-1] TRACE o.s.security.web.FilterChainProxy - Invoking RequestCacheAwareFilter (11/14)
26-09-16 09:23:33.981 [http-nio-8080-exec-1] TRACE o.s.s.w.s.HttpSessionRequestCache - matchingRequestParameterName is required for getMatchingRequest to lookup a value, but not provided
26-09-16 09:23:33.982 [http-nio-8080-exec-1] TRACE o.s.security.web.FilterChainProxy - Invoking SecurityContextHolderAwareRequestFilter (12/14)
26-09-16 09:23:33.988 [http-nio-8080-exec-1] TRACE o.s.security.web.FilterChainProxy - Invoking AnonymousAuthenticationFilter (13/14)
26-09-16 09:23:33.989 [http-nio-8080-exec-1] TRACE o.s.security.web.FilterChainProxy - Invoking ExceptionTranslationFilter (14/14)
26-09-16 09:23:33.997 [http-nio-8080-exec-1] DEBUG o.s.security.web.FilterChainProxy - Secured GET /api/auth/login
26-09-16 09:23:34.058 [http-nio-8080-exec-1] ERROR c.s.m.d.e.GlobalExceptionHandler - [예상치 못한 예외 발생] type=NoResourceFoundException, message=No static resource api/auth/login.
org.springframework.web.servlet.resource.NoResourceFoundException: No static resource api/auth/login.
	at org.springframework.web.servlet.resource.ResourceHttpRequestHandler.handleRequest(ResourceHttpRequestHandler.java:585)
	at org.springframework.web.servlet.mvc.HttpRequestHandlerAdapter.handle(HttpRequestHandlerAdapter.java:52)
	at org.springframework.web.servlet.DispatcherServlet.doDispatch(DispatcherServlet.java:1088)
	at org.springframework.web.servlet.DispatcherServlet.doService(DispatcherServlet.java:978)
	at org.springframework.web.servlet.FrameworkServlet.processRequest(FrameworkServlet.java:1014)
	at org.springframework.web.servlet.FrameworkServlet.doGet(FrameworkServlet.java:903)
	at jakarta.servlet.http.HttpServlet.service(HttpServlet.java:564)
	at org.springframework.web.servlet.FrameworkServlet.service(FrameworkServlet.java:885)
	at jakarta.servlet.http.HttpServlet.service(HttpServlet.java:658)
	at org.apache.catalina.core.ApplicationFilterChain.internalDoFilter(ApplicationFilterChain.java:195)
	at org.apache.catalina.core.ApplicationFilterChain.doFilter(ApplicationFilterChain.java:140)
	at org.apache.tomcat.websocket.server.WsFilter.doFilter(WsFilter.java:51)
	at org.apache.catalina.core.ApplicationFilterChain.internalDoFilter(ApplicationFilterChain.java:164)
	at org.apache.catalina.core.ApplicationFilterChain.doFilter(ApplicationFilterChain.java:140)
	at org.springframework.web.filter.CompositeFilter$VirtualFilterChain.doFilter(CompositeFilter.java:108)
	at org.springframework.security.web.FilterChainProxy.lambda$doFilterInternal$3(FilterChainProxy.java:231)
	at org.springframework.security.web.ObservationFilterChainDecorator$FilterObservation$SimpleFilterObservation.lambda$wrap$1(ObservationFilterChainDecorator.java:479)
	at org.springframework.security.web.ObservationFilterChainDecorator$AroundFilterObservation$SimpleAroundFilterObservation.lambda$wrap$1(ObservationFilterChainDecorator.java:340)
	at org.springframework.security.web.ObservationFilterChainDecorator.lambda$wrapSecured$0(ObservationFilterChainDecorator.java:82)
	at org.springframework.security.web.ObservationFilterChainDecorator$VirtualFilterChain.doFilter(ObservationFilterChainDecorator.java:128)
	at org.springframework.security.web.access.ExceptionTranslationFilter.doFilter(ExceptionTranslationFilter.java:126)
	at org.springframework.security.web.access.ExceptionTranslationFilter.doFilter(ExceptionTranslationFilter.java:120)
	at org.springframework.security.web.ObservationFilterChainDecorator$ObservationFilter.wrapFilter(ObservationFilterChainDecorator.java:240)
	at org.springframework.security.web.ObservationFilterChainDecorator$ObservationFilter.doFilter(ObservationFilterChainDecorator.java:227)
	at org.springframework.security.web.ObservationFilterChainDecorator$VirtualFilterChain.doFilter(ObservationFilterChainDecorator.java:137)
	at org.springframework.security.web.authentication.AnonymousAuthenticationFilter.doFilter(AnonymousAuthenticationFilter.java:100)
	at org.springframework.security.web.ObservationFilterChainDecorator$ObservationFilter.wrapFilter(ObservationFilterChainDecorator.java:240)
	at org.springframework.security.web.ObservationFilterChainDecorator$ObservationFilter.doFilter(ObservationFilterChainDecorator.java:227)
	at org.springframework.security.web.ObservationFilterChainDecorator$VirtualFilterChain.doFilter(ObservationFilterChainDecorator.java:137)
	at org.springframework.security.web.servletapi.SecurityContextHolderAwareRequestFilter.doFilter(SecurityContextHolderAwareRequestFilter.java:179)
	at org.springframework.security.web.ObservationFilterChainDecorator$ObservationFilter.wrapFilter(ObservationFilterChainDecorator.java:240)
	at org.springframework.security.web.ObservationFilterChainDecorator$ObservationFilter.doFilter(ObservationFilterChainDecorator.java:227)
	at org.springframework.security.web.ObservationFilterChainDecorator$VirtualFilterChain.doFilter(ObservationFilterChainDecorator.java:137)
	at org.springframework.security.web.savedrequest.RequestCacheAwareFilter.doFilter(RequestCacheAwareFilter.java:63)
	at org.springframework.security.web.ObservationFilterChainDecorator$ObservationFilter.wrapFilter(ObservationFilterChainDecorator.java:240)
	at org.springframework.security.web.ObservationFilterChainDecorator$ObservationFilter.doFilter(ObservationFilterChainDecorator.java:227)
	at org.springframework.security.web.ObservationFilterChainDecorator$VirtualFilterChain.doFilter(ObservationFilterChainDecorator.java:137)
	at org.springframework.security.web.authentication.ui.DefaultLogoutPageGeneratingFilter.doFilterInternal(DefaultLogoutPageGeneratingFilter.java:58)
	at org.springframework.web.filter.OncePerRequestFilter.doFilter(OncePerRequestFilter.java:116)
	at org.springframework.security.web.ObservationFilterChainDecorator$ObservationFilter.wrapFilter(ObservationFilterChainDecorator.java:240)
	at org.springframework.security.web.ObservationFilterChainDecorator$ObservationFilter.doFilter(ObservationFilterChainDecorator.java:227)
	at org.springframework.security.web.ObservationFilterChainDecorator$VirtualFilterChain.doFilter(ObservationFilterChainDecorator.java:137)
	at org.springframework.security.web.authentication.ui.DefaultLoginPageGeneratingFilter.doFilter(DefaultLoginPageGeneratingFilter.java:220)
	at org.springframework.security.web.authentication.ui.DefaultLoginPageGeneratingFilter.doFilter(DefaultLoginPageGeneratingFilter.java:206)
	at org.springframework.security.web.ObservationFilterChainDecorator$ObservationFilter.wrapFilter(ObservationFilterChainDecorator.java:240)
	at org.springframework.security.web.ObservationFilterChainDecorator$ObservationFilter.doFilter(ObservationFilterChainDecorator.java:227)
	at org.springframework.security.web.ObservationFilterChainDecorator$VirtualFilterChain.doFilter(ObservationFilterChainDecorator.java:137)
	at org.springframework.security.web.authentication.ui.DefaultResourcesFilter.doFilter(DefaultResourcesFilter.java:72)
	at org.springframework.security.web.ObservationFilterChainDecorator$ObservationFilter.wrapFilter(ObservationFilterChainDecorator.java:240)
	at org.springframework.security.web.ObservationFilterChainDecorator$ObservationFilter.doFilter(ObservationFilterChainDecorator.java:227)
	at org.springframework.security.web.ObservationFilterChainDecorator$VirtualFilterChain.doFilter(ObservationFilterChainDecorator.java:137)
	at org.springframework.security.web.authentication.AbstractAuthenticationProcessingFilter.doFilter(AbstractAuthenticationProcessingFilter.java:227)
	at org.springframework.security.web.authentication.AbstractAuthenticationProcessingFilter.doFilter(AbstractAuthenticationProcessingFilter.java:221)
	at org.springframework.security.web.ObservationFilterChainDecorator$ObservationFilter.wrapFilter(ObservationFilterChainDecorator.java:240)
	at org.springframework.security.web.ObservationFilterChainDecorator$ObservationFilter.doFilter(ObservationFilterChainDecorator.java:227)
	at org.springframework.security.web.ObservationFilterChainDecorator$VirtualFilterChain.doFilter(ObservationFilterChainDecorator.java:137)
	at org.springframework.security.web.authentication.logout.LogoutFilter.doFilter(LogoutFilter.java:107)
	at org.springframework.security.web.authentication.logout.LogoutFilter.doFilter(LogoutFilter.java:93)
	at org.springframework.security.web.ObservationFilterChainDecorator$ObservationFilter.wrapFilter(ObservationFilterChainDecorator.java:240)
	at org.springframework.security.web.ObservationFilterChainDecorator$ObservationFilter.doFilter(ObservationFilterChainDecorator.java:227)
	at org.springframework.security.web.ObservationFilterChainDecorator$VirtualFilterChain.doFilter(ObservationFilterChainDecorator.java:137)
	at org.springframework.security.web.csrf.CsrfFilter.doFilterInternal(CsrfFilter.java:117)
	at org.springframework.web.filter.OncePerRequestFilter.doFilter(OncePerRequestFilter.java:116)
	at org.springframework.security.web.ObservationFilterChainDecorator$ObservationFilter.wrapFilter(ObservationFilterChainDecorator.java:240)
	at org.springframework.security.web.ObservationFilterChainDecorator$ObservationFilter.doFilter(ObservationFilterChainDecorator.java:227)
	at org.springframework.security.web.ObservationFilterChainDecorator$VirtualFilterChain.doFilter(ObservationFilterChainDecorator.java:137)
	at org.springframework.security.web.header.HeaderWriterFilter.doHeadersAfter(HeaderWriterFilter.java:90)
	at org.springframework.security.web.header.HeaderWriterFilter.doFilterInternal(HeaderWriterFilter.java:75)
	at org.springframework.web.filter.OncePerRequestFilter.doFilter(OncePerRequestFilter.java:116)
	at org.springframework.security.web.ObservationFilterChainDecorator$ObservationFilter.wrapFilter(ObservationFilterChainDecorator.java:240)
	at org.springframework.security.web.ObservationFilterChainDecorator$ObservationFilter.doFilter(ObservationFilterChainDecorator.java:227)
	at org.springframework.security.web.ObservationFilterChainDecorator$VirtualFilterChain.doFilter(ObservationFilterChainDecorator.java:137)
	at org.springframework.security.web.context.SecurityContextHolderFilter.doFilter(SecurityContextHolderFilter.java:82)
	at org.springframework.security.web.context.SecurityContextHolderFilter.doFilter(SecurityContextHolderFilter.java:69)
	at org.springframework.security.web.ObservationFilterChainDecorator$ObservationFilter.wrapFilter(ObservationFilterChainDecorator.java:240)
	at org.springframework.security.web.ObservationFilterChainDecorator$ObservationFilter.doFilter(ObservationFilterChainDecorator.java:227)
	at org.springframework.security.web.ObservationFilterChainDecorator$VirtualFilterChain.doFilter(ObservationFilterChainDecorator.java:137)
	at org.springframework.security.web.context.request.async.WebAsyncManagerIntegrationFilter.doFilterInternal(WebAsyncManagerIntegrationFilter.java:62)
	at org.springframework.web.filter.OncePerRequestFilter.doFilter(OncePerRequestFilter.java:116)
	at org.springframework.security.web.ObservationFilterChainDecorator$ObservationFilter.wrapFilter(ObservationFilterChainDecorator.java:240)
	at org.springframework.security.web.ObservationFilterChainDecorator$ObservationFilter.doFilter(ObservationFilterChainDecorator.java:227)
	at org.springframework.security.web.ObservationFilterChainDecorator$VirtualFilterChain.doFilter(ObservationFilterChainDecorator.java:137)
	at org.springframework.security.web.session.DisableEncodeUrlFilter.doFilterInternal(DisableEncodeUrlFilter.java:42)
	at org.springframework.web.filter.OncePerRequestFilter.doFilter(OncePerRequestFilter.java:116)
	at org.springframework.security.web.ObservationFilterChainDecorator$ObservationFilter.wrapFilter(ObservationFilterChainDecorator.java:240)
	at org.springframework.security.web.ObservationFilterChainDecorator$AroundFilterObservation$SimpleAroundFilterObservation.lambda$wrap$0(ObservationFilterChainDecorator.java:323)
	at org.springframework.security.web.ObservationFilterChainDecorator$ObservationFilter.doFilter(ObservationFilterChainDecorator.java:224)
	at org.springframework.security.web.ObservationFilterChainDecorator$VirtualFilterChain.doFilter(ObservationFilterChainDecorator.java:137)
	at org.springframework.security.web.FilterChainProxy.doFilterInternal(FilterChainProxy.java:233)
	at org.springframework.security.web.FilterChainProxy.doFilter(FilterChainProxy.java:191)
	at org.springframework.web.filter.CompositeFilter$VirtualFilterChain.doFilter(CompositeFilter.java:113)
	at org.springframework.web.servlet.handler.HandlerMappingIntrospector.lambda$createCacheFilter$3(HandlerMappingIntrospector.java:243)
	at org.springframework.web.filter.CompositeFilter$VirtualFilterChain.doFilter(CompositeFilter.java:113)
	at org.springframework.web.filter.CompositeFilter.doFilter(CompositeFilter.java:74)
	at org.springframework.security.config.annotation.web.configuration.WebMvcSecurityConfiguration$CompositeFilterChainProxy.doFilter(WebMvcSecurityConfiguration.java:238)
	at org.springframework.web.filter.DelegatingFilterProxy.invokeDelegate(DelegatingFilterProxy.java:362)
	at org.springframework.web.filter.DelegatingFilterProxy.doFilter(DelegatingFilterProxy.java:278)
	at org.apache.catalina.core.ApplicationFilterChain.internalDoFilter(ApplicationFilterChain.java:164)
	at org.apache.catalina.core.ApplicationFilterChain.doFilter(ApplicationFilterChain.java:140)
	at org.springframework.web.filter.RequestContextFilter.doFilterInternal(RequestContextFilter.java:100)
	at org.springframework.web.filter.OncePerRequestFilter.doFilter(OncePerRequestFilter.java:116)
	at org.apache.catalina.core.ApplicationFilterChain.internalDoFilter(ApplicationFilterChain.java:164)
	at org.apache.catalina.core.ApplicationFilterChain.doFilter(ApplicationFilterChain.java:140)
	at org.springframework.web.filter.FormContentFilter.doFilterInternal(FormContentFilter.java:93)
	at org.springframework.web.filter.OncePerRequestFilter.doFilter(OncePerRequestFilter.java:116)
	at org.apache.catalina.core.ApplicationFilterChain.internalDoFilter(ApplicationFilterChain.java:164)
	at org.apache.catalina.core.ApplicationFilterChain.doFilter(ApplicationFilterChain.java:140)
	at org.springframework.web.filter.ServerHttpObservationFilter.doFilterInternal(ServerHttpObservationFilter.java:114)
	at org.springframework.web.filter.OncePerRequestFilter.doFilter(OncePerRequestFilter.java:116)
	at org.apache.catalina.core.ApplicationFilterChain.internalDoFilter(ApplicationFilterChain.java:164)
	at org.apache.catalina.core.ApplicationFilterChain.doFilter(ApplicationFilterChain.java:140)
	at org.springframework.web.filter.CharacterEncodingFilter.doFilterInternal(CharacterEncodingFilter.java:201)
	at org.springframework.web.filter.OncePerRequestFilter.doFilter(OncePerRequestFilter.java:116)
	at org.apache.catalina.core.ApplicationFilterChain.internalDoFilter(ApplicationFilterChain.java:164)
	at org.apache.catalina.core.ApplicationFilterChain.doFilter(ApplicationFilterChain.java:140)
	at org.apache.catalina.core.StandardWrapperValve.invoke(StandardWrapperValve.java:167)
	at org.apache.catalina.core.StandardContextValve.invoke(StandardContextValve.java:90)
	at org.apache.catalina.authenticator.AuthenticatorBase.invoke(AuthenticatorBase.java:483)
	at org.apache.catalina.core.StandardHostValve.invoke(StandardHostValve.java:115)
	at org.apache.catalina.valves.ErrorReportValve.invoke(ErrorReportValve.java:93)
	at org.apache.catalina.core.StandardEngineValve.invoke(StandardEngineValve.java:74)
	at org.apache.catalina.connector.CoyoteAdapter.service(CoyoteAdapter.java:344)
	at org.apache.coyote.http11.Http11Processor.service(Http11Processor.java:397)
	at org.apache.coyote.AbstractProcessorLight.process(AbstractProcessorLight.java:63)
	at org.apache.coyote.AbstractProtocol$ConnectionHandler.process(AbstractProtocol.java:905)
	at org.apache.tomcat.util.net.NioEndpoint$SocketProcessor.doRun(NioEndpoint.java:1741)
	at org.apache.tomcat.util.net.SocketProcessorBase.run(SocketProcessorBase.java:52)
	at org.apache.tomcat.util.threads.ThreadPoolExecutor.runWorker(ThreadPoolExecutor.java:1190)
	at org.apache.tomcat.util.threads.ThreadPoolExecutor$Worker.run(ThreadPoolExecutor.java:659)
	at org.apache.tomcat.util.threads.TaskThread$WrappingRunnable.run(TaskThread.java:63)
	at java.base/java.lang.Thread.run(Thread.java:840)
26-09-16 09:23:34.186 [http-nio-8080-exec-1] TRACE o.s.s.w.h.writers.HstsHeaderWriter - Not injecting HSTS header since it did not match request to [Is Secure]
26-09-16 09:23:34.192 [http-nio-8080-exec-1] TRACE o.s.s.w.c.HttpSessionSecurityContextRepository - No HttpSession currently exists
26-09-16 09:23:34.192 [http-nio-8080-exec-1] TRACE o.s.s.w.c.SupplierDeferredSecurityContext - Created SecurityContextImpl [Null authentication]
26-09-16 09:23:34.194 [http-nio-8080-exec-1] TRACE o.s.s.w.c.SupplierDeferredSecurityContext - Created SecurityContextImpl [Null authentication]
26-09-16 09:23:34.197 [http-nio-8080-exec-1] TRACE o.s.s.w.a.AnonymousAuthenticationFilter - Set SecurityContextHolder to AnonymousAuthenticationToken [Principal=anonymousUser, Credentials=[PROTECTED], Authenticated=true, Details=WebAuthenticationDetails [RemoteIpAddress=0:0:0:0:0:0:0:1, SessionId=null], Granted Authorities=[ROLE_ANONYMOUS]]
26-09-16 09:24:40.673 [http-nio-8080-exec-2] TRACE o.s.security.web.FilterChainProxy - Trying to match request against DefaultSecurityFilterChain defined as 'filterChain' in [class path resource [com/sprint/mission/discodeit/config/SecurityConfig.class]] matching [any request] and having filters [DisableEncodeUrl, WebAsyncManagerIntegration, SecurityContextHolder, HeaderWriter, Csrf, Logout, UsernamePasswordAuthentication, DefaultResources, DefaultLoginPageGenerating, DefaultLogoutPageGenerating, RequestCacheAware, SecurityContextHolderAwareRequest, AnonymousAuthentication, ExceptionTranslation] (1/1)
26-09-16 09:24:40.679 [http-nio-8080-exec-2] DEBUG o.s.security.web.FilterChainProxy - Securing POST /api/auth/login
26-09-16 09:24:40.679 [http-nio-8080-exec-2] TRACE o.s.security.web.FilterChainProxy - Invoking DisableEncodeUrlFilter (1/14)
26-09-16 09:24:40.682 [http-nio-8080-exec-2] TRACE o.s.security.web.FilterChainProxy - Invoking WebAsyncManagerIntegrationFilter (2/14)
26-09-16 09:24:40.682 [http-nio-8080-exec-2] TRACE o.s.security.web.FilterChainProxy - Invoking SecurityContextHolderFilter (3/14)
26-09-16 09:24:40.683 [http-nio-8080-exec-2] TRACE o.s.security.web.FilterChainProxy - Invoking HeaderWriterFilter (4/14)
26-09-16 09:24:40.683 [http-nio-8080-exec-2] TRACE o.s.security.web.FilterChainProxy - Invoking CsrfFilter (5/14)
26-09-16 09:24:40.705 [http-nio-8080-exec-2] TRACE o.s.security.web.FilterChainProxy - Invoking LogoutFilter (6/14)
26-09-16 09:24:40.705 [http-nio-8080-exec-2] TRACE o.s.s.w.a.logout.LogoutFilter - Did not match request to Ant [pattern='/api/auth/logout', POST]
26-09-16 09:24:40.705 [http-nio-8080-exec-2] TRACE o.s.security.web.FilterChainProxy - Invoking UsernamePasswordAuthenticationFilter (7/14)
26-09-16 09:24:40.714 [http-nio-8080-exec-2] TRACE o.s.s.authentication.ProviderManager - Authenticating request with DaoAuthenticationProvider (1/1)
26-09-16 09:24:42.368 [http-nio-8080-exec-2] DEBUG o.s.s.a.d.DaoAuthenticationProvider - Authenticated user
26-09-16 09:24:42.369 [http-nio-8080-exec-2] TRACE o.s.s.w.a.s.CompositeSessionAuthenticationStrategy - Preparing session with ChangeSessionIdAuthenticationStrategy (1/2)
26-09-16 09:24:42.369 [http-nio-8080-exec-2] TRACE o.s.s.w.a.s.CompositeSessionAuthenticationStrategy - Preparing session with CsrfAuthenticationStrategy (2/2)
26-09-16 09:24:42.374 [http-nio-8080-exec-2] DEBUG o.s.s.w.c.CsrfAuthenticationStrategy - Replaced CSRF Token
26-09-16 09:24:42.407 [http-nio-8080-exec-2] DEBUG o.s.s.w.c.HttpSessionSecurityContextRepository - Stored SecurityContextImpl [Authentication=UsernamePasswordAuthenticationToken [Principal=com.sprint.mission.discodeit.security.DiscodeitUserDetails@7be56cf1, Credentials=[PROTECTED], Authenticated=true, Details=WebAuthenticationDetails [RemoteIpAddress=0:0:0:0:0:0:0:1, SessionId=null], Granted Authorities=[]]] to HttpSession [org.apache.catalina.session.StandardSessionFacade@7b3f1461]
26-09-16 09:24:42.407 [http-nio-8080-exec-2] DEBUG o.s.s.w.a.UsernamePasswordAuthenticationFilter - Set SecurityContextHolder to UsernamePasswordAuthenticationToken [Principal=com.sprint.mission.discodeit.security.DiscodeitUserDetails@7be56cf1, Credentials=[PROTECTED], Authenticated=true, Details=WebAuthenticationDetails [RemoteIpAddress=0:0:0:0:0:0:0:1, SessionId=null], Granted Authorities=[]]
26-09-16 09:24:42.415 [http-nio-8080-exec-2] TRACE o.s.s.w.h.writers.HstsHeaderWriter - Not injecting HSTS header since it did not match request to [Is Secure]
26-09-16 09:26:59.898 [http-nio-8080-exec-4] TRACE o.s.security.web.FilterChainProxy - Trying to match request against DefaultSecurityFilterChain defined as 'filterChain' in [class path resource [com/sprint/mission/discodeit/config/SecurityConfig.class]] matching [any request] and having filters [DisableEncodeUrl, WebAsyncManagerIntegration, SecurityContextHolder, HeaderWriter, Csrf, Logout, UsernamePasswordAuthentication, DefaultResources, DefaultLoginPageGenerating, DefaultLogoutPageGenerating, RequestCacheAware, SecurityContextHolderAwareRequest, AnonymousAuthentication, ExceptionTranslation] (1/1)
26-09-16 09:26:59.899 [http-nio-8080-exec-4] DEBUG o.s.security.web.FilterChainProxy - Securing GET /api/auth/me
26-09-16 09:26:59.899 [http-nio-8080-exec-4] TRACE o.s.security.web.FilterChainProxy - Invoking DisableEncodeUrlFilter (1/14)
26-09-16 09:26:59.899 [http-nio-8080-exec-4] TRACE o.s.security.web.FilterChainProxy - Invoking WebAsyncManagerIntegrationFilter (2/14)
26-09-16 09:26:59.899 [http-nio-8080-exec-4] TRACE o.s.security.web.FilterChainProxy - Invoking SecurityContextHolderFilter (3/14)
26-09-16 09:26:59.900 [http-nio-8080-exec-4] TRACE o.s.security.web.FilterChainProxy - Invoking HeaderWriterFilter (4/14)
26-09-16 09:26:59.900 [http-nio-8080-exec-4] TRACE o.s.security.web.FilterChainProxy - Invoking CsrfFilter (5/14)
26-09-16 09:26:59.900 [http-nio-8080-exec-4] TRACE o.s.security.web.csrf.CsrfFilter - Did not protect against CSRF since request did not match CsrfNotRequired [TRACE, HEAD, GET, OPTIONS]
26-09-16 09:26:59.900 [http-nio-8080-exec-4] TRACE o.s.security.web.FilterChainProxy - Invoking LogoutFilter (6/14)
26-09-16 09:26:59.900 [http-nio-8080-exec-4] TRACE o.s.s.w.a.logout.LogoutFilter - Did not match request to Ant [pattern='/api/auth/logout', POST]
26-09-16 09:26:59.900 [http-nio-8080-exec-4] TRACE o.s.security.web.FilterChainProxy - Invoking UsernamePasswordAuthenticationFilter (7/14)
26-09-16 09:26:59.902 [http-nio-8080-exec-4] TRACE o.s.s.w.a.UsernamePasswordAuthenticationFilter - Did not match request to Ant [pattern='/api/auth/login', POST]
26-09-16 09:26:59.902 [http-nio-8080-exec-4] TRACE o.s.security.web.FilterChainProxy - Invoking DefaultResourcesFilter (8/14)
26-09-16 09:26:59.902 [http-nio-8080-exec-4] TRACE o.s.security.web.FilterChainProxy - Invoking DefaultLoginPageGeneratingFilter (9/14)
26-09-16 09:26:59.902 [http-nio-8080-exec-4] TRACE o.s.security.web.FilterChainProxy - Invoking DefaultLogoutPageGeneratingFilter (10/14)
26-09-16 09:26:59.902 [http-nio-8080-exec-4] TRACE o.s.s.w.a.u.DefaultLogoutPageGeneratingFilter - Did not render default logout page since request did not match [Ant [pattern='/logout', GET]]
26-09-16 09:26:59.902 [http-nio-8080-exec-4] TRACE o.s.security.web.FilterChainProxy - Invoking RequestCacheAwareFilter (11/14)
26-09-16 09:26:59.902 [http-nio-8080-exec-4] TRACE o.s.s.w.s.HttpSessionRequestCache - matchingRequestParameterName is required for getMatchingRequest to lookup a value, but not provided
26-09-16 09:26:59.902 [http-nio-8080-exec-4] TRACE o.s.security.web.FilterChainProxy - Invoking SecurityContextHolderAwareRequestFilter (12/14)
26-09-16 09:26:59.902 [http-nio-8080-exec-4] TRACE o.s.security.web.FilterChainProxy - Invoking AnonymousAuthenticationFilter (13/14)
26-09-16 09:26:59.902 [http-nio-8080-exec-4] TRACE o.s.security.web.FilterChainProxy - Invoking ExceptionTranslationFilter (14/14)
26-09-16 09:26:59.903 [http-nio-8080-exec-4] DEBUG o.s.security.web.FilterChainProxy - Secured GET /api/auth/me
26-09-16 09:26:59.954 [http-nio-8080-exec-4] TRACE o.s.s.w.c.HttpSessionSecurityContextRepository - Retrieved SecurityContextImpl [Authentication=UsernamePasswordAuthenticationToken [Principal=com.sprint.mission.discodeit.security.DiscodeitUserDetails@7be56cf1, Credentials=[PROTECTED], Authenticated=true, Details=WebAuthenticationDetails [RemoteIpAddress=0:0:0:0:0:0:0:1, SessionId=null], Granted Authorities=[]]] from SPRING_SECURITY_CONTEXT
26-09-16 09:26:59.955 [http-nio-8080-exec-4] TRACE o.s.s.w.a.AnonymousAuthenticationFilter - Did not set SecurityContextHolder since already authenticated UsernamePasswordAuthenticationToken [Principal=com.sprint.mission.discodeit.security.DiscodeitUserDetails@7be56cf1, Credentials=[PROTECTED], Authenticated=true, Details=WebAuthenticationDetails [RemoteIpAddress=0:0:0:0:0:0:0:1, SessionId=null], Granted Authorities=[]]
26-09-16 09:26:59.964 [http-nio-8080-exec-4] TRACE o.s.s.w.h.writers.HstsHeaderWriter - Not injecting HSTS header since it did not match request to [Is Secure]
26-09-16 09:27:32.063 [http-nio-8080-exec-5] TRACE o.s.security.web.FilterChainProxy - Trying to match request against DefaultSecurityFilterChain defined as 'filterChain' in [class path resource [com/sprint/mission/discodeit/config/SecurityConfig.class]] matching [any request] and having filters [DisableEncodeUrl, WebAsyncManagerIntegration, SecurityContextHolder, HeaderWriter, Csrf, Logout, UsernamePasswordAuthentication, DefaultResources, DefaultLoginPageGenerating, DefaultLogoutPageGenerating, RequestCacheAware, SecurityContextHolderAwareRequest, AnonymousAuthentication, ExceptionTranslation] (1/1)
26-09-16 09:27:32.069 [http-nio-8080-exec-5] DEBUG o.s.security.web.FilterChainProxy - Securing POST /api/auth/logout
26-09-16 09:27:32.070 [http-nio-8080-exec-5] TRACE o.s.security.web.FilterChainProxy - Invoking DisableEncodeUrlFilter (1/14)
26-09-16 09:27:32.071 [http-nio-8080-exec-5] TRACE o.s.security.web.FilterChainProxy - Invoking WebAsyncManagerIntegrationFilter (2/14)
26-09-16 09:27:32.071 [http-nio-8080-exec-5] TRACE o.s.security.web.FilterChainProxy - Invoking SecurityContextHolderFilter (3/14)
26-09-16 09:27:32.072 [http-nio-8080-exec-5] TRACE o.s.security.web.FilterChainProxy - Invoking HeaderWriterFilter (4/14)
26-09-16 09:27:32.073 [http-nio-8080-exec-5] TRACE o.s.security.web.FilterChainProxy - Invoking CsrfFilter (5/14)
26-09-16 09:27:32.105 [http-nio-8080-exec-5] DEBUG o.s.security.web.csrf.CsrfFilter - Invalid CSRF token found for http://localhost:8080/api/auth/logout
26-09-16 09:27:32.106 [http-nio-8080-exec-5] DEBUG o.s.s.w.a.AccessDeniedHandlerImpl - Responding with 403 status code
26-09-16 09:27:32.107 [http-nio-8080-exec-5] TRACE o.s.s.w.h.writers.HstsHeaderWriter - Not injecting HSTS header since it did not match request to [Is Secure]
26-09-16 09:27:32.125 [http-nio-8080-exec-5] TRACE o.s.security.web.FilterChainProxy - Trying to match request against DefaultSecurityFilterChain defined as 'filterChain' in [class path resource [com/sprint/mission/discodeit/config/SecurityConfig.class]] matching [any request] and having filters [DisableEncodeUrl, WebAsyncManagerIntegration, SecurityContextHolder, HeaderWriter, Csrf, Logout, UsernamePasswordAuthentication, DefaultResources, DefaultLoginPageGenerating, DefaultLogoutPageGenerating, RequestCacheAware, SecurityContextHolderAwareRequest, AnonymousAuthentication, ExceptionTranslation] (1/1)
26-09-16 09:27:32.125 [http-nio-8080-exec-5] DEBUG o.s.security.web.FilterChainProxy - Securing POST /error
26-09-16 09:27:32.125 [http-nio-8080-exec-5] TRACE o.s.security.web.FilterChainProxy - Invoking DisableEncodeUrlFilter (1/14)
26-09-16 09:27:32.126 [http-nio-8080-exec-5] TRACE o.s.security.web.FilterChainProxy - Invoking WebAsyncManagerIntegrationFilter (2/14)
26-09-16 09:27:32.126 [http-nio-8080-exec-5] TRACE o.s.security.web.FilterChainProxy - Invoking SecurityContextHolderFilter (3/14)
26-09-16 09:27:32.126 [http-nio-8080-exec-5] TRACE o.s.security.web.FilterChainProxy - Invoking HeaderWriterFilter (4/14)
26-09-16 09:27:32.126 [http-nio-8080-exec-5] TRACE o.s.security.web.FilterChainProxy - Invoking CsrfFilter (5/14)
26-09-16 09:27:32.126 [http-nio-8080-exec-5] TRACE o.s.security.web.FilterChainProxy - Invoking LogoutFilter (6/14)
26-09-16 09:27:32.126 [http-nio-8080-exec-5] TRACE o.s.s.w.a.logout.LogoutFilter - Did not match request to Ant [pattern='/api/auth/logout', POST]
26-09-16 09:27:32.126 [http-nio-8080-exec-5] TRACE o.s.security.web.FilterChainProxy - Invoking UsernamePasswordAuthenticationFilter (7/14)
26-09-16 09:27:32.126 [http-nio-8080-exec-5] TRACE o.s.s.w.a.UsernamePasswordAuthenticationFilter - Did not match request to Ant [pattern='/api/auth/login', POST]
26-09-16 09:27:32.126 [http-nio-8080-exec-5] TRACE o.s.security.web.FilterChainProxy - Invoking DefaultResourcesFilter (8/14)
26-09-16 09:27:32.126 [http-nio-8080-exec-5] TRACE o.s.security.web.FilterChainProxy - Invoking DefaultLoginPageGeneratingFilter (9/14)
26-09-16 09:27:32.126 [http-nio-8080-exec-5] TRACE o.s.security.web.FilterChainProxy - Invoking DefaultLogoutPageGeneratingFilter (10/14)
26-09-16 09:27:32.126 [http-nio-8080-exec-5] TRACE o.s.security.web.FilterChainProxy - Invoking RequestCacheAwareFilter (11/14)
26-09-16 09:27:32.127 [http-nio-8080-exec-5] TRACE o.s.s.w.s.HttpSessionRequestCache - matchingRequestParameterName is required for getMatchingRequest to lookup a value, but not provided
26-09-16 09:27:32.127 [http-nio-8080-exec-5] TRACE o.s.security.web.FilterChainProxy - Invoking SecurityContextHolderAwareRequestFilter (12/14)
26-09-16 09:27:32.127 [http-nio-8080-exec-5] TRACE o.s.security.web.FilterChainProxy - Invoking AnonymousAuthenticationFilter (13/14)
26-09-16 09:27:32.127 [http-nio-8080-exec-5] TRACE o.s.security.web.FilterChainProxy - Invoking ExceptionTranslationFilter (14/14)
26-09-16 09:27:32.127 [http-nio-8080-exec-5] DEBUG o.s.security.web.FilterChainProxy - Secured POST /error
26-09-16 09:27:32.151 [http-nio-8080-exec-5] TRACE o.s.s.w.c.HttpSessionSecurityContextRepository - Retrieved SecurityContextImpl [Authentication=UsernamePasswordAuthenticationToken [Principal=com.sprint.mission.discodeit.security.DiscodeitUserDetails@7be56cf1, Credentials=[PROTECTED], Authenticated=true, Details=WebAuthenticationDetails [RemoteIpAddress=0:0:0:0:0:0:0:1, SessionId=null], Granted Authorities=[]]] from SPRING_SECURITY_CONTEXT
26-09-16 09:27:32.151 [http-nio-8080-exec-5] TRACE o.s.s.w.a.AnonymousAuthenticationFilter - Did not set SecurityContextHolder since already authenticated UsernamePasswordAuthenticationToken [Principal=com.sprint.mission.discodeit.security.DiscodeitUserDetails@7be56cf1, Credentials=[PROTECTED], Authenticated=true, Details=WebAuthenticationDetails [RemoteIpAddress=0:0:0:0:0:0:0:1, SessionId=null], Granted Authorities=[]]
26-09-16 09:29:13.035 [http-nio-8080-exec-7] TRACE o.s.security.web.FilterChainProxy - Trying to match request against DefaultSecurityFilterChain defined as 'filterChain' in [class path resource [com/sprint/mission/discodeit/config/SecurityConfig.class]] matching [any request] and having filters [DisableEncodeUrl, WebAsyncManagerIntegration, SecurityContextHolder, HeaderWriter, Csrf, Logout, UsernamePasswordAuthentication, DefaultResources, DefaultLoginPageGenerating, DefaultLogoutPageGenerating, RequestCacheAware, SecurityContextHolderAwareRequest, AnonymousAuthentication, ExceptionTranslation] (1/1)
26-09-16 09:29:13.036 [http-nio-8080-exec-7] DEBUG o.s.security.web.FilterChainProxy - Securing POST /api/auth/logout
26-09-16 09:29:13.036 [http-nio-8080-exec-7] TRACE o.s.security.web.FilterChainProxy - Invoking DisableEncodeUrlFilter (1/14)
26-09-16 09:29:13.036 [http-nio-8080-exec-7] TRACE o.s.security.web.FilterChainProxy - Invoking WebAsyncManagerIntegrationFilter (2/14)
26-09-16 09:29:13.036 [http-nio-8080-exec-7] TRACE o.s.security.web.FilterChainProxy - Invoking SecurityContextHolderFilter (3/14)
26-09-16 09:29:13.039 [http-nio-8080-exec-7] TRACE o.s.security.web.FilterChainProxy - Invoking HeaderWriterFilter (4/14)
26-09-16 09:29:13.041 [http-nio-8080-exec-7] TRACE o.s.security.web.FilterChainProxy - Invoking CsrfFilter (5/14)
26-09-16 09:29:13.042 [http-nio-8080-exec-7] DEBUG o.s.security.web.csrf.CsrfFilter - Invalid CSRF token found for http://localhost:8080/api/auth/logout
26-09-16 09:29:13.042 [http-nio-8080-exec-7] DEBUG o.s.s.w.a.AccessDeniedHandlerImpl - Responding with 403 status code
26-09-16 09:29:13.045 [http-nio-8080-exec-7] TRACE o.s.s.w.h.writers.HstsHeaderWriter - Not injecting HSTS header since it did not match request to [Is Secure]
26-09-16 09:29:13.051 [http-nio-8080-exec-7] TRACE o.s.security.web.FilterChainProxy - Trying to match request against DefaultSecurityFilterChain defined as 'filterChain' in [class path resource [com/sprint/mission/discodeit/config/SecurityConfig.class]] matching [any request] and having filters [DisableEncodeUrl, WebAsyncManagerIntegration, SecurityContextHolder, HeaderWriter, Csrf, Logout, UsernamePasswordAuthentication, DefaultResources, DefaultLoginPageGenerating, DefaultLogoutPageGenerating, RequestCacheAware, SecurityContextHolderAwareRequest, AnonymousAuthentication, ExceptionTranslation] (1/1)
26-09-16 09:29:13.051 [http-nio-8080-exec-7] DEBUG o.s.security.web.FilterChainProxy - Securing POST /error
26-09-16 09:29:13.052 [http-nio-8080-exec-7] TRACE o.s.security.web.FilterChainProxy - Invoking DisableEncodeUrlFilter (1/14)
26-09-16 09:29:13.052 [http-nio-8080-exec-7] TRACE o.s.security.web.FilterChainProxy - Invoking WebAsyncManagerIntegrationFilter (2/14)
26-09-16 09:29:13.052 [http-nio-8080-exec-7] TRACE o.s.security.web.FilterChainProxy - Invoking SecurityContextHolderFilter (3/14)
26-09-16 09:29:13.052 [http-nio-8080-exec-7] TRACE o.s.security.web.FilterChainProxy - Invoking HeaderWriterFilter (4/14)
26-09-16 09:29:13.052 [http-nio-8080-exec-7] TRACE o.s.security.web.FilterChainProxy - Invoking CsrfFilter (5/14)
26-09-16 09:29:13.052 [http-nio-8080-exec-7] TRACE o.s.security.web.FilterChainProxy - Invoking LogoutFilter (6/14)
26-09-16 09:29:13.054 [http-nio-8080-exec-7] TRACE o.s.s.w.a.logout.LogoutFilter - Did not match request to Ant [pattern='/api/auth/logout', POST]
26-09-16 09:29:13.055 [http-nio-8080-exec-7] TRACE o.s.security.web.FilterChainProxy - Invoking UsernamePasswordAuthenticationFilter (7/14)
26-09-16 09:29:13.055 [http-nio-8080-exec-7] TRACE o.s.s.w.a.UsernamePasswordAuthenticationFilter - Did not match request to Ant [pattern='/api/auth/login', POST]
26-09-16 09:29:13.055 [http-nio-8080-exec-7] TRACE o.s.security.web.FilterChainProxy - Invoking DefaultResourcesFilter (8/14)
26-09-16 09:29:13.055 [http-nio-8080-exec-7] TRACE o.s.security.web.FilterChainProxy - Invoking DefaultLoginPageGeneratingFilter (9/14)
26-09-16 09:29:13.055 [http-nio-8080-exec-7] TRACE o.s.security.web.FilterChainProxy - Invoking DefaultLogoutPageGeneratingFilter (10/14)
26-09-16 09:29:13.056 [http-nio-8080-exec-7] TRACE o.s.security.web.FilterChainProxy - Invoking RequestCacheAwareFilter (11/14)
26-09-16 09:29:13.056 [http-nio-8080-exec-7] TRACE o.s.s.w.s.HttpSessionRequestCache - matchingRequestParameterName is required for getMatchingRequest to lookup a value, but not provided
26-09-16 09:29:13.056 [http-nio-8080-exec-7] TRACE o.s.security.web.FilterChainProxy - Invoking SecurityContextHolderAwareRequestFilter (12/14)
26-09-16 09:29:13.056 [http-nio-8080-exec-7] TRACE o.s.security.web.FilterChainProxy - Invoking AnonymousAuthenticationFilter (13/14)
26-09-16 09:29:13.056 [http-nio-8080-exec-7] TRACE o.s.security.web.FilterChainProxy - Invoking ExceptionTranslationFilter (14/14)
26-09-16 09:29:13.056 [http-nio-8080-exec-7] DEBUG o.s.security.web.FilterChainProxy - Secured POST /error
26-09-16 09:29:13.075 [http-nio-8080-exec-7] TRACE o.s.s.w.c.HttpSessionSecurityContextRepository - Retrieved SecurityContextImpl [Authentication=UsernamePasswordAuthenticationToken [Principal=com.sprint.mission.discodeit.security.DiscodeitUserDetails@7be56cf1, Credentials=[PROTECTED], Authenticated=true, Details=WebAuthenticationDetails [RemoteIpAddress=0:0:0:0:0:0:0:1, SessionId=null], Granted Authorities=[]]] from SPRING_SECURITY_CONTEXT
26-09-16 09:29:13.078 [http-nio-8080-exec-7] TRACE o.s.s.w.a.AnonymousAuthenticationFilter - Did not set SecurityContextHolder since already authenticated UsernamePasswordAuthenticationToken [Principal=com.sprint.mission.discodeit.security.DiscodeitUserDetails@7be56cf1, Credentials=[PROTECTED], Authenticated=true, Details=WebAuthenticationDetails [RemoteIpAddress=0:0:0:0:0:0:0:1, SessionId=null], Granted Authorities=[]]
26-09-16 09:29:20.678 [http-nio-8080-exec-8] TRACE o.s.security.web.FilterChainProxy - Trying to match request against DefaultSecurityFilterChain defined as 'filterChain' in [class path resource [com/sprint/mission/discodeit/config/SecurityConfig.class]] matching [any request] and having filters [DisableEncodeUrl, WebAsyncManagerIntegration, SecurityContextHolder, HeaderWriter, Csrf, Logout, UsernamePasswordAuthentication, DefaultResources, DefaultLoginPageGenerating, DefaultLogoutPageGenerating, RequestCacheAware, SecurityContextHolderAwareRequest, AnonymousAuthentication, ExceptionTranslation] (1/1)
26-09-16 09:29:20.678 [http-nio-8080-exec-8] DEBUG o.s.security.web.FilterChainProxy - Securing GET /api/auth/csrf-token
26-09-16 09:29:20.678 [http-nio-8080-exec-8] TRACE o.s.security.web.FilterChainProxy - Invoking DisableEncodeUrlFilter (1/14)
26-09-16 09:29:20.678 [http-nio-8080-exec-8] TRACE o.s.security.web.FilterChainProxy - Invoking WebAsyncManagerIntegrationFilter (2/14)
26-09-16 09:29:20.679 [http-nio-8080-exec-8] TRACE o.s.security.web.FilterChainProxy - Invoking SecurityContextHolderFilter (3/14)
26-09-16 09:29:20.679 [http-nio-8080-exec-8] TRACE o.s.security.web.FilterChainProxy - Invoking HeaderWriterFilter (4/14)
26-09-16 09:29:20.679 [http-nio-8080-exec-8] TRACE o.s.security.web.FilterChainProxy - Invoking CsrfFilter (5/14)
26-09-16 09:29:20.679 [http-nio-8080-exec-8] TRACE o.s.security.web.csrf.CsrfFilter - Did not protect against CSRF since request did not match CsrfNotRequired [TRACE, HEAD, GET, OPTIONS]
26-09-16 09:29:20.679 [http-nio-8080-exec-8] TRACE o.s.security.web.FilterChainProxy - Invoking LogoutFilter (6/14)
26-09-16 09:29:20.679 [http-nio-8080-exec-8] TRACE o.s.s.w.a.logout.LogoutFilter - Did not match request to Ant [pattern='/api/auth/logout', POST]
26-09-16 09:29:20.679 [http-nio-8080-exec-8] TRACE o.s.security.web.FilterChainProxy - Invoking UsernamePasswordAuthenticationFilter (7/14)
26-09-16 09:29:20.679 [http-nio-8080-exec-8] TRACE o.s.s.w.a.UsernamePasswordAuthenticationFilter - Did not match request to Ant [pattern='/api/auth/login', POST]
26-09-16 09:29:20.679 [http-nio-8080-exec-8] TRACE o.s.security.web.FilterChainProxy - Invoking DefaultResourcesFilter (8/14)
26-09-16 09:29:20.679 [http-nio-8080-exec-8] TRACE o.s.security.web.FilterChainProxy - Invoking DefaultLoginPageGeneratingFilter (9/14)
26-09-16 09:29:20.679 [http-nio-8080-exec-8] TRACE o.s.security.web.FilterChainProxy - Invoking DefaultLogoutPageGeneratingFilter (10/14)
26-09-16 09:29:20.680 [http-nio-8080-exec-8] TRACE o.s.s.w.a.u.DefaultLogoutPageGeneratingFilter - Did not render default logout page since request did not match [Ant [pattern='/logout', GET]]
26-09-16 09:29:20.680 [http-nio-8080-exec-8] TRACE o.s.security.web.FilterChainProxy - Invoking RequestCacheAwareFilter (11/14)
26-09-16 09:29:20.680 [http-nio-8080-exec-8] TRACE o.s.s.w.s.HttpSessionRequestCache - matchingRequestParameterName is required for getMatchingRequest to lookup a value, but not provided
26-09-16 09:29:20.680 [http-nio-8080-exec-8] TRACE o.s.security.web.FilterChainProxy - Invoking SecurityContextHolderAwareRequestFilter (12/14)
26-09-16 09:29:20.680 [http-nio-8080-exec-8] TRACE o.s.security.web.FilterChainProxy - Invoking AnonymousAuthenticationFilter (13/14)
26-09-16 09:29:20.680 [http-nio-8080-exec-8] TRACE o.s.security.web.FilterChainProxy - Invoking ExceptionTranslationFilter (14/14)
26-09-16 09:29:20.681 [http-nio-8080-exec-8] DEBUG o.s.security.web.FilterChainProxy - Secured GET /api/auth/csrf-token
26-09-16 09:29:20.693 [http-nio-8080-exec-8] TRACE o.s.s.w.c.HttpSessionSecurityContextRepository - Retrieved SecurityContextImpl [Authentication=UsernamePasswordAuthenticationToken [Principal=com.sprint.mission.discodeit.security.DiscodeitUserDetails@7be56cf1, Credentials=[PROTECTED], Authenticated=true, Details=WebAuthenticationDetails [RemoteIpAddress=0:0:0:0:0:0:0:1, SessionId=null], Granted Authorities=[]]] from SPRING_SECURITY_CONTEXT
26-09-16 09:29:20.694 [http-nio-8080-exec-8] TRACE o.s.s.w.a.AnonymousAuthenticationFilter - Did not set SecurityContextHolder since already authenticated UsernamePasswordAuthenticationToken [Principal=com.sprint.mission.discodeit.security.DiscodeitUserDetails@7be56cf1, Credentials=[PROTECTED], Authenticated=true, Details=WebAuthenticationDetails [RemoteIpAddress=0:0:0:0:0:0:0:1, SessionId=null], Granted Authorities=[]]
26-09-16 09:29:20.694 [http-nio-8080-exec-8] TRACE o.s.s.w.h.writers.HstsHeaderWriter - Not injecting HSTS header since it did not match request to [Is Secure]
26-09-16 09:29:38.475 [http-nio-8080-exec-9] TRACE o.s.security.web.FilterChainProxy - Trying to match request against DefaultSecurityFilterChain defined as 'filterChain' in [class path resource [com/sprint/mission/discodeit/config/SecurityConfig.class]] matching [any request] and having filters [DisableEncodeUrl, WebAsyncManagerIntegration, SecurityContextHolder, HeaderWriter, Csrf, Logout, UsernamePasswordAuthentication, DefaultResources, DefaultLoginPageGenerating, DefaultLogoutPageGenerating, RequestCacheAware, SecurityContextHolderAwareRequest, AnonymousAuthentication, ExceptionTranslation] (1/1)
26-09-16 09:29:38.476 [http-nio-8080-exec-9] DEBUG o.s.security.web.FilterChainProxy - Securing GET /api/auth/csrf-token
26-09-16 09:29:38.477 [http-nio-8080-exec-9] TRACE o.s.security.web.FilterChainProxy - Invoking DisableEncodeUrlFilter (1/14)
26-09-16 09:29:38.477 [http-nio-8080-exec-9] TRACE o.s.security.web.FilterChainProxy - Invoking WebAsyncManagerIntegrationFilter (2/14)
26-09-16 09:29:38.477 [http-nio-8080-exec-9] TRACE o.s.security.web.FilterChainProxy - Invoking SecurityContextHolderFilter (3/14)
26-09-16 09:29:38.477 [http-nio-8080-exec-9] TRACE o.s.security.web.FilterChainProxy - Invoking HeaderWriterFilter (4/14)
26-09-16 09:29:38.477 [http-nio-8080-exec-9] TRACE o.s.security.web.FilterChainProxy - Invoking CsrfFilter (5/14)
26-09-16 09:29:38.478 [http-nio-8080-exec-9] TRACE o.s.security.web.csrf.CsrfFilter - Did not protect against CSRF since request did not match CsrfNotRequired [TRACE, HEAD, GET, OPTIONS]
26-09-16 09:29:38.479 [http-nio-8080-exec-9] TRACE o.s.security.web.FilterChainProxy - Invoking LogoutFilter (6/14)
26-09-16 09:29:38.479 [http-nio-8080-exec-9] TRACE o.s.s.w.a.logout.LogoutFilter - Did not match request to Ant [pattern='/api/auth/logout', POST]
26-09-16 09:29:38.479 [http-nio-8080-exec-9] TRACE o.s.security.web.FilterChainProxy - Invoking UsernamePasswordAuthenticationFilter (7/14)
26-09-16 09:29:38.479 [http-nio-8080-exec-9] TRACE o.s.s.w.a.UsernamePasswordAuthenticationFilter - Did not match request to Ant [pattern='/api/auth/login', POST]
26-09-16 09:29:38.479 [http-nio-8080-exec-9] TRACE o.s.security.web.FilterChainProxy - Invoking DefaultResourcesFilter (8/14)
26-09-16 09:29:38.479 [http-nio-8080-exec-9] TRACE o.s.security.web.FilterChainProxy - Invoking DefaultLoginPageGeneratingFilter (9/14)
26-09-16 09:29:38.479 [http-nio-8080-exec-9] TRACE o.s.security.web.FilterChainProxy - Invoking DefaultLogoutPageGeneratingFilter (10/14)
26-09-16 09:29:38.479 [http-nio-8080-exec-9] TRACE o.s.s.w.a.u.DefaultLogoutPageGeneratingFilter - Did not render default logout page since request did not match [Ant [pattern='/logout', GET]]
26-09-16 09:29:38.479 [http-nio-8080-exec-9] TRACE o.s.security.web.FilterChainProxy - Invoking RequestCacheAwareFilter (11/14)
26-09-16 09:29:38.479 [http-nio-8080-exec-9] TRACE o.s.s.w.s.HttpSessionRequestCache - matchingRequestParameterName is required for getMatchingRequest to lookup a value, but not provided
26-09-16 09:29:38.480 [http-nio-8080-exec-9] TRACE o.s.security.web.FilterChainProxy - Invoking SecurityContextHolderAwareRequestFilter (12/14)
26-09-16 09:29:38.480 [http-nio-8080-exec-9] TRACE o.s.security.web.FilterChainProxy - Invoking AnonymousAuthenticationFilter (13/14)
26-09-16 09:29:38.480 [http-nio-8080-exec-9] TRACE o.s.security.web.FilterChainProxy - Invoking ExceptionTranslationFilter (14/14)
26-09-16 09:29:38.481 [http-nio-8080-exec-9] DEBUG o.s.security.web.FilterChainProxy - Secured GET /api/auth/csrf-token
26-09-16 09:29:38.484 [http-nio-8080-exec-9] TRACE o.s.s.w.c.HttpSessionSecurityContextRepository - Retrieved SecurityContextImpl [Authentication=UsernamePasswordAuthenticationToken [Principal=com.sprint.mission.discodeit.security.DiscodeitUserDetails@7be56cf1, Credentials=[PROTECTED], Authenticated=true, Details=WebAuthenticationDetails [RemoteIpAddress=0:0:0:0:0:0:0:1, SessionId=null], Granted Authorities=[]]] from SPRING_SECURITY_CONTEXT
26-09-16 09:29:38.484 [http-nio-8080-exec-9] TRACE o.s.s.w.a.AnonymousAuthenticationFilter - Did not set SecurityContextHolder since already authenticated UsernamePasswordAuthenticationToken [Principal=com.sprint.mission.discodeit.security.DiscodeitUserDetails@7be56cf1, Credentials=[PROTECTED], Authenticated=true, Details=WebAuthenticationDetails [RemoteIpAddress=0:0:0:0:0:0:0:1, SessionId=null], Granted Authorities=[]]
26-09-16 09:29:38.484 [http-nio-8080-exec-9] TRACE o.s.s.w.h.writers.HstsHeaderWriter - Not injecting HSTS header since it did not match request to [Is Secure]
26-09-16 09:29:56.394 [http-nio-8080-exec-10] TRACE o.s.security.web.FilterChainProxy - Trying to match request against DefaultSecurityFilterChain defined as 'filterChain' in [class path resource [com/sprint/mission/discodeit/config/SecurityConfig.class]] matching [any request] and having filters [DisableEncodeUrl, WebAsyncManagerIntegration, SecurityContextHolder, HeaderWriter, Csrf, Logout, UsernamePasswordAuthentication, DefaultResources, DefaultLoginPageGenerating, DefaultLogoutPageGenerating, RequestCacheAware, SecurityContextHolderAwareRequest, AnonymousAuthentication, ExceptionTranslation] (1/1)
26-09-16 09:29:56.396 [http-nio-8080-exec-10] DEBUG o.s.security.web.FilterChainProxy - Securing POST /api/auth/logout
26-09-16 09:29:56.396 [http-nio-8080-exec-10] TRACE o.s.security.web.FilterChainProxy - Invoking DisableEncodeUrlFilter (1/14)
26-09-16 09:29:56.397 [http-nio-8080-exec-10] TRACE o.s.security.web.FilterChainProxy - Invoking WebAsyncManagerIntegrationFilter (2/14)
26-09-16 09:29:56.397 [http-nio-8080-exec-10] TRACE o.s.security.web.FilterChainProxy - Invoking SecurityContextHolderFilter (3/14)
26-09-16 09:29:56.400 [http-nio-8080-exec-10] TRACE o.s.security.web.FilterChainProxy - Invoking HeaderWriterFilter (4/14)
26-09-16 09:29:56.400 [http-nio-8080-exec-10] TRACE o.s.security.web.FilterChainProxy - Invoking CsrfFilter (5/14)
26-09-16 09:29:56.401 [http-nio-8080-exec-10] TRACE o.s.security.web.FilterChainProxy - Invoking LogoutFilter (6/14)
26-09-16 09:29:56.402 [http-nio-8080-exec-10] TRACE o.s.s.w.c.HttpSessionSecurityContextRepository - Retrieved SecurityContextImpl [Authentication=UsernamePasswordAuthenticationToken [Principal=com.sprint.mission.discodeit.security.DiscodeitUserDetails@7be56cf1, Credentials=[PROTECTED], Authenticated=true, Details=WebAuthenticationDetails [RemoteIpAddress=0:0:0:0:0:0:0:1, SessionId=null], Granted Authorities=[]]] from SPRING_SECURITY_CONTEXT
26-09-16 09:29:56.402 [http-nio-8080-exec-10] DEBUG o.s.s.w.a.logout.LogoutFilter - Logging out [UsernamePasswordAuthenticationToken [Principal=com.sprint.mission.discodeit.security.DiscodeitUserDetails@7be56cf1, Credentials=[PROTECTED], Authenticated=true, Details=WebAuthenticationDetails [RemoteIpAddress=0:0:0:0:0:0:0:1, SessionId=null], Granted Authorities=[]]]
26-09-16 09:29:56.403 [http-nio-8080-exec-10] DEBUG o.s.s.w.a.l.SecurityContextLogoutHandler - Invalidated session 8775978595136C582AD690203CDB1E68
26-09-16 09:29:56.407 [http-nio-8080-exec-10] TRACE o.s.s.w.h.writers.HstsHeaderWriter - Not injecting HSTS header since it did not match request to [Is Secure]
26-09-16 09:31:33.883 [SpringApplicationShutdownHook] INFO  o.s.b.w.e.tomcat.GracefulShutdown - Commencing graceful shutdown. Waiting for active requests to complete
26-09-16 09:31:33.891 [tomcat-shutdown] INFO  o.s.b.w.e.tomcat.GracefulShutdown - Graceful shutdown complete
26-09-16 09:31:33.949 [SpringApplicationShutdownHook] INFO  o.s.o.j.LocalContainerEntityManagerFactoryBean - Closing JPA EntityManagerFactory for persistence unit 'default'
26-09-16 09:31:33.975 [SpringApplicationShutdownHook] INFO  com.zaxxer.hikari.HikariDataSource - HikariPool-1 - Shutdown initiated...
26-09-16 09:31:33.982 [SpringApplicationShutdownHook] INFO  com.zaxxer.hikari.HikariDataSource - HikariPool-1 - Shutdown completed.
26-09-16 09:33:14.419 [background-preinit] INFO  o.h.validator.internal.util.Version - HV000001: Hibernate Validator 8.0.1.Final
26-09-16 09:33:14.468 [main] INFO  c.s.m.discodeit.DiscodeitApplication - Starting DiscodeitApplication using Java 17.0.19 with PID 99501 (/Users/jangjunseo/Desktop/codei_13th_develop/13-sprint-mission/build/classes/java/main started by jangjunseo in /Users/jangjunseo/Desktop/codei_13th_develop/13-sprint-mission)
26-09-16 09:33:14.469 [main] INFO  c.s.m.discodeit.DiscodeitApplication - The following 1 profile is active: "dev"
26-09-16 09:33:15.223 [main] INFO  o.s.d.r.c.RepositoryConfigurationDelegate - Bootstrapping Spring Data JPA repositories in DEFAULT mode.
26-09-16 09:33:15.273 [main] INFO  o.s.d.r.c.RepositoryConfigurationDelegate - Finished Spring Data repository scanning in 42 ms. Found 6 JPA repository interfaces.
26-09-16 09:33:15.765 [main] INFO  o.s.b.w.e.tomcat.TomcatWebServer - Tomcat initialized with port 8080 (http)
26-09-16 09:33:15.774 [main] INFO  o.a.coyote.http11.Http11NioProtocol - Initializing ProtocolHandler ["http-nio-8080"]
26-09-16 09:33:15.775 [main] INFO  o.a.catalina.core.StandardService - Starting service [Tomcat]
26-09-16 09:33:15.775 [main] INFO  o.a.catalina.core.StandardEngine - Starting Servlet engine: [Apache Tomcat/10.1.33]
26-09-16 09:33:15.811 [main] INFO  o.a.c.c.C.[Tomcat].[localhost].[/] - Initializing Spring embedded WebApplicationContext
26-09-16 09:33:15.811 [main] INFO  o.s.b.w.s.c.ServletWebServerApplicationContext - Root WebApplicationContext: initialization completed in 1316 ms
26-09-16 09:33:15.958 [main] INFO  com.zaxxer.hikari.HikariDataSource - HikariPool-1 - Starting...
26-09-16 09:33:16.064 [main] INFO  com.zaxxer.hikari.pool.HikariPool - HikariPool-1 - Added connection org.postgresql.jdbc.PgConnection@343d1d25
26-09-16 09:33:16.065 [main] INFO  com.zaxxer.hikari.HikariDataSource - HikariPool-1 - Start completed.
26-09-16 09:33:16.128 [main] INFO  o.h.jpa.internal.util.LogHelper - HHH000204: Processing PersistenceUnitInfo [name: default]
26-09-16 09:33:16.179 [main] INFO  org.hibernate.Version - HHH000412: Hibernate ORM core version 6.6.2.Final
26-09-16 09:33:16.208 [main] INFO  o.h.c.i.RegionFactoryInitiator - HHH000026: Second-level cache disabled
26-09-16 09:33:16.435 [main] INFO  o.s.o.j.p.SpringPersistenceUnitInfo - No LoadTimeWeaver setup: ignoring JPA class transformer
26-09-16 09:33:16.530 [main] INFO  o.hibernate.orm.connections.pooling - HHH10001005: Database info:
	Database JDBC URL [Connecting through datasource 'HikariDataSource (HikariPool-1)']
	Database driver: undefined/unknown
	Database version: 17.10
	Autocommit mode: undefined/unknown
	Isolation level: undefined/unknown
	Minimum pool size: undefined/unknown
	Maximum pool size: undefined/unknown
26-09-16 09:33:17.123 [main] INFO  o.h.e.t.j.p.i.JtaPlatformInitiator - HHH000489: No JTA platform available (set 'hibernate.transaction.jta.platform' to enable JTA platform integration)
26-09-16 09:33:17.166 [main] INFO  o.s.o.j.LocalContainerEntityManagerFactoryBean - Initialized JPA EntityManagerFactory for persistence unit 'default'
26-09-16 09:33:17.658 [main] TRACE o.s.s.c.a.a.c.AuthenticationConfiguration$EnableGlobalAuthenticationAutowiredConfigurer - Eagerly initializing {securityConfig=com.sprint.mission.discodeit.config.SecurityConfig$$SpringCGLIB$$0@5d3a147f}
26-09-16 09:33:17.663 [main] INFO  o.s.s.c.a.a.c.InitializeUserDetailsBeanManagerConfigurer$InitializeUserDetailsManagerConfigurer - Global AuthenticationManager configured with UserDetailsService bean with name discodeitUserDetailsService
26-09-16 09:33:17.728 [main] INFO  o.s.b.a.w.s.WelcomePageHandlerMapping - Adding welcome page: class path resource [static/index.html]
26-09-16 09:33:17.926 [main] INFO  o.s.b.a.e.web.EndpointLinksResolver - Exposing 4 endpoints beneath base path '/actuator'
26-09-16 09:33:17.968 [main] DEBUG o.s.s.web.DefaultSecurityFilterChain - Will secure any request with filters: DisableEncodeUrlFilter, WebAsyncManagerIntegrationFilter, SecurityContextHolderFilter, HeaderWriterFilter, CsrfFilter, LogoutFilter, UsernamePasswordAuthenticationFilter, DefaultResourcesFilter, DefaultLoginPageGeneratingFilter, DefaultLogoutPageGeneratingFilter, RequestCacheAwareFilter, SecurityContextHolderAwareRequestFilter, AnonymousAuthenticationFilter, ExceptionTranslationFilter
26-09-16 09:33:18.310 [main] INFO  o.a.coyote.http11.Http11NioProtocol - Starting ProtocolHandler ["http-nio-8080"]
26-09-16 09:33:18.321 [main] INFO  o.s.b.w.e.tomcat.TomcatWebServer - Tomcat started on port 8080 (http) with context path '/'
26-09-16 09:33:18.334 [main] INFO  c.s.m.discodeit.DiscodeitApplication - Started DiscodeitApplication in 4.261 seconds (process running for 4.978)
26-09-16 09:33:18.663 [RMI TCP Connection(2)-127.0.0.1] INFO  o.a.c.c.C.[Tomcat].[localhost].[/] - Initializing Spring DispatcherServlet 'dispatcherServlet'
26-09-16 09:33:18.663 [RMI TCP Connection(2)-127.0.0.1] INFO  o.s.web.servlet.DispatcherServlet - Initializing Servlet 'dispatcherServlet'
26-09-16 09:33:18.666 [RMI TCP Connection(2)-127.0.0.1] INFO  o.s.web.servlet.DispatcherServlet - Completed initialization in 2 ms
26-09-16 09:33:35.323 [http-nio-8080-exec-1] TRACE o.s.security.web.FilterChainProxy - Trying to match request against DefaultSecurityFilterChain defined as 'filterChain' in [class path resource [com/sprint/mission/discodeit/config/SecurityConfig.class]] matching [any request] and having filters [DisableEncodeUrl, WebAsyncManagerIntegration, SecurityContextHolder, HeaderWriter, Csrf, Logout, UsernamePasswordAuthentication, DefaultResources, DefaultLoginPageGenerating, DefaultLogoutPageGenerating, RequestCacheAware, SecurityContextHolderAwareRequest, AnonymousAuthentication, ExceptionTranslation] (1/1)
26-09-16 09:33:35.324 [http-nio-8080-exec-1] DEBUG o.s.security.web.FilterChainProxy - Securing GET /api/auth/csrf-token
26-09-16 09:33:35.326 [http-nio-8080-exec-1] TRACE o.s.security.web.FilterChainProxy - Invoking DisableEncodeUrlFilter (1/14)
26-09-16 09:33:35.329 [http-nio-8080-exec-1] TRACE o.s.security.web.FilterChainProxy - Invoking WebAsyncManagerIntegrationFilter (2/14)
26-09-16 09:33:35.334 [http-nio-8080-exec-1] TRACE o.s.security.web.FilterChainProxy - Invoking SecurityContextHolderFilter (3/14)
26-09-16 09:33:35.335 [http-nio-8080-exec-1] TRACE o.s.security.web.FilterChainProxy - Invoking HeaderWriterFilter (4/14)
26-09-16 09:33:35.337 [http-nio-8080-exec-1] TRACE o.s.security.web.FilterChainProxy - Invoking CsrfFilter (5/14)
26-09-16 09:33:35.340 [http-nio-8080-exec-1] TRACE o.s.security.web.csrf.CsrfFilter - Did not protect against CSRF since request did not match CsrfNotRequired [TRACE, HEAD, GET, OPTIONS]
26-09-16 09:33:35.340 [http-nio-8080-exec-1] TRACE o.s.security.web.FilterChainProxy - Invoking LogoutFilter (6/14)
26-09-16 09:33:35.340 [http-nio-8080-exec-1] TRACE o.s.s.w.a.logout.LogoutFilter - Did not match request to Ant [pattern='/api/auth/logout', POST]
26-09-16 09:33:35.340 [http-nio-8080-exec-1] TRACE o.s.security.web.FilterChainProxy - Invoking UsernamePasswordAuthenticationFilter (7/14)
26-09-16 09:33:35.340 [http-nio-8080-exec-1] TRACE o.s.s.w.a.UsernamePasswordAuthenticationFilter - Did not match request to Ant [pattern='/api/auth/login', POST]
26-09-16 09:33:35.340 [http-nio-8080-exec-1] TRACE o.s.security.web.FilterChainProxy - Invoking DefaultResourcesFilter (8/14)
26-09-16 09:33:35.340 [http-nio-8080-exec-1] TRACE o.s.security.web.FilterChainProxy - Invoking DefaultLoginPageGeneratingFilter (9/14)
26-09-16 09:33:35.340 [http-nio-8080-exec-1] TRACE o.s.security.web.FilterChainProxy - Invoking DefaultLogoutPageGeneratingFilter (10/14)
26-09-16 09:33:35.340 [http-nio-8080-exec-1] TRACE o.s.s.w.a.u.DefaultLogoutPageGeneratingFilter - Did not render default logout page since request did not match [Ant [pattern='/logout', GET]]
26-09-16 09:33:35.340 [http-nio-8080-exec-1] TRACE o.s.security.web.FilterChainProxy - Invoking RequestCacheAwareFilter (11/14)
26-09-16 09:33:35.341 [http-nio-8080-exec-1] TRACE o.s.s.w.s.HttpSessionRequestCache - matchingRequestParameterName is required for getMatchingRequest to lookup a value, but not provided
26-09-16 09:33:35.341 [http-nio-8080-exec-1] TRACE o.s.security.web.FilterChainProxy - Invoking SecurityContextHolderAwareRequestFilter (12/14)
26-09-16 09:33:35.341 [http-nio-8080-exec-1] TRACE o.s.security.web.FilterChainProxy - Invoking AnonymousAuthenticationFilter (13/14)
26-09-16 09:33:35.341 [http-nio-8080-exec-1] TRACE o.s.security.web.FilterChainProxy - Invoking ExceptionTranslationFilter (14/14)
26-09-16 09:33:35.342 [http-nio-8080-exec-1] DEBUG o.s.security.web.FilterChainProxy - Secured GET /api/auth/csrf-token
26-09-16 09:33:35.363 [http-nio-8080-exec-1] TRACE o.s.s.w.c.HttpSessionSecurityContextRepository - No HttpSession currently exists
26-09-16 09:33:35.364 [http-nio-8080-exec-1] TRACE o.s.s.w.c.SupplierDeferredSecurityContext - Created SecurityContextImpl [Null authentication]
26-09-16 09:33:35.364 [http-nio-8080-exec-1] TRACE o.s.s.w.c.SupplierDeferredSecurityContext - Created SecurityContextImpl [Null authentication]
26-09-16 09:33:35.364 [http-nio-8080-exec-1] TRACE o.s.s.w.a.AnonymousAuthenticationFilter - Set SecurityContextHolder to AnonymousAuthenticationToken [Principal=anonymousUser, Credentials=[PROTECTED], Authenticated=true, Details=WebAuthenticationDetails [RemoteIpAddress=0:0:0:0:0:0:0:1, SessionId=null], Granted Authorities=[ROLE_ANONYMOUS]]
26-09-16 09:33:35.365 [http-nio-8080-exec-1] TRACE o.s.s.w.h.writers.HstsHeaderWriter - Not injecting HSTS header since it did not match request to [Is Secure]
26-09-16 09:33:41.191 [http-nio-8080-exec-2] TRACE o.s.security.web.FilterChainProxy - Trying to match request against DefaultSecurityFilterChain defined as 'filterChain' in [class path resource [com/sprint/mission/discodeit/config/SecurityConfig.class]] matching [any request] and having filters [DisableEncodeUrl, WebAsyncManagerIntegration, SecurityContextHolder, HeaderWriter, Csrf, Logout, UsernamePasswordAuthentication, DefaultResources, DefaultLoginPageGenerating, DefaultLogoutPageGenerating, RequestCacheAware, SecurityContextHolderAwareRequest, AnonymousAuthentication, ExceptionTranslation] (1/1)
26-09-16 09:33:41.193 [http-nio-8080-exec-2] DEBUG o.s.security.web.FilterChainProxy - Securing GET /api/auth/csrf-token
26-09-16 09:33:41.193 [http-nio-8080-exec-2] TRACE o.s.security.web.FilterChainProxy - Invoking DisableEncodeUrlFilter (1/14)
26-09-16 09:33:41.194 [http-nio-8080-exec-2] TRACE o.s.security.web.FilterChainProxy - Invoking WebAsyncManagerIntegrationFilter (2/14)
26-09-16 09:33:41.194 [http-nio-8080-exec-2] TRACE o.s.security.web.FilterChainProxy - Invoking SecurityContextHolderFilter (3/14)
26-09-16 09:33:41.194 [http-nio-8080-exec-2] TRACE o.s.security.web.FilterChainProxy - Invoking HeaderWriterFilter (4/14)
26-09-16 09:33:41.194 [http-nio-8080-exec-2] TRACE o.s.security.web.FilterChainProxy - Invoking CsrfFilter (5/14)
26-09-16 09:33:41.196 [http-nio-8080-exec-2] TRACE o.s.security.web.csrf.CsrfFilter - Did not protect against CSRF since request did not match CsrfNotRequired [TRACE, HEAD, GET, OPTIONS]
26-09-16 09:33:41.196 [http-nio-8080-exec-2] TRACE o.s.security.web.FilterChainProxy - Invoking LogoutFilter (6/14)
26-09-16 09:33:41.196 [http-nio-8080-exec-2] TRACE o.s.s.w.a.logout.LogoutFilter - Did not match request to Ant [pattern='/api/auth/logout', POST]
26-09-16 09:33:41.197 [http-nio-8080-exec-2] TRACE o.s.security.web.FilterChainProxy - Invoking UsernamePasswordAuthenticationFilter (7/14)
26-09-16 09:33:41.197 [http-nio-8080-exec-2] TRACE o.s.s.w.a.UsernamePasswordAuthenticationFilter - Did not match request to Ant [pattern='/api/auth/login', POST]
26-09-16 09:33:41.197 [http-nio-8080-exec-2] TRACE o.s.security.web.FilterChainProxy - Invoking DefaultResourcesFilter (8/14)
26-09-16 09:33:41.197 [http-nio-8080-exec-2] TRACE o.s.security.web.FilterChainProxy - Invoking DefaultLoginPageGeneratingFilter (9/14)
26-09-16 09:33:41.197 [http-nio-8080-exec-2] TRACE o.s.security.web.FilterChainProxy - Invoking DefaultLogoutPageGeneratingFilter (10/14)
26-09-16 09:33:41.197 [http-nio-8080-exec-2] TRACE o.s.s.w.a.u.DefaultLogoutPageGeneratingFilter - Did not render default logout page since request did not match [Ant [pattern='/logout', GET]]
26-09-16 09:33:41.198 [http-nio-8080-exec-2] TRACE o.s.security.web.FilterChainProxy - Invoking RequestCacheAwareFilter (11/14)
26-09-16 09:33:41.198 [http-nio-8080-exec-2] TRACE o.s.s.w.s.HttpSessionRequestCache - matchingRequestParameterName is required for getMatchingRequest to lookup a value, but not provided
26-09-16 09:33:41.198 [http-nio-8080-exec-2] TRACE o.s.security.web.FilterChainProxy - Invoking SecurityContextHolderAwareRequestFilter (12/14)
26-09-16 09:33:41.198 [http-nio-8080-exec-2] TRACE o.s.security.web.FilterChainProxy - Invoking AnonymousAuthenticationFilter (13/14)
26-09-16 09:33:41.198 [http-nio-8080-exec-2] TRACE o.s.security.web.FilterChainProxy - Invoking ExceptionTranslationFilter (14/14)
26-09-16 09:33:41.199 [http-nio-8080-exec-2] DEBUG o.s.security.web.FilterChainProxy - Secured GET /api/auth/csrf-token
26-09-16 09:33:41.201 [http-nio-8080-exec-2] TRACE o.s.s.w.c.HttpSessionSecurityContextRepository - No HttpSession currently exists
26-09-16 09:33:41.201 [http-nio-8080-exec-2] TRACE o.s.s.w.c.SupplierDeferredSecurityContext - Created SecurityContextImpl [Null authentication]
26-09-16 09:33:41.201 [http-nio-8080-exec-2] TRACE o.s.s.w.c.SupplierDeferredSecurityContext - Created SecurityContextImpl [Null authentication]
26-09-16 09:33:41.201 [http-nio-8080-exec-2] TRACE o.s.s.w.a.AnonymousAuthenticationFilter - Set SecurityContextHolder to AnonymousAuthenticationToken [Principal=anonymousUser, Credentials=[PROTECTED], Authenticated=true, Details=WebAuthenticationDetails [RemoteIpAddress=0:0:0:0:0:0:0:1, SessionId=null], Granted Authorities=[ROLE_ANONYMOUS]]
26-09-16 09:33:41.202 [http-nio-8080-exec-2] TRACE o.s.s.w.h.writers.HstsHeaderWriter - Not injecting HSTS header since it did not match request to [Is Secure]
26-09-16 09:34:06.244 [http-nio-8080-exec-3] TRACE o.s.security.web.FilterChainProxy - Trying to match request against DefaultSecurityFilterChain defined as 'filterChain' in [class path resource [com/sprint/mission/discodeit/config/SecurityConfig.class]] matching [any request] and having filters [DisableEncodeUrl, WebAsyncManagerIntegration, SecurityContextHolder, HeaderWriter, Csrf, Logout, UsernamePasswordAuthentication, DefaultResources, DefaultLoginPageGenerating, DefaultLogoutPageGenerating, RequestCacheAware, SecurityContextHolderAwareRequest, AnonymousAuthentication, ExceptionTranslation] (1/1)
26-09-16 09:34:06.245 [http-nio-8080-exec-3] DEBUG o.s.security.web.FilterChainProxy - Securing POST /api/auth/login
26-09-16 09:34:06.245 [http-nio-8080-exec-3] TRACE o.s.security.web.FilterChainProxy - Invoking DisableEncodeUrlFilter (1/14)
26-09-16 09:34:06.245 [http-nio-8080-exec-3] TRACE o.s.security.web.FilterChainProxy - Invoking WebAsyncManagerIntegrationFilter (2/14)
26-09-16 09:34:06.245 [http-nio-8080-exec-3] TRACE o.s.security.web.FilterChainProxy - Invoking SecurityContextHolderFilter (3/14)
26-09-16 09:34:06.246 [http-nio-8080-exec-3] TRACE o.s.security.web.FilterChainProxy - Invoking HeaderWriterFilter (4/14)
26-09-16 09:34:06.246 [http-nio-8080-exec-3] TRACE o.s.security.web.FilterChainProxy - Invoking CsrfFilter (5/14)
26-09-16 09:34:06.247 [http-nio-8080-exec-3] TRACE o.s.security.web.FilterChainProxy - Invoking LogoutFilter (6/14)
26-09-16 09:34:06.247 [http-nio-8080-exec-3] TRACE o.s.s.w.a.logout.LogoutFilter - Did not match request to Ant [pattern='/api/auth/logout', POST]
26-09-16 09:34:06.247 [http-nio-8080-exec-3] TRACE o.s.security.web.FilterChainProxy - Invoking UsernamePasswordAuthenticationFilter (7/14)
26-09-16 09:34:06.249 [http-nio-8080-exec-3] TRACE o.s.s.authentication.ProviderManager - Authenticating request with DaoAuthenticationProvider (1/1)
26-09-16 09:34:06.705 [http-nio-8080-exec-3] DEBUG o.s.s.a.d.DaoAuthenticationProvider - Authenticated user
26-09-16 09:34:06.706 [http-nio-8080-exec-3] TRACE o.s.s.w.a.s.CompositeSessionAuthenticationStrategy - Preparing session with ChangeSessionIdAuthenticationStrategy (1/2)
26-09-16 09:34:06.706 [http-nio-8080-exec-3] TRACE o.s.s.w.a.s.CompositeSessionAuthenticationStrategy - Preparing session with CsrfAuthenticationStrategy (2/2)
26-09-16 09:34:06.706 [http-nio-8080-exec-3] DEBUG o.s.s.w.c.CsrfAuthenticationStrategy - Replaced CSRF Token
26-09-16 09:34:06.724 [http-nio-8080-exec-3] DEBUG o.s.s.w.c.HttpSessionSecurityContextRepository - Stored SecurityContextImpl [Authentication=UsernamePasswordAuthenticationToken [Principal=com.sprint.mission.discodeit.security.DiscodeitUserDetails@1bed39b8, Credentials=[PROTECTED], Authenticated=true, Details=WebAuthenticationDetails [RemoteIpAddress=0:0:0:0:0:0:0:1, SessionId=null], Granted Authorities=[]]] to HttpSession [org.apache.catalina.session.StandardSessionFacade@6ed2a688]
26-09-16 09:34:06.724 [http-nio-8080-exec-3] DEBUG o.s.s.w.a.UsernamePasswordAuthenticationFilter - Set SecurityContextHolder to UsernamePasswordAuthenticationToken [Principal=com.sprint.mission.discodeit.security.DiscodeitUserDetails@1bed39b8, Credentials=[PROTECTED], Authenticated=true, Details=WebAuthenticationDetails [RemoteIpAddress=0:0:0:0:0:0:0:1, SessionId=null], Granted Authorities=[]]
26-09-16 09:34:06.744 [http-nio-8080-exec-3] TRACE o.s.s.w.h.writers.HstsHeaderWriter - Not injecting HSTS header since it did not match request to [Is Secure]
26-09-16 09:34:35.618 [http-nio-8080-exec-4] TRACE o.s.security.web.FilterChainProxy - Trying to match request against DefaultSecurityFilterChain defined as 'filterChain' in [class path resource [com/sprint/mission/discodeit/config/SecurityConfig.class]] matching [any request] and having filters [DisableEncodeUrl, WebAsyncManagerIntegration, SecurityContextHolder, HeaderWriter, Csrf, Logout, UsernamePasswordAuthentication, DefaultResources, DefaultLoginPageGenerating, DefaultLogoutPageGenerating, RequestCacheAware, SecurityContextHolderAwareRequest, AnonymousAuthentication, ExceptionTranslation] (1/1)
26-09-16 09:34:35.619 [http-nio-8080-exec-4] DEBUG o.s.security.web.FilterChainProxy - Securing POST /api/auth/logout
26-09-16 09:34:35.619 [http-nio-8080-exec-4] TRACE o.s.security.web.FilterChainProxy - Invoking DisableEncodeUrlFilter (1/14)
26-09-16 09:34:35.620 [http-nio-8080-exec-4] TRACE o.s.security.web.FilterChainProxy - Invoking WebAsyncManagerIntegrationFilter (2/14)
26-09-16 09:34:35.620 [http-nio-8080-exec-4] TRACE o.s.security.web.FilterChainProxy - Invoking SecurityContextHolderFilter (3/14)
26-09-16 09:34:35.620 [http-nio-8080-exec-4] TRACE o.s.security.web.FilterChainProxy - Invoking HeaderWriterFilter (4/14)
26-09-16 09:34:35.620 [http-nio-8080-exec-4] TRACE o.s.security.web.FilterChainProxy - Invoking CsrfFilter (5/14)
26-09-16 09:34:35.621 [http-nio-8080-exec-4] DEBUG o.s.security.web.csrf.CsrfFilter - Invalid CSRF token found for http://localhost:8080/api/auth/logout
26-09-16 09:34:35.622 [http-nio-8080-exec-4] DEBUG o.s.s.w.a.AccessDeniedHandlerImpl - Responding with 403 status code
26-09-16 09:34:35.622 [http-nio-8080-exec-4] TRACE o.s.s.w.h.writers.HstsHeaderWriter - Not injecting HSTS header since it did not match request to [Is Secure]
26-09-16 09:34:35.633 [http-nio-8080-exec-4] TRACE o.s.security.web.FilterChainProxy - Trying to match request against DefaultSecurityFilterChain defined as 'filterChain' in [class path resource [com/sprint/mission/discodeit/config/SecurityConfig.class]] matching [any request] and having filters [DisableEncodeUrl, WebAsyncManagerIntegration, SecurityContextHolder, HeaderWriter, Csrf, Logout, UsernamePasswordAuthentication, DefaultResources, DefaultLoginPageGenerating, DefaultLogoutPageGenerating, RequestCacheAware, SecurityContextHolderAwareRequest, AnonymousAuthentication, ExceptionTranslation] (1/1)
26-09-16 09:34:35.633 [http-nio-8080-exec-4] DEBUG o.s.security.web.FilterChainProxy - Securing POST /error
26-09-16 09:34:35.633 [http-nio-8080-exec-4] TRACE o.s.security.web.FilterChainProxy - Invoking DisableEncodeUrlFilter (1/14)
26-09-16 09:34:35.633 [http-nio-8080-exec-4] TRACE o.s.security.web.FilterChainProxy - Invoking WebAsyncManagerIntegrationFilter (2/14)
26-09-16 09:34:35.633 [http-nio-8080-exec-4] TRACE o.s.security.web.FilterChainProxy - Invoking SecurityContextHolderFilter (3/14)
26-09-16 09:34:35.633 [http-nio-8080-exec-4] TRACE o.s.security.web.FilterChainProxy - Invoking HeaderWriterFilter (4/14)
26-09-16 09:34:35.633 [http-nio-8080-exec-4] TRACE o.s.security.web.FilterChainProxy - Invoking CsrfFilter (5/14)
26-09-16 09:34:35.633 [http-nio-8080-exec-4] TRACE o.s.security.web.FilterChainProxy - Invoking LogoutFilter (6/14)
26-09-16 09:34:35.633 [http-nio-8080-exec-4] TRACE o.s.s.w.a.logout.LogoutFilter - Did not match request to Ant [pattern='/api/auth/logout', POST]
26-09-16 09:34:35.633 [http-nio-8080-exec-4] TRACE o.s.security.web.FilterChainProxy - Invoking UsernamePasswordAuthenticationFilter (7/14)
26-09-16 09:34:35.634 [http-nio-8080-exec-4] TRACE o.s.s.w.a.UsernamePasswordAuthenticationFilter - Did not match request to Ant [pattern='/api/auth/login', POST]
26-09-16 09:34:35.634 [http-nio-8080-exec-4] TRACE o.s.security.web.FilterChainProxy - Invoking DefaultResourcesFilter (8/14)
26-09-16 09:34:35.634 [http-nio-8080-exec-4] TRACE o.s.security.web.FilterChainProxy - Invoking DefaultLoginPageGeneratingFilter (9/14)
26-09-16 09:34:35.634 [http-nio-8080-exec-4] TRACE o.s.security.web.FilterChainProxy - Invoking DefaultLogoutPageGeneratingFilter (10/14)
26-09-16 09:34:35.634 [http-nio-8080-exec-4] TRACE o.s.security.web.FilterChainProxy - Invoking RequestCacheAwareFilter (11/14)
26-09-16 09:34:35.634 [http-nio-8080-exec-4] TRACE o.s.s.w.s.HttpSessionRequestCache - matchingRequestParameterName is required for getMatchingRequest to lookup a value, but not provided
26-09-16 09:34:35.634 [http-nio-8080-exec-4] TRACE o.s.security.web.FilterChainProxy - Invoking SecurityContextHolderAwareRequestFilter (12/14)
26-09-16 09:34:35.634 [http-nio-8080-exec-4] TRACE o.s.security.web.FilterChainProxy - Invoking AnonymousAuthenticationFilter (13/14)
26-09-16 09:34:35.634 [http-nio-8080-exec-4] TRACE o.s.security.web.FilterChainProxy - Invoking ExceptionTranslationFilter (14/14)
26-09-16 09:34:35.634 [http-nio-8080-exec-4] DEBUG o.s.security.web.FilterChainProxy - Secured POST /error
26-09-16 09:34:35.654 [http-nio-8080-exec-4] TRACE o.s.s.w.c.HttpSessionSecurityContextRepository - Retrieved SecurityContextImpl [Authentication=UsernamePasswordAuthenticationToken [Principal=com.sprint.mission.discodeit.security.DiscodeitUserDetails@1bed39b8, Credentials=[PROTECTED], Authenticated=true, Details=WebAuthenticationDetails [RemoteIpAddress=0:0:0:0:0:0:0:1, SessionId=null], Granted Authorities=[]]] from SPRING_SECURITY_CONTEXT
26-09-16 09:34:35.655 [http-nio-8080-exec-4] TRACE o.s.s.w.a.AnonymousAuthenticationFilter - Did not set SecurityContextHolder since already authenticated UsernamePasswordAuthenticationToken [Principal=com.sprint.mission.discodeit.security.DiscodeitUserDetails@1bed39b8, Credentials=[PROTECTED], Authenticated=true, Details=WebAuthenticationDetails [RemoteIpAddress=0:0:0:0:0:0:0:1, SessionId=null], Granted Authorities=[]]
26-09-16 09:34:51.627 [http-nio-8080-exec-5] TRACE o.s.security.web.FilterChainProxy - Trying to match request against DefaultSecurityFilterChain defined as 'filterChain' in [class path resource [com/sprint/mission/discodeit/config/SecurityConfig.class]] matching [any request] and having filters [DisableEncodeUrl, WebAsyncManagerIntegration, SecurityContextHolder, HeaderWriter, Csrf, Logout, UsernamePasswordAuthentication, DefaultResources, DefaultLoginPageGenerating, DefaultLogoutPageGenerating, RequestCacheAware, SecurityContextHolderAwareRequest, AnonymousAuthentication, ExceptionTranslation] (1/1)
26-09-16 09:34:51.628 [http-nio-8080-exec-5] DEBUG o.s.security.web.FilterChainProxy - Securing GET /api/auth/csrf-token
26-09-16 09:34:51.628 [http-nio-8080-exec-5] TRACE o.s.security.web.FilterChainProxy - Invoking DisableEncodeUrlFilter (1/14)
26-09-16 09:34:51.628 [http-nio-8080-exec-5] TRACE o.s.security.web.FilterChainProxy - Invoking WebAsyncManagerIntegrationFilter (2/14)
26-09-16 09:34:51.628 [http-nio-8080-exec-5] TRACE o.s.security.web.FilterChainProxy - Invoking SecurityContextHolderFilter (3/14)
26-09-16 09:34:51.628 [http-nio-8080-exec-5] TRACE o.s.security.web.FilterChainProxy - Invoking HeaderWriterFilter (4/14)
26-09-16 09:34:51.628 [http-nio-8080-exec-5] TRACE o.s.security.web.FilterChainProxy - Invoking CsrfFilter (5/14)
26-09-16 09:34:51.628 [http-nio-8080-exec-5] TRACE o.s.security.web.csrf.CsrfFilter - Did not protect against CSRF since request did not match CsrfNotRequired [TRACE, HEAD, GET, OPTIONS]
26-09-16 09:34:51.628 [http-nio-8080-exec-5] TRACE o.s.security.web.FilterChainProxy - Invoking LogoutFilter (6/14)
26-09-16 09:34:51.628 [http-nio-8080-exec-5] TRACE o.s.s.w.a.logout.LogoutFilter - Did not match request to Ant [pattern='/api/auth/logout', POST]
26-09-16 09:34:51.628 [http-nio-8080-exec-5] TRACE o.s.security.web.FilterChainProxy - Invoking UsernamePasswordAuthenticationFilter (7/14)
26-09-16 09:34:51.628 [http-nio-8080-exec-5] TRACE o.s.s.w.a.UsernamePasswordAuthenticationFilter - Did not match request to Ant [pattern='/api/auth/login', POST]
26-09-16 09:34:51.629 [http-nio-8080-exec-5] TRACE o.s.security.web.FilterChainProxy - Invoking DefaultResourcesFilter (8/14)
26-09-16 09:34:51.629 [http-nio-8080-exec-5] TRACE o.s.security.web.FilterChainProxy - Invoking DefaultLoginPageGeneratingFilter (9/14)
26-09-16 09:34:51.629 [http-nio-8080-exec-5] TRACE o.s.security.web.FilterChainProxy - Invoking DefaultLogoutPageGeneratingFilter (10/14)
26-09-16 09:34:51.629 [http-nio-8080-exec-5] TRACE o.s.s.w.a.u.DefaultLogoutPageGeneratingFilter - Did not render default logout page since request did not match [Ant [pattern='/logout', GET]]
26-09-16 09:34:51.629 [http-nio-8080-exec-5] TRACE o.s.security.web.FilterChainProxy - Invoking RequestCacheAwareFilter (11/14)
26-09-16 09:34:51.629 [http-nio-8080-exec-5] TRACE o.s.s.w.s.HttpSessionRequestCache - matchingRequestParameterName is required for getMatchingRequest to lookup a value, but not provided
26-09-16 09:34:51.629 [http-nio-8080-exec-5] TRACE o.s.security.web.FilterChainProxy - Invoking SecurityContextHolderAwareRequestFilter (12/14)
26-09-16 09:34:51.629 [http-nio-8080-exec-5] TRACE o.s.security.web.FilterChainProxy - Invoking AnonymousAuthenticationFilter (13/14)
26-09-16 09:34:51.629 [http-nio-8080-exec-5] TRACE o.s.security.web.FilterChainProxy - Invoking ExceptionTranslationFilter (14/14)
26-09-16 09:34:51.630 [http-nio-8080-exec-5] DEBUG o.s.security.web.FilterChainProxy - Secured GET /api/auth/csrf-token
26-09-16 09:34:51.634 [http-nio-8080-exec-5] TRACE o.s.s.w.c.HttpSessionSecurityContextRepository - Retrieved SecurityContextImpl [Authentication=UsernamePasswordAuthenticationToken [Principal=com.sprint.mission.discodeit.security.DiscodeitUserDetails@1bed39b8, Credentials=[PROTECTED], Authenticated=true, Details=WebAuthenticationDetails [RemoteIpAddress=0:0:0:0:0:0:0:1, SessionId=null], Granted Authorities=[]]] from SPRING_SECURITY_CONTEXT
26-09-16 09:34:51.634 [http-nio-8080-exec-5] TRACE o.s.s.w.a.AnonymousAuthenticationFilter - Did not set SecurityContextHolder since already authenticated UsernamePasswordAuthenticationToken [Principal=com.sprint.mission.discodeit.security.DiscodeitUserDetails@1bed39b8, Credentials=[PROTECTED], Authenticated=true, Details=WebAuthenticationDetails [RemoteIpAddress=0:0:0:0:0:0:0:1, SessionId=null], Granted Authorities=[]]
26-09-16 09:34:51.634 [http-nio-8080-exec-5] TRACE o.s.s.w.h.writers.HstsHeaderWriter - Not injecting HSTS header since it did not match request to [Is Secure]
26-09-16 09:34:56.525 [http-nio-8080-exec-6] TRACE o.s.security.web.FilterChainProxy - Trying to match request against DefaultSecurityFilterChain defined as 'filterChain' in [class path resource [com/sprint/mission/discodeit/config/SecurityConfig.class]] matching [any request] and having filters [DisableEncodeUrl, WebAsyncManagerIntegration, SecurityContextHolder, HeaderWriter, Csrf, Logout, UsernamePasswordAuthentication, DefaultResources, DefaultLoginPageGenerating, DefaultLogoutPageGenerating, RequestCacheAware, SecurityContextHolderAwareRequest, AnonymousAuthentication, ExceptionTranslation] (1/1)
26-09-16 09:34:56.527 [http-nio-8080-exec-6] DEBUG o.s.security.web.FilterChainProxy - Securing GET /api/auth/csrf-token
26-09-16 09:34:56.527 [http-nio-8080-exec-6] TRACE o.s.security.web.FilterChainProxy - Invoking DisableEncodeUrlFilter (1/14)
26-09-16 09:34:56.528 [http-nio-8080-exec-6] TRACE o.s.security.web.FilterChainProxy - Invoking WebAsyncManagerIntegrationFilter (2/14)
26-09-16 09:34:56.528 [http-nio-8080-exec-6] TRACE o.s.security.web.FilterChainProxy - Invoking SecurityContextHolderFilter (3/14)
26-09-16 09:34:56.528 [http-nio-8080-exec-6] TRACE o.s.security.web.FilterChainProxy - Invoking HeaderWriterFilter (4/14)
26-09-16 09:34:56.528 [http-nio-8080-exec-6] TRACE o.s.security.web.FilterChainProxy - Invoking CsrfFilter (5/14)
26-09-16 09:34:56.531 [http-nio-8080-exec-6] TRACE o.s.security.web.csrf.CsrfFilter - Did not protect against CSRF since request did not match CsrfNotRequired [TRACE, HEAD, GET, OPTIONS]
26-09-16 09:34:56.531 [http-nio-8080-exec-6] TRACE o.s.security.web.FilterChainProxy - Invoking LogoutFilter (6/14)
26-09-16 09:34:56.532 [http-nio-8080-exec-6] TRACE o.s.s.w.a.logout.LogoutFilter - Did not match request to Ant [pattern='/api/auth/logout', POST]
26-09-16 09:34:56.532 [http-nio-8080-exec-6] TRACE o.s.security.web.FilterChainProxy - Invoking UsernamePasswordAuthenticationFilter (7/14)
26-09-16 09:34:56.532 [http-nio-8080-exec-6] TRACE o.s.s.w.a.UsernamePasswordAuthenticationFilter - Did not match request to Ant [pattern='/api/auth/login', POST]
26-09-16 09:34:56.532 [http-nio-8080-exec-6] TRACE o.s.security.web.FilterChainProxy - Invoking DefaultResourcesFilter (8/14)
26-09-16 09:34:56.532 [http-nio-8080-exec-6] TRACE o.s.security.web.FilterChainProxy - Invoking DefaultLoginPageGeneratingFilter (9/14)
26-09-16 09:34:56.532 [http-nio-8080-exec-6] TRACE o.s.security.web.FilterChainProxy - Invoking DefaultLogoutPageGeneratingFilter (10/14)
26-09-16 09:34:56.532 [http-nio-8080-exec-6] TRACE o.s.s.w.a.u.DefaultLogoutPageGeneratingFilter - Did not render default logout page since request did not match [Ant [pattern='/logout', GET]]
26-09-16 09:34:56.532 [http-nio-8080-exec-6] TRACE o.s.security.web.FilterChainProxy - Invoking RequestCacheAwareFilter (11/14)
26-09-16 09:34:56.532 [http-nio-8080-exec-6] TRACE o.s.s.w.s.HttpSessionRequestCache - matchingRequestParameterName is required for getMatchingRequest to lookup a value, but not provided
26-09-16 09:34:56.532 [http-nio-8080-exec-6] TRACE o.s.security.web.FilterChainProxy - Invoking SecurityContextHolderAwareRequestFilter (12/14)
26-09-16 09:34:56.532 [http-nio-8080-exec-6] TRACE o.s.security.web.FilterChainProxy - Invoking AnonymousAuthenticationFilter (13/14)
26-09-16 09:34:56.532 [http-nio-8080-exec-6] TRACE o.s.security.web.FilterChainProxy - Invoking ExceptionTranslationFilter (14/14)
26-09-16 09:34:56.533 [http-nio-8080-exec-6] DEBUG o.s.security.web.FilterChainProxy - Secured GET /api/auth/csrf-token
26-09-16 09:34:56.538 [http-nio-8080-exec-6] TRACE o.s.s.w.c.HttpSessionSecurityContextRepository - Retrieved SecurityContextImpl [Authentication=UsernamePasswordAuthenticationToken [Principal=com.sprint.mission.discodeit.security.DiscodeitUserDetails@1bed39b8, Credentials=[PROTECTED], Authenticated=true, Details=WebAuthenticationDetails [RemoteIpAddress=0:0:0:0:0:0:0:1, SessionId=null], Granted Authorities=[]]] from SPRING_SECURITY_CONTEXT
26-09-16 09:34:56.538 [http-nio-8080-exec-6] TRACE o.s.s.w.a.AnonymousAuthenticationFilter - Did not set SecurityContextHolder since already authenticated UsernamePasswordAuthenticationToken [Principal=com.sprint.mission.discodeit.security.DiscodeitUserDetails@1bed39b8, Credentials=[PROTECTED], Authenticated=true, Details=WebAuthenticationDetails [RemoteIpAddress=0:0:0:0:0:0:0:1, SessionId=null], Granted Authorities=[]]
26-09-16 09:34:56.539 [http-nio-8080-exec-6] TRACE o.s.s.w.h.writers.HstsHeaderWriter - Not injecting HSTS header since it did not match request to [Is Secure]
26-09-16 09:35:14.636 [http-nio-8080-exec-7] TRACE o.s.security.web.FilterChainProxy - Trying to match request against DefaultSecurityFilterChain defined as 'filterChain' in [class path resource [com/sprint/mission/discodeit/config/SecurityConfig.class]] matching [any request] and having filters [DisableEncodeUrl, WebAsyncManagerIntegration, SecurityContextHolder, HeaderWriter, Csrf, Logout, UsernamePasswordAuthentication, DefaultResources, DefaultLoginPageGenerating, DefaultLogoutPageGenerating, RequestCacheAware, SecurityContextHolderAwareRequest, AnonymousAuthentication, ExceptionTranslation] (1/1)
26-09-16 09:35:14.637 [http-nio-8080-exec-7] DEBUG o.s.security.web.FilterChainProxy - Securing POST /api/auth/logout
26-09-16 09:35:14.645 [http-nio-8080-exec-7] TRACE o.s.security.web.FilterChainProxy - Invoking DisableEncodeUrlFilter (1/14)
26-09-16 09:35:14.658 [http-nio-8080-exec-7] TRACE o.s.security.web.FilterChainProxy - Invoking WebAsyncManagerIntegrationFilter (2/14)
26-09-16 09:35:14.658 [http-nio-8080-exec-7] TRACE o.s.security.web.FilterChainProxy - Invoking SecurityContextHolderFilter (3/14)
26-09-16 09:35:14.658 [http-nio-8080-exec-7] TRACE o.s.security.web.FilterChainProxy - Invoking HeaderWriterFilter (4/14)
26-09-16 09:35:14.658 [http-nio-8080-exec-7] TRACE o.s.security.web.FilterChainProxy - Invoking CsrfFilter (5/14)
26-09-16 09:35:14.659 [http-nio-8080-exec-7] TRACE o.s.security.web.FilterChainProxy - Invoking LogoutFilter (6/14)
26-09-16 09:35:14.660 [http-nio-8080-exec-7] TRACE o.s.s.w.c.HttpSessionSecurityContextRepository - Retrieved SecurityContextImpl [Authentication=UsernamePasswordAuthenticationToken [Principal=com.sprint.mission.discodeit.security.DiscodeitUserDetails@1bed39b8, Credentials=[PROTECTED], Authenticated=true, Details=WebAuthenticationDetails [RemoteIpAddress=0:0:0:0:0:0:0:1, SessionId=null], Granted Authorities=[]]] from SPRING_SECURITY_CONTEXT
26-09-16 09:35:14.660 [http-nio-8080-exec-7] DEBUG o.s.s.w.a.logout.LogoutFilter - Logging out [UsernamePasswordAuthenticationToken [Principal=com.sprint.mission.discodeit.security.DiscodeitUserDetails@1bed39b8, Credentials=[PROTECTED], Authenticated=true, Details=WebAuthenticationDetails [RemoteIpAddress=0:0:0:0:0:0:0:1, SessionId=null], Granted Authorities=[]]]
26-09-16 09:35:14.665 [http-nio-8080-exec-7] DEBUG o.s.s.w.a.l.SecurityContextLogoutHandler - Invalidated session C3374DA84A4431D4845EB2DC6A676A69
26-09-16 09:35:14.666 [http-nio-8080-exec-7] TRACE o.s.s.w.h.writers.HstsHeaderWriter - Not injecting HSTS header since it did not match request to [Is Secure]
26-09-16 09:36:21.356 [http-nio-8080-exec-9] TRACE o.s.security.web.FilterChainProxy - Trying to match request against DefaultSecurityFilterChain defined as 'filterChain' in [class path resource [com/sprint/mission/discodeit/config/SecurityConfig.class]] matching [any request] and having filters [DisableEncodeUrl, WebAsyncManagerIntegration, SecurityContextHolder, HeaderWriter, Csrf, Logout, UsernamePasswordAuthentication, DefaultResources, DefaultLoginPageGenerating, DefaultLogoutPageGenerating, RequestCacheAware, SecurityContextHolderAwareRequest, AnonymousAuthentication, ExceptionTranslation] (1/1)
26-09-16 09:36:21.357 [http-nio-8080-exec-9] DEBUG o.s.security.web.FilterChainProxy - Securing GET /api/auth/me
26-09-16 09:36:21.357 [http-nio-8080-exec-9] TRACE o.s.security.web.FilterChainProxy - Invoking DisableEncodeUrlFilter (1/14)
26-09-16 09:36:21.357 [http-nio-8080-exec-9] TRACE o.s.security.web.FilterChainProxy - Invoking WebAsyncManagerIntegrationFilter (2/14)
26-09-16 09:36:21.357 [http-nio-8080-exec-9] TRACE o.s.security.web.FilterChainProxy - Invoking SecurityContextHolderFilter (3/14)
26-09-16 09:36:21.357 [http-nio-8080-exec-9] TRACE o.s.security.web.FilterChainProxy - Invoking HeaderWriterFilter (4/14)
26-09-16 09:36:21.358 [http-nio-8080-exec-9] TRACE o.s.security.web.FilterChainProxy - Invoking CsrfFilter (5/14)
26-09-16 09:36:21.359 [http-nio-8080-exec-9] TRACE o.s.security.web.csrf.CsrfFilter - Did not protect against CSRF since request did not match CsrfNotRequired [TRACE, HEAD, GET, OPTIONS]
26-09-16 09:36:21.359 [http-nio-8080-exec-9] TRACE o.s.security.web.FilterChainProxy - Invoking LogoutFilter (6/14)
26-09-16 09:36:21.359 [http-nio-8080-exec-9] TRACE o.s.s.w.a.logout.LogoutFilter - Did not match request to Ant [pattern='/api/auth/logout', POST]
26-09-16 09:36:21.359 [http-nio-8080-exec-9] TRACE o.s.security.web.FilterChainProxy - Invoking UsernamePasswordAuthenticationFilter (7/14)
26-09-16 09:36:21.359 [http-nio-8080-exec-9] TRACE o.s.s.w.a.UsernamePasswordAuthenticationFilter - Did not match request to Ant [pattern='/api/auth/login', POST]
26-09-16 09:36:21.359 [http-nio-8080-exec-9] TRACE o.s.security.web.FilterChainProxy - Invoking DefaultResourcesFilter (8/14)
26-09-16 09:36:21.359 [http-nio-8080-exec-9] TRACE o.s.security.web.FilterChainProxy - Invoking DefaultLoginPageGeneratingFilter (9/14)
26-09-16 09:36:21.359 [http-nio-8080-exec-9] TRACE o.s.security.web.FilterChainProxy - Invoking DefaultLogoutPageGeneratingFilter (10/14)
26-09-16 09:36:21.359 [http-nio-8080-exec-9] TRACE o.s.s.w.a.u.DefaultLogoutPageGeneratingFilter - Did not render default logout page since request did not match [Ant [pattern='/logout', GET]]
26-09-16 09:36:21.360 [http-nio-8080-exec-9] TRACE o.s.security.web.FilterChainProxy - Invoking RequestCacheAwareFilter (11/14)
26-09-16 09:36:21.360 [http-nio-8080-exec-9] TRACE o.s.s.w.s.HttpSessionRequestCache - matchingRequestParameterName is required for getMatchingRequest to lookup a value, but not provided
26-09-16 09:36:21.360 [http-nio-8080-exec-9] TRACE o.s.security.web.FilterChainProxy - Invoking SecurityContextHolderAwareRequestFilter (12/14)
26-09-16 09:36:21.360 [http-nio-8080-exec-9] TRACE o.s.security.web.FilterChainProxy - Invoking AnonymousAuthenticationFilter (13/14)
26-09-16 09:36:21.360 [http-nio-8080-exec-9] TRACE o.s.security.web.FilterChainProxy - Invoking ExceptionTranslationFilter (14/14)
26-09-16 09:36:21.361 [http-nio-8080-exec-9] DEBUG o.s.security.web.FilterChainProxy - Secured GET /api/auth/me
26-09-16 09:36:21.369 [http-nio-8080-exec-9] TRACE o.s.s.w.c.HttpSessionSecurityContextRepository - No HttpSession currently exists
26-09-16 09:36:21.369 [http-nio-8080-exec-9] TRACE o.s.s.w.c.SupplierDeferredSecurityContext - Created SecurityContextImpl [Null authentication]
26-09-16 09:36:21.369 [http-nio-8080-exec-9] TRACE o.s.s.w.c.SupplierDeferredSecurityContext - Created SecurityContextImpl [Null authentication]
26-09-16 09:36:21.370 [http-nio-8080-exec-9] TRACE o.s.s.w.a.AnonymousAuthenticationFilter - Set SecurityContextHolder to AnonymousAuthenticationToken [Principal=anonymousUser, Credentials=[PROTECTED], Authenticated=true, Details=WebAuthenticationDetails [RemoteIpAddress=0:0:0:0:0:0:0:1, SessionId=null], Granted Authorities=[ROLE_ANONYMOUS]]
26-09-16 09:36:21.377 [http-nio-8080-exec-9] ERROR c.s.m.d.e.GlobalExceptionHandler - [예상치 못한 예외 발생] type=NullPointerException, message=Cannot invoke "com.sprint.mission.discodeit.security.DiscodeitUserDetails.getUserDto()" because "userDetails" is null
java.lang.NullPointerException: Cannot invoke "com.sprint.mission.discodeit.security.DiscodeitUserDetails.getUserDto()" because "userDetails" is null
	at com.sprint.mission.discodeit.controller.AuthController.getCurrentUser(AuthController.java:37)
	at java.base/jdk.internal.reflect.NativeMethodAccessorImpl.invoke0(Native Method)
	at java.base/jdk.internal.reflect.NativeMethodAccessorImpl.invoke(NativeMethodAccessorImpl.java:77)
	at java.base/jdk.internal.reflect.DelegatingMethodAccessorImpl.invoke(DelegatingMethodAccessorImpl.java:43)
	at java.base/java.lang.reflect.Method.invoke(Method.java:569)
	at org.springframework.web.method.support.InvocableHandlerMethod.doInvoke(InvocableHandlerMethod.java:255)
	at org.springframework.web.method.support.InvocableHandlerMethod.invokeForRequest(InvocableHandlerMethod.java:188)
	at org.springframework.web.servlet.mvc.method.annotation.ServletInvocableHandlerMethod.invokeAndHandle(ServletInvocableHandlerMethod.java:118)
	at org.springframework.web.servlet.mvc.method.annotation.RequestMappingHandlerAdapter.invokeHandlerMethod(RequestMappingHandlerAdapter.java:986)
	at org.springframework.web.servlet.mvc.method.annotation.RequestMappingHandlerAdapter.handleInternal(RequestMappingHandlerAdapter.java:891)
	at org.springframework.web.servlet.mvc.method.AbstractHandlerMethodAdapter.handle(AbstractHandlerMethodAdapter.java:87)
	at org.springframework.web.servlet.DispatcherServlet.doDispatch(DispatcherServlet.java:1088)
	at org.springframework.web.servlet.DispatcherServlet.doService(DispatcherServlet.java:978)
	at org.springframework.web.servlet.FrameworkServlet.processRequest(FrameworkServlet.java:1014)
	at org.springframework.web.servlet.FrameworkServlet.doGet(FrameworkServlet.java:903)
	at jakarta.servlet.http.HttpServlet.service(HttpServlet.java:564)
	at org.springframework.web.servlet.FrameworkServlet.service(FrameworkServlet.java:885)
	at jakarta.servlet.http.HttpServlet.service(HttpServlet.java:658)
	at org.apache.catalina.core.ApplicationFilterChain.internalDoFilter(ApplicationFilterChain.java:195)
	at org.apache.catalina.core.ApplicationFilterChain.doFilter(ApplicationFilterChain.java:140)
	at org.apache.tomcat.websocket.server.WsFilter.doFilter(WsFilter.java:51)
	at org.apache.catalina.core.ApplicationFilterChain.internalDoFilter(ApplicationFilterChain.java:164)
	at org.apache.catalina.core.ApplicationFilterChain.doFilter(ApplicationFilterChain.java:140)
	at org.springframework.web.filter.CompositeFilter$VirtualFilterChain.doFilter(CompositeFilter.java:108)
	at org.springframework.security.web.FilterChainProxy.lambda$doFilterInternal$3(FilterChainProxy.java:231)
	at org.springframework.security.web.ObservationFilterChainDecorator$FilterObservation$SimpleFilterObservation.lambda$wrap$1(ObservationFilterChainDecorator.java:479)
	at org.springframework.security.web.ObservationFilterChainDecorator$AroundFilterObservation$SimpleAroundFilterObservation.lambda$wrap$1(ObservationFilterChainDecorator.java:340)
	at org.springframework.security.web.ObservationFilterChainDecorator.lambda$wrapSecured$0(ObservationFilterChainDecorator.java:82)
	at org.springframework.security.web.ObservationFilterChainDecorator$VirtualFilterChain.doFilter(ObservationFilterChainDecorator.java:128)
	at org.springframework.security.web.access.ExceptionTranslationFilter.doFilter(ExceptionTranslationFilter.java:126)
	at org.springframework.security.web.access.ExceptionTranslationFilter.doFilter(ExceptionTranslationFilter.java:120)
	at org.springframework.security.web.ObservationFilterChainDecorator$ObservationFilter.wrapFilter(ObservationFilterChainDecorator.java:240)
	at org.springframework.security.web.ObservationFilterChainDecorator$ObservationFilter.doFilter(ObservationFilterChainDecorator.java:227)
	at org.springframework.security.web.ObservationFilterChainDecorator$VirtualFilterChain.doFilter(ObservationFilterChainDecorator.java:137)
	at org.springframework.security.web.authentication.AnonymousAuthenticationFilter.doFilter(AnonymousAuthenticationFilter.java:100)
	at org.springframework.security.web.ObservationFilterChainDecorator$ObservationFilter.wrapFilter(ObservationFilterChainDecorator.java:240)
	at org.springframework.security.web.ObservationFilterChainDecorator$ObservationFilter.doFilter(ObservationFilterChainDecorator.java:227)
	at org.springframework.security.web.ObservationFilterChainDecorator$VirtualFilterChain.doFilter(ObservationFilterChainDecorator.java:137)
	at org.springframework.security.web.servletapi.SecurityContextHolderAwareRequestFilter.doFilter(SecurityContextHolderAwareRequestFilter.java:179)
	at org.springframework.security.web.ObservationFilterChainDecorator$ObservationFilter.wrapFilter(ObservationFilterChainDecorator.java:240)
	at org.springframework.security.web.ObservationFilterChainDecorator$ObservationFilter.doFilter(ObservationFilterChainDecorator.java:227)
	at org.springframework.security.web.ObservationFilterChainDecorator$VirtualFilterChain.doFilter(ObservationFilterChainDecorator.java:137)
	at org.springframework.security.web.savedrequest.RequestCacheAwareFilter.doFilter(RequestCacheAwareFilter.java:63)
	at org.springframework.security.web.ObservationFilterChainDecorator$ObservationFilter.wrapFilter(ObservationFilterChainDecorator.java:240)
	at org.springframework.security.web.ObservationFilterChainDecorator$ObservationFilter.doFilter(ObservationFilterChainDecorator.java:227)
	at org.springframework.security.web.ObservationFilterChainDecorator$VirtualFilterChain.doFilter(ObservationFilterChainDecorator.java:137)
	at org.springframework.security.web.authentication.ui.DefaultLogoutPageGeneratingFilter.doFilterInternal(DefaultLogoutPageGeneratingFilter.java:58)
	at org.springframework.web.filter.OncePerRequestFilter.doFilter(OncePerRequestFilter.java:116)
	at org.springframework.security.web.ObservationFilterChainDecorator$ObservationFilter.wrapFilter(ObservationFilterChainDecorator.java:240)
	at org.springframework.security.web.ObservationFilterChainDecorator$ObservationFilter.doFilter(ObservationFilterChainDecorator.java:227)
	at org.springframework.security.web.ObservationFilterChainDecorator$VirtualFilterChain.doFilter(ObservationFilterChainDecorator.java:137)
	at org.springframework.security.web.authentication.ui.DefaultLoginPageGeneratingFilter.doFilter(DefaultLoginPageGeneratingFilter.java:220)
	at org.springframework.security.web.authentication.ui.DefaultLoginPageGeneratingFilter.doFilter(DefaultLoginPageGeneratingFilter.java:206)
	at org.springframework.security.web.ObservationFilterChainDecorator$ObservationFilter.wrapFilter(ObservationFilterChainDecorator.java:240)
	at org.springframework.security.web.ObservationFilterChainDecorator$ObservationFilter.doFilter(ObservationFilterChainDecorator.java:227)
	at org.springframework.security.web.ObservationFilterChainDecorator$VirtualFilterChain.doFilter(ObservationFilterChainDecorator.java:137)
	at org.springframework.security.web.authentication.ui.DefaultResourcesFilter.doFilter(DefaultResourcesFilter.java:72)
	at org.springframework.security.web.ObservationFilterChainDecorator$ObservationFilter.wrapFilter(ObservationFilterChainDecorator.java:240)
	at org.springframework.security.web.ObservationFilterChainDecorator$ObservationFilter.doFilter(ObservationFilterChainDecorator.java:227)
	at org.springframework.security.web.ObservationFilterChainDecorator$VirtualFilterChain.doFilter(ObservationFilterChainDecorator.java:137)
	at org.springframework.security.web.authentication.AbstractAuthenticationProcessingFilter.doFilter(AbstractAuthenticationProcessingFilter.java:227)
	at org.springframework.security.web.authentication.AbstractAuthenticationProcessingFilter.doFilter(AbstractAuthenticationProcessingFilter.java:221)
	at org.springframework.security.web.ObservationFilterChainDecorator$ObservationFilter.wrapFilter(ObservationFilterChainDecorator.java:240)
	at org.springframework.security.web.ObservationFilterChainDecorator$ObservationFilter.doFilter(ObservationFilterChainDecorator.java:227)
	at org.springframework.security.web.ObservationFilterChainDecorator$VirtualFilterChain.doFilter(ObservationFilterChainDecorator.java:137)
	at org.springframework.security.web.authentication.logout.LogoutFilter.doFilter(LogoutFilter.java:107)
	at org.springframework.security.web.authentication.logout.LogoutFilter.doFilter(LogoutFilter.java:93)
	at org.springframework.security.web.ObservationFilterChainDecorator$ObservationFilter.wrapFilter(ObservationFilterChainDecorator.java:240)
	at org.springframework.security.web.ObservationFilterChainDecorator$ObservationFilter.doFilter(ObservationFilterChainDecorator.java:227)
	at org.springframework.security.web.ObservationFilterChainDecorator$VirtualFilterChain.doFilter(ObservationFilterChainDecorator.java:137)
	at org.springframework.security.web.csrf.CsrfFilter.doFilterInternal(CsrfFilter.java:117)
	at org.springframework.web.filter.OncePerRequestFilter.doFilter(OncePerRequestFilter.java:116)
	at org.springframework.security.web.ObservationFilterChainDecorator$ObservationFilter.wrapFilter(ObservationFilterChainDecorator.java:240)
	at org.springframework.security.web.ObservationFilterChainDecorator$ObservationFilter.doFilter(ObservationFilterChainDecorator.java:227)
	at org.springframework.security.web.ObservationFilterChainDecorator$VirtualFilterChain.doFilter(ObservationFilterChainDecorator.java:137)
	at org.springframework.security.web.header.HeaderWriterFilter.doHeadersAfter(HeaderWriterFilter.java:90)
	at org.springframework.security.web.header.HeaderWriterFilter.doFilterInternal(HeaderWriterFilter.java:75)
	at org.springframework.web.filter.OncePerRequestFilter.doFilter(OncePerRequestFilter.java:116)
	at org.springframework.security.web.ObservationFilterChainDecorator$ObservationFilter.wrapFilter(ObservationFilterChainDecorator.java:240)
	at org.springframework.security.web.ObservationFilterChainDecorator$ObservationFilter.doFilter(ObservationFilterChainDecorator.java:227)
	at org.springframework.security.web.ObservationFilterChainDecorator$VirtualFilterChain.doFilter(ObservationFilterChainDecorator.java:137)
	at org.springframework.security.web.context.SecurityContextHolderFilter.doFilter(SecurityContextHolderFilter.java:82)
	at org.springframework.security.web.context.SecurityContextHolderFilter.doFilter(SecurityContextHolderFilter.java:69)
	at org.springframework.security.web.ObservationFilterChainDecorator$ObservationFilter.wrapFilter(ObservationFilterChainDecorator.java:240)
	at org.springframework.security.web.ObservationFilterChainDecorator$ObservationFilter.doFilter(ObservationFilterChainDecorator.java:227)
	at org.springframework.security.web.ObservationFilterChainDecorator$VirtualFilterChain.doFilter(ObservationFilterChainDecorator.java:137)
	at org.springframework.security.web.context.request.async.WebAsyncManagerIntegrationFilter.doFilterInternal(WebAsyncManagerIntegrationFilter.java:62)
	at org.springframework.web.filter.OncePerRequestFilter.doFilter(OncePerRequestFilter.java:116)
	at org.springframework.security.web.ObservationFilterChainDecorator$ObservationFilter.wrapFilter(ObservationFilterChainDecorator.java:240)
	at org.springframework.security.web.ObservationFilterChainDecorator$ObservationFilter.doFilter(ObservationFilterChainDecorator.java:227)
	at org.springframework.security.web.ObservationFilterChainDecorator$VirtualFilterChain.doFilter(ObservationFilterChainDecorator.java:137)
	at org.springframework.security.web.session.DisableEncodeUrlFilter.doFilterInternal(DisableEncodeUrlFilter.java:42)
	at org.springframework.web.filter.OncePerRequestFilter.doFilter(OncePerRequestFilter.java:116)
	at org.springframework.security.web.ObservationFilterChainDecorator$ObservationFilter.wrapFilter(ObservationFilterChainDecorator.java:240)
	at org.springframework.security.web.ObservationFilterChainDecorator$AroundFilterObservation$SimpleAroundFilterObservation.lambda$wrap$0(ObservationFilterChainDecorator.java:323)
	at org.springframework.security.web.ObservationFilterChainDecorator$ObservationFilter.doFilter(ObservationFilterChainDecorator.java:224)
	at org.springframework.security.web.ObservationFilterChainDecorator$VirtualFilterChain.doFilter(ObservationFilterChainDecorator.java:137)
	at org.springframework.security.web.FilterChainProxy.doFilterInternal(FilterChainProxy.java:233)
	at org.springframework.security.web.FilterChainProxy.doFilter(FilterChainProxy.java:191)
	at org.springframework.web.filter.CompositeFilter$VirtualFilterChain.doFilter(CompositeFilter.java:113)
	at org.springframework.web.servlet.handler.HandlerMappingIntrospector.lambda$createCacheFilter$3(HandlerMappingIntrospector.java:243)
	at org.springframework.web.filter.CompositeFilter$VirtualFilterChain.doFilter(CompositeFilter.java:113)
	at org.springframework.web.filter.CompositeFilter.doFilter(CompositeFilter.java:74)
	at org.springframework.security.config.annotation.web.configuration.WebMvcSecurityConfiguration$CompositeFilterChainProxy.doFilter(WebMvcSecurityConfiguration.java:238)
	at org.springframework.web.filter.DelegatingFilterProxy.invokeDelegate(DelegatingFilterProxy.java:362)
	at org.springframework.web.filter.DelegatingFilterProxy.doFilter(DelegatingFilterProxy.java:278)
	at org.apache.catalina.core.ApplicationFilterChain.internalDoFilter(ApplicationFilterChain.java:164)
	at org.apache.catalina.core.ApplicationFilterChain.doFilter(ApplicationFilterChain.java:140)
	at org.springframework.web.filter.RequestContextFilter.doFilterInternal(RequestContextFilter.java:100)
	at org.springframework.web.filter.OncePerRequestFilter.doFilter(OncePerRequestFilter.java:116)
	at org.apache.catalina.core.ApplicationFilterChain.internalDoFilter(ApplicationFilterChain.java:164)
	at org.apache.catalina.core.ApplicationFilterChain.doFilter(ApplicationFilterChain.java:140)
	at org.springframework.web.filter.FormContentFilter.doFilterInternal(FormContentFilter.java:93)
	at org.springframework.web.filter.OncePerRequestFilter.doFilter(OncePerRequestFilter.java:116)
	at org.apache.catalina.core.ApplicationFilterChain.internalDoFilter(ApplicationFilterChain.java:164)
	at org.apache.catalina.core.ApplicationFilterChain.doFilter(ApplicationFilterChain.java:140)
	at org.springframework.web.filter.ServerHttpObservationFilter.doFilterInternal(ServerHttpObservationFilter.java:114)
	at org.springframework.web.filter.OncePerRequestFilter.doFilter(OncePerRequestFilter.java:116)
	at org.apache.catalina.core.ApplicationFilterChain.internalDoFilter(ApplicationFilterChain.java:164)
	at org.apache.catalina.core.ApplicationFilterChain.doFilter(ApplicationFilterChain.java:140)
	at org.springframework.web.filter.CharacterEncodingFilter.doFilterInternal(CharacterEncodingFilter.java:201)
	at org.springframework.web.filter.OncePerRequestFilter.doFilter(OncePerRequestFilter.java:116)
	at org.apache.catalina.core.ApplicationFilterChain.internalDoFilter(ApplicationFilterChain.java:164)
	at org.apache.catalina.core.ApplicationFilterChain.doFilter(ApplicationFilterChain.java:140)
	at org.apache.catalina.core.StandardWrapperValve.invoke(StandardWrapperValve.java:167)
	at org.apache.catalina.core.StandardContextValve.invoke(StandardContextValve.java:90)
	at org.apache.catalina.authenticator.AuthenticatorBase.invoke(AuthenticatorBase.java:483)
	at org.apache.catalina.core.StandardHostValve.invoke(StandardHostValve.java:115)
	at org.apache.catalina.valves.ErrorReportValve.invoke(ErrorReportValve.java:93)
	at org.apache.catalina.core.StandardEngineValve.invoke(StandardEngineValve.java:74)
	at org.apache.catalina.connector.CoyoteAdapter.service(CoyoteAdapter.java:344)
	at org.apache.coyote.http11.Http11Processor.service(Http11Processor.java:397)
	at org.apache.coyote.AbstractProcessorLight.process(AbstractProcessorLight.java:63)
	at org.apache.coyote.AbstractProtocol$ConnectionHandler.process(AbstractProtocol.java:905)
	at org.apache.tomcat.util.net.NioEndpoint$SocketProcessor.doRun(NioEndpoint.java:1741)
	at org.apache.tomcat.util.net.SocketProcessorBase.run(SocketProcessorBase.java:52)
	at org.apache.tomcat.util.threads.ThreadPoolExecutor.runWorker(ThreadPoolExecutor.java:1190)
	at org.apache.tomcat.util.threads.ThreadPoolExecutor$Worker.run(ThreadPoolExecutor.java:659)
	at org.apache.tomcat.util.threads.TaskThread$WrappingRunnable.run(TaskThread.java:63)
	at java.base/java.lang.Thread.run(Thread.java:840)
26-09-16 09:36:21.394 [http-nio-8080-exec-9] TRACE o.s.s.w.h.writers.HstsHeaderWriter - Not injecting HSTS header since it did not match request to [Is Secure]
26-09-16 09:43:01.952 [http-nio-8080-exec-10] TRACE o.s.security.web.FilterChainProxy - Trying to match request against DefaultSecurityFilterChain defined as 'filterChain' in [class path resource [com/sprint/mission/discodeit/config/SecurityConfig.class]] matching [any request] and having filters [DisableEncodeUrl, WebAsyncManagerIntegration, SecurityContextHolder, HeaderWriter, Csrf, Logout, UsernamePasswordAuthentication, DefaultResources, DefaultLoginPageGenerating, DefaultLogoutPageGenerating, RequestCacheAware, SecurityContextHolderAwareRequest, AnonymousAuthentication, ExceptionTranslation] (1/1)
26-09-16 09:43:01.954 [http-nio-8080-exec-10] DEBUG o.s.security.web.FilterChainProxy - Securing GET /api/auth/csrf-token
26-09-16 09:43:01.954 [http-nio-8080-exec-10] TRACE o.s.security.web.FilterChainProxy - Invoking DisableEncodeUrlFilter (1/14)
26-09-16 09:43:01.955 [http-nio-8080-exec-10] TRACE o.s.security.web.FilterChainProxy - Invoking WebAsyncManagerIntegrationFilter (2/14)
26-09-16 09:43:01.955 [http-nio-8080-exec-10] TRACE o.s.security.web.FilterChainProxy - Invoking SecurityContextHolderFilter (3/14)
26-09-16 09:43:01.955 [http-nio-8080-exec-10] TRACE o.s.security.web.FilterChainProxy - Invoking HeaderWriterFilter (4/14)
26-09-16 09:43:01.956 [http-nio-8080-exec-10] TRACE o.s.security.web.FilterChainProxy - Invoking CsrfFilter (5/14)
26-09-16 09:43:01.956 [http-nio-8080-exec-10] TRACE o.s.security.web.csrf.CsrfFilter - Did not protect against CSRF since request did not match CsrfNotRequired [TRACE, HEAD, GET, OPTIONS]
26-09-16 09:43:01.956 [http-nio-8080-exec-10] TRACE o.s.security.web.FilterChainProxy - Invoking LogoutFilter (6/14)
26-09-16 09:43:01.957 [http-nio-8080-exec-10] TRACE o.s.s.w.a.logout.LogoutFilter - Did not match request to Ant [pattern='/api/auth/logout', POST]
26-09-16 09:43:01.957 [http-nio-8080-exec-10] TRACE o.s.security.web.FilterChainProxy - Invoking UsernamePasswordAuthenticationFilter (7/14)
26-09-16 09:43:01.957 [http-nio-8080-exec-10] TRACE o.s.s.w.a.UsernamePasswordAuthenticationFilter - Did not match request to Ant [pattern='/api/auth/login', POST]
26-09-16 09:43:01.957 [http-nio-8080-exec-10] TRACE o.s.security.web.FilterChainProxy - Invoking DefaultResourcesFilter (8/14)
26-09-16 09:43:01.957 [http-nio-8080-exec-10] TRACE o.s.security.web.FilterChainProxy - Invoking DefaultLoginPageGeneratingFilter (9/14)
26-09-16 09:43:01.957 [http-nio-8080-exec-10] TRACE o.s.security.web.FilterChainProxy - Invoking DefaultLogoutPageGeneratingFilter (10/14)
26-09-16 09:43:01.957 [http-nio-8080-exec-10] TRACE o.s.s.w.a.u.DefaultLogoutPageGeneratingFilter - Did not render default logout page since request did not match [Ant [pattern='/logout', GET]]
26-09-16 09:43:01.957 [http-nio-8080-exec-10] TRACE o.s.security.web.FilterChainProxy - Invoking RequestCacheAwareFilter (11/14)
26-09-16 09:43:01.957 [http-nio-8080-exec-10] TRACE o.s.s.w.s.HttpSessionRequestCache - matchingRequestParameterName is required for getMatchingRequest to lookup a value, but not provided
26-09-16 09:43:01.957 [http-nio-8080-exec-10] TRACE o.s.security.web.FilterChainProxy - Invoking SecurityContextHolderAwareRequestFilter (12/14)
26-09-16 09:43:01.958 [http-nio-8080-exec-10] TRACE o.s.security.web.FilterChainProxy - Invoking AnonymousAuthenticationFilter (13/14)
26-09-16 09:43:01.958 [http-nio-8080-exec-10] TRACE o.s.security.web.FilterChainProxy - Invoking ExceptionTranslationFilter (14/14)
26-09-16 09:43:01.958 [http-nio-8080-exec-10] DEBUG o.s.security.web.FilterChainProxy - Secured GET /api/auth/csrf-token
26-09-16 09:43:01.969 [http-nio-8080-exec-10] TRACE o.s.s.w.c.HttpSessionSecurityContextRepository - No HttpSession currently exists
26-09-16 09:43:01.969 [http-nio-8080-exec-10] TRACE o.s.s.w.c.SupplierDeferredSecurityContext - Created SecurityContextImpl [Null authentication]
26-09-16 09:43:01.969 [http-nio-8080-exec-10] TRACE o.s.s.w.c.SupplierDeferredSecurityContext - Created SecurityContextImpl [Null authentication]
26-09-16 09:43:01.969 [http-nio-8080-exec-10] TRACE o.s.s.w.a.AnonymousAuthenticationFilter - Set SecurityContextHolder to AnonymousAuthenticationToken [Principal=anonymousUser, Credentials=[PROTECTED], Authenticated=true, Details=WebAuthenticationDetails [RemoteIpAddress=0:0:0:0:0:0:0:1, SessionId=null], Granted Authorities=[ROLE_ANONYMOUS]]
26-09-16 09:43:01.970 [http-nio-8080-exec-10] TRACE o.s.s.w.h.writers.HstsHeaderWriter - Not injecting HSTS header since it did not match request to [Is Secure]
26-09-16 09:43:13.617 [http-nio-8080-exec-1] TRACE o.s.security.web.FilterChainProxy - Trying to match request against DefaultSecurityFilterChain defined as 'filterChain' in [class path resource [com/sprint/mission/discodeit/config/SecurityConfig.class]] matching [any request] and having filters [DisableEncodeUrl, WebAsyncManagerIntegration, SecurityContextHolder, HeaderWriter, Csrf, Logout, UsernamePasswordAuthentication, DefaultResources, DefaultLoginPageGenerating, DefaultLogoutPageGenerating, RequestCacheAware, SecurityContextHolderAwareRequest, AnonymousAuthentication, ExceptionTranslation] (1/1)
26-09-16 09:43:13.618 [http-nio-8080-exec-1] DEBUG o.s.security.web.FilterChainProxy - Securing GET /api/auth/csrf-token
26-09-16 09:43:13.618 [http-nio-8080-exec-1] TRACE o.s.security.web.FilterChainProxy - Invoking DisableEncodeUrlFilter (1/14)
26-09-16 09:43:13.619 [http-nio-8080-exec-1] TRACE o.s.security.web.FilterChainProxy - Invoking WebAsyncManagerIntegrationFilter (2/14)
26-09-16 09:43:13.619 [http-nio-8080-exec-1] TRACE o.s.security.web.FilterChainProxy - Invoking SecurityContextHolderFilter (3/14)
26-09-16 09:43:13.619 [http-nio-8080-exec-1] TRACE o.s.security.web.FilterChainProxy - Invoking HeaderWriterFilter (4/14)
26-09-16 09:43:13.619 [http-nio-8080-exec-1] TRACE o.s.security.web.FilterChainProxy - Invoking CsrfFilter (5/14)
26-09-16 09:43:13.620 [http-nio-8080-exec-1] TRACE o.s.security.web.csrf.CsrfFilter - Did not protect against CSRF since request did not match CsrfNotRequired [TRACE, HEAD, GET, OPTIONS]
26-09-16 09:43:13.620 [http-nio-8080-exec-1] TRACE o.s.security.web.FilterChainProxy - Invoking LogoutFilter (6/14)
26-09-16 09:43:13.620 [http-nio-8080-exec-1] TRACE o.s.s.w.a.logout.LogoutFilter - Did not match request to Ant [pattern='/api/auth/logout', POST]
26-09-16 09:43:13.620 [http-nio-8080-exec-1] TRACE o.s.security.web.FilterChainProxy - Invoking UsernamePasswordAuthenticationFilter (7/14)
26-09-16 09:43:13.620 [http-nio-8080-exec-1] TRACE o.s.s.w.a.UsernamePasswordAuthenticationFilter - Did not match request to Ant [pattern='/api/auth/login', POST]
26-09-16 09:43:13.620 [http-nio-8080-exec-1] TRACE o.s.security.web.FilterChainProxy - Invoking DefaultResourcesFilter (8/14)
26-09-16 09:43:13.620 [http-nio-8080-exec-1] TRACE o.s.security.web.FilterChainProxy - Invoking DefaultLoginPageGeneratingFilter (9/14)
26-09-16 09:43:13.620 [http-nio-8080-exec-1] TRACE o.s.security.web.FilterChainProxy - Invoking DefaultLogoutPageGeneratingFilter (10/14)
26-09-16 09:43:13.620 [http-nio-8080-exec-1] TRACE o.s.s.w.a.u.DefaultLogoutPageGeneratingFilter - Did not render default logout page since request did not match [Ant [pattern='/logout', GET]]
26-09-16 09:43:13.620 [http-nio-8080-exec-1] TRACE o.s.security.web.FilterChainProxy - Invoking RequestCacheAwareFilter (11/14)
26-09-16 09:43:13.620 [http-nio-8080-exec-1] TRACE o.s.s.w.s.HttpSessionRequestCache - matchingRequestParameterName is required for getMatchingRequest to lookup a value, but not provided
26-09-16 09:43:13.620 [http-nio-8080-exec-1] TRACE o.s.security.web.FilterChainProxy - Invoking SecurityContextHolderAwareRequestFilter (12/14)
26-09-16 09:43:13.621 [http-nio-8080-exec-1] TRACE o.s.security.web.FilterChainProxy - Invoking AnonymousAuthenticationFilter (13/14)
26-09-16 09:43:13.621 [http-nio-8080-exec-1] TRACE o.s.security.web.FilterChainProxy - Invoking ExceptionTranslationFilter (14/14)
26-09-16 09:43:13.621 [http-nio-8080-exec-1] DEBUG o.s.security.web.FilterChainProxy - Secured GET /api/auth/csrf-token
26-09-16 09:43:13.627 [http-nio-8080-exec-1] TRACE o.s.s.w.c.HttpSessionSecurityContextRepository - No HttpSession currently exists
26-09-16 09:43:13.627 [http-nio-8080-exec-1] TRACE o.s.s.w.c.SupplierDeferredSecurityContext - Created SecurityContextImpl [Null authentication]
26-09-16 09:43:13.627 [http-nio-8080-exec-1] TRACE o.s.s.w.c.SupplierDeferredSecurityContext - Created SecurityContextImpl [Null authentication]
26-09-16 09:43:13.627 [http-nio-8080-exec-1] TRACE o.s.s.w.a.AnonymousAuthenticationFilter - Set SecurityContextHolder to AnonymousAuthenticationToken [Principal=anonymousUser, Credentials=[PROTECTED], Authenticated=true, Details=WebAuthenticationDetails [RemoteIpAddress=0:0:0:0:0:0:0:1, SessionId=null], Granted Authorities=[ROLE_ANONYMOUS]]
26-09-16 09:43:13.628 [http-nio-8080-exec-1] TRACE o.s.s.w.h.writers.HstsHeaderWriter - Not injecting HSTS header since it did not match request to [Is Secure]
26-09-16 09:43:30.769 [http-nio-8080-exec-2] TRACE o.s.security.web.FilterChainProxy - Trying to match request against DefaultSecurityFilterChain defined as 'filterChain' in [class path resource [com/sprint/mission/discodeit/config/SecurityConfig.class]] matching [any request] and having filters [DisableEncodeUrl, WebAsyncManagerIntegration, SecurityContextHolder, HeaderWriter, Csrf, Logout, UsernamePasswordAuthentication, DefaultResources, DefaultLoginPageGenerating, DefaultLogoutPageGenerating, RequestCacheAware, SecurityContextHolderAwareRequest, AnonymousAuthentication, ExceptionTranslation] (1/1)
26-09-16 09:43:30.770 [http-nio-8080-exec-2] DEBUG o.s.security.web.FilterChainProxy - Securing POST /api/auth/login
26-09-16 09:43:30.770 [http-nio-8080-exec-2] TRACE o.s.security.web.FilterChainProxy - Invoking DisableEncodeUrlFilter (1/14)
26-09-16 09:43:30.770 [http-nio-8080-exec-2] TRACE o.s.security.web.FilterChainProxy - Invoking WebAsyncManagerIntegrationFilter (2/14)
26-09-16 09:43:30.771 [http-nio-8080-exec-2] TRACE o.s.security.web.FilterChainProxy - Invoking SecurityContextHolderFilter (3/14)
26-09-16 09:43:30.772 [http-nio-8080-exec-2] TRACE o.s.security.web.FilterChainProxy - Invoking HeaderWriterFilter (4/14)
26-09-16 09:43:30.772 [http-nio-8080-exec-2] TRACE o.s.security.web.FilterChainProxy - Invoking CsrfFilter (5/14)
26-09-16 09:43:30.772 [http-nio-8080-exec-2] TRACE o.s.security.web.FilterChainProxy - Invoking LogoutFilter (6/14)
26-09-16 09:43:30.773 [http-nio-8080-exec-2] TRACE o.s.s.w.a.logout.LogoutFilter - Did not match request to Ant [pattern='/api/auth/logout', POST]
26-09-16 09:43:30.773 [http-nio-8080-exec-2] TRACE o.s.security.web.FilterChainProxy - Invoking UsernamePasswordAuthenticationFilter (7/14)
26-09-16 09:43:30.775 [http-nio-8080-exec-2] TRACE o.s.s.authentication.ProviderManager - Authenticating request with DaoAuthenticationProvider (1/1)
26-09-16 09:43:31.128 [http-nio-8080-exec-2] DEBUG o.s.s.a.d.DaoAuthenticationProvider - Authenticated user
26-09-16 09:43:31.130 [http-nio-8080-exec-2] TRACE o.s.s.w.a.s.CompositeSessionAuthenticationStrategy - Preparing session with ChangeSessionIdAuthenticationStrategy (1/2)
26-09-16 09:43:31.130 [http-nio-8080-exec-2] TRACE o.s.s.w.a.s.CompositeSessionAuthenticationStrategy - Preparing session with CsrfAuthenticationStrategy (2/2)
26-09-16 09:43:31.130 [http-nio-8080-exec-2] DEBUG o.s.s.w.c.CsrfAuthenticationStrategy - Replaced CSRF Token
26-09-16 09:43:31.131 [http-nio-8080-exec-2] DEBUG o.s.s.w.c.HttpSessionSecurityContextRepository - Stored SecurityContextImpl [Authentication=UsernamePasswordAuthenticationToken [Principal=com.sprint.mission.discodeit.security.DiscodeitUserDetails@3b084262, Credentials=[PROTECTED], Authenticated=true, Details=WebAuthenticationDetails [RemoteIpAddress=0:0:0:0:0:0:0:1, SessionId=null], Granted Authorities=[]]] to HttpSession [org.apache.catalina.session.StandardSessionFacade@4b531b2d]
26-09-16 09:43:31.131 [http-nio-8080-exec-2] DEBUG o.s.s.w.a.UsernamePasswordAuthenticationFilter - Set SecurityContextHolder to UsernamePasswordAuthenticationToken [Principal=com.sprint.mission.discodeit.security.DiscodeitUserDetails@3b084262, Credentials=[PROTECTED], Authenticated=true, Details=WebAuthenticationDetails [RemoteIpAddress=0:0:0:0:0:0:0:1, SessionId=null], Granted Authorities=[]]
26-09-16 09:43:31.135 [http-nio-8080-exec-2] TRACE o.s.s.w.h.writers.HstsHeaderWriter - Not injecting HSTS header since it did not match request to [Is Secure]
26-09-16 09:43:35.461 [http-nio-8080-exec-3] TRACE o.s.security.web.FilterChainProxy - Trying to match request against DefaultSecurityFilterChain defined as 'filterChain' in [class path resource [com/sprint/mission/discodeit/config/SecurityConfig.class]] matching [any request] and having filters [DisableEncodeUrl, WebAsyncManagerIntegration, SecurityContextHolder, HeaderWriter, Csrf, Logout, UsernamePasswordAuthentication, DefaultResources, DefaultLoginPageGenerating, DefaultLogoutPageGenerating, RequestCacheAware, SecurityContextHolderAwareRequest, AnonymousAuthentication, ExceptionTranslation] (1/1)
26-09-16 09:43:35.464 [http-nio-8080-exec-3] DEBUG o.s.security.web.FilterChainProxy - Securing GET /api/auth/me
26-09-16 09:43:35.464 [http-nio-8080-exec-3] TRACE o.s.security.web.FilterChainProxy - Invoking DisableEncodeUrlFilter (1/14)
26-09-16 09:43:35.464 [http-nio-8080-exec-3] TRACE o.s.security.web.FilterChainProxy - Invoking WebAsyncManagerIntegrationFilter (2/14)
26-09-16 09:43:35.465 [http-nio-8080-exec-3] TRACE o.s.security.web.FilterChainProxy - Invoking SecurityContextHolderFilter (3/14)
26-09-16 09:43:35.465 [http-nio-8080-exec-3] TRACE o.s.security.web.FilterChainProxy - Invoking HeaderWriterFilter (4/14)
26-09-16 09:43:35.465 [http-nio-8080-exec-3] TRACE o.s.security.web.FilterChainProxy - Invoking CsrfFilter (5/14)
26-09-16 09:43:35.466 [http-nio-8080-exec-3] TRACE o.s.security.web.csrf.CsrfFilter - Did not protect against CSRF since request did not match CsrfNotRequired [TRACE, HEAD, GET, OPTIONS]
26-09-16 09:43:35.466 [http-nio-8080-exec-3] TRACE o.s.security.web.FilterChainProxy - Invoking LogoutFilter (6/14)
26-09-16 09:43:35.466 [http-nio-8080-exec-3] TRACE o.s.s.w.a.logout.LogoutFilter - Did not match request to Ant [pattern='/api/auth/logout', POST]
26-09-16 09:43:35.466 [http-nio-8080-exec-3] TRACE o.s.security.web.FilterChainProxy - Invoking UsernamePasswordAuthenticationFilter (7/14)
26-09-16 09:43:35.466 [http-nio-8080-exec-3] TRACE o.s.s.w.a.UsernamePasswordAuthenticationFilter - Did not match request to Ant [pattern='/api/auth/login', POST]
26-09-16 09:43:35.466 [http-nio-8080-exec-3] TRACE o.s.security.web.FilterChainProxy - Invoking DefaultResourcesFilter (8/14)
26-09-16 09:43:35.466 [http-nio-8080-exec-3] TRACE o.s.security.web.FilterChainProxy - Invoking DefaultLoginPageGeneratingFilter (9/14)
26-09-16 09:43:35.466 [http-nio-8080-exec-3] TRACE o.s.security.web.FilterChainProxy - Invoking DefaultLogoutPageGeneratingFilter (10/14)
26-09-16 09:43:35.466 [http-nio-8080-exec-3] TRACE o.s.s.w.a.u.DefaultLogoutPageGeneratingFilter - Did not render default logout page since request did not match [Ant [pattern='/logout', GET]]
26-09-16 09:43:35.466 [http-nio-8080-exec-3] TRACE o.s.security.web.FilterChainProxy - Invoking RequestCacheAwareFilter (11/14)
26-09-16 09:43:35.467 [http-nio-8080-exec-3] TRACE o.s.s.w.s.HttpSessionRequestCache - matchingRequestParameterName is required for getMatchingRequest to lookup a value, but not provided
26-09-16 09:43:35.467 [http-nio-8080-exec-3] TRACE o.s.security.web.FilterChainProxy - Invoking SecurityContextHolderAwareRequestFilter (12/14)
26-09-16 09:43:35.467 [http-nio-8080-exec-3] TRACE o.s.security.web.FilterChainProxy - Invoking AnonymousAuthenticationFilter (13/14)
26-09-16 09:43:35.467 [http-nio-8080-exec-3] TRACE o.s.security.web.FilterChainProxy - Invoking ExceptionTranslationFilter (14/14)
26-09-16 09:43:35.468 [http-nio-8080-exec-3] DEBUG o.s.security.web.FilterChainProxy - Secured GET /api/auth/me
26-09-16 09:43:35.469 [http-nio-8080-exec-3] TRACE o.s.s.w.c.HttpSessionSecurityContextRepository - Retrieved SecurityContextImpl [Authentication=UsernamePasswordAuthenticationToken [Principal=com.sprint.mission.discodeit.security.DiscodeitUserDetails@3b084262, Credentials=[PROTECTED], Authenticated=true, Details=WebAuthenticationDetails [RemoteIpAddress=0:0:0:0:0:0:0:1, SessionId=null], Granted Authorities=[]]] from SPRING_SECURITY_CONTEXT
26-09-16 09:43:35.469 [http-nio-8080-exec-3] TRACE o.s.s.w.a.AnonymousAuthenticationFilter - Did not set SecurityContextHolder since already authenticated UsernamePasswordAuthenticationToken [Principal=com.sprint.mission.discodeit.security.DiscodeitUserDetails@3b084262, Credentials=[PROTECTED], Authenticated=true, Details=WebAuthenticationDetails [RemoteIpAddress=0:0:0:0:0:0:0:1, SessionId=null], Granted Authorities=[]]
26-09-16 09:43:35.484 [http-nio-8080-exec-3] TRACE o.s.s.w.h.writers.HstsHeaderWriter - Not injecting HSTS header since it did not match request to [Is Secure]
26-09-16 09:44:30.000 [SpringApplicationShutdownHook] INFO  o.s.b.w.e.tomcat.GracefulShutdown - Commencing graceful shutdown. Waiting for active requests to complete
26-09-16 09:44:30.014 [tomcat-shutdown] INFO  o.s.b.w.e.tomcat.GracefulShutdown - Graceful shutdown complete
26-09-16 09:44:30.112 [SpringApplicationShutdownHook] INFO  o.s.o.j.LocalContainerEntityManagerFactoryBean - Closing JPA EntityManagerFactory for persistence unit 'default'
26-09-16 09:44:30.140 [SpringApplicationShutdownHook] INFO  com.zaxxer.hikari.HikariDataSource - HikariPool-1 - Shutdown initiated...
26-09-16 09:44:30.164 [SpringApplicationShutdownHook] INFO  com.zaxxer.hikari.HikariDataSource - HikariPool-1 - Shutdown completed.
26-09-16 10:35:38.420 [background-preinit] INFO  o.h.validator.internal.util.Version - HV000001: Hibernate Validator 8.0.1.Final
26-09-16 10:35:38.477 [main] INFO  c.s.m.discodeit.DiscodeitApplication - Starting DiscodeitApplication using Java 17.0.19 with PID 1020 (/Users/jangjunseo/Desktop/codei_13th_develop/13-sprint-mission/build/classes/java/main started by jangjunseo in /Users/jangjunseo/Desktop/codei_13th_develop/13-sprint-mission)
26-09-16 10:35:38.478 [main] INFO  c.s.m.discodeit.DiscodeitApplication - The following 1 profile is active: "dev"
26-09-16 10:35:39.532 [main] INFO  o.s.d.r.c.RepositoryConfigurationDelegate - Bootstrapping Spring Data JPA repositories in DEFAULT mode.
26-09-16 10:35:39.582 [main] INFO  o.s.d.r.c.RepositoryConfigurationDelegate - Finished Spring Data repository scanning in 40 ms. Found 6 JPA repository interfaces.
26-09-16 10:35:40.127 [main] INFO  o.s.b.w.e.tomcat.TomcatWebServer - Tomcat initialized with port 8080 (http)
26-09-16 10:35:40.135 [main] INFO  o.a.coyote.http11.Http11NioProtocol - Initializing ProtocolHandler ["http-nio-8080"]
26-09-16 10:35:40.136 [main] INFO  o.a.catalina.core.StandardService - Starting service [Tomcat]
26-09-16 10:35:40.136 [main] INFO  o.a.catalina.core.StandardEngine - Starting Servlet engine: [Apache Tomcat/10.1.33]
26-09-16 10:35:40.172 [main] INFO  o.a.c.c.C.[Tomcat].[localhost].[/] - Initializing Spring embedded WebApplicationContext
26-09-16 10:35:40.172 [main] INFO  o.s.b.w.s.c.ServletWebServerApplicationContext - Root WebApplicationContext: initialization completed in 1659 ms
26-09-16 10:35:40.323 [main] INFO  com.zaxxer.hikari.HikariDataSource - HikariPool-1 - Starting...
26-09-16 10:35:40.429 [main] INFO  com.zaxxer.hikari.pool.HikariPool - HikariPool-1 - Added connection org.postgresql.jdbc.PgConnection@79295932
26-09-16 10:35:40.430 [main] INFO  com.zaxxer.hikari.HikariDataSource - HikariPool-1 - Start completed.
26-09-16 10:35:40.493 [main] INFO  o.h.jpa.internal.util.LogHelper - HHH000204: Processing PersistenceUnitInfo [name: default]
26-09-16 10:35:40.538 [main] INFO  org.hibernate.Version - HHH000412: Hibernate ORM core version 6.6.2.Final
26-09-16 10:35:40.561 [main] INFO  o.h.c.i.RegionFactoryInitiator - HHH000026: Second-level cache disabled
26-09-16 10:35:40.777 [main] INFO  o.s.o.j.p.SpringPersistenceUnitInfo - No LoadTimeWeaver setup: ignoring JPA class transformer
26-09-16 10:35:40.859 [main] INFO  o.hibernate.orm.connections.pooling - HHH10001005: Database info:
	Database JDBC URL [Connecting through datasource 'HikariDataSource (HikariPool-1)']
	Database driver: undefined/unknown
	Database version: 17.10
	Autocommit mode: undefined/unknown
	Isolation level: undefined/unknown
	Minimum pool size: undefined/unknown
	Maximum pool size: undefined/unknown
26-09-16 10:35:41.443 [main] INFO  o.h.e.t.j.p.i.JtaPlatformInitiator - HHH000489: No JTA platform available (set 'hibernate.transaction.jta.platform' to enable JTA platform integration)
26-09-16 10:35:41.505 [main] INFO  o.s.o.j.LocalContainerEntityManagerFactoryBean - Initialized JPA EntityManagerFactory for persistence unit 'default'
26-09-16 10:35:42.072 [main] TRACE o.s.s.c.a.a.c.AuthenticationConfiguration$EnableGlobalAuthenticationAutowiredConfigurer - Eagerly initializing {securityConfig=com.sprint.mission.discodeit.config.SecurityConfig$$SpringCGLIB$$0@1738d3b2}
26-09-16 10:35:42.077 [main] INFO  o.s.s.c.a.a.c.InitializeUserDetailsBeanManagerConfigurer$InitializeUserDetailsManagerConfigurer - Global AuthenticationManager configured with UserDetailsService bean with name discodeitUserDetailsService
26-09-16 10:35:42.143 [main] INFO  o.s.b.a.w.s.WelcomePageHandlerMapping - Adding welcome page: class path resource [static/index.html]
26-09-16 10:35:42.343 [main] INFO  o.s.b.a.e.web.EndpointLinksResolver - Exposing 4 endpoints beneath base path '/actuator'
26-09-16 10:35:42.389 [main] DEBUG o.s.s.web.DefaultSecurityFilterChain - Will secure any request with filters: DisableEncodeUrlFilter, WebAsyncManagerIntegrationFilter, SecurityContextHolderFilter, HeaderWriterFilter, CsrfFilter, LogoutFilter, UsernamePasswordAuthenticationFilter, DefaultResourcesFilter, DefaultLoginPageGeneratingFilter, DefaultLogoutPageGeneratingFilter, RequestCacheAwareFilter, SecurityContextHolderAwareRequestFilter, AnonymousAuthenticationFilter, ExceptionTranslationFilter
26-09-16 10:35:42.725 [main] INFO  o.a.coyote.http11.Http11NioProtocol - Starting ProtocolHandler ["http-nio-8080"]
26-09-16 10:35:42.739 [main] INFO  o.s.b.w.e.tomcat.TomcatWebServer - Tomcat started on port 8080 (http) with context path '/'
26-09-16 10:35:42.750 [main] INFO  c.s.m.discodeit.DiscodeitApplication - Started DiscodeitApplication in 5.109 seconds (process running for 5.874)
26-09-16 10:35:43.303 [RMI TCP Connection(3)-127.0.0.1] INFO  o.a.c.c.C.[Tomcat].[localhost].[/] - Initializing Spring DispatcherServlet 'dispatcherServlet'
26-09-16 10:35:43.304 [RMI TCP Connection(3)-127.0.0.1] INFO  o.s.web.servlet.DispatcherServlet - Initializing Servlet 'dispatcherServlet'
26-09-16 10:35:43.311 [RMI TCP Connection(3)-127.0.0.1] INFO  o.s.web.servlet.DispatcherServlet - Completed initialization in 6 ms
26-09-16 10:36:34.441 [SpringApplicationShutdownHook] INFO  o.s.b.w.e.tomcat.GracefulShutdown - Commencing graceful shutdown. Waiting for active requests to complete
26-09-16 10:36:34.506 [tomcat-shutdown] INFO  o.s.b.w.e.tomcat.GracefulShutdown - Graceful shutdown complete
26-09-16 10:36:34.551 [SpringApplicationShutdownHook] INFO  o.s.o.j.LocalContainerEntityManagerFactoryBean - Closing JPA EntityManagerFactory for persistence unit 'default'
26-09-16 10:36:34.570 [SpringApplicationShutdownHook] INFO  com.zaxxer.hikari.HikariDataSource - HikariPool-1 - Shutdown initiated...
26-09-16 10:36:34.585 [SpringApplicationShutdownHook] INFO  com.zaxxer.hikari.HikariDataSource - HikariPool-1 - Shutdown completed.
26-09-16 10:45:25.951 [background-preinit] INFO  o.h.validator.internal.util.Version - HV000001: Hibernate Validator 8.0.1.Final
26-09-16 10:45:26.105 [Test worker] INFO  c.s.m.d.c.ChannelControllerTest - Starting ChannelControllerTest using Java 17.0.19 with PID 1398 (started by jangjunseo in /Users/jangjunseo/Desktop/codei_13th_develop/13-sprint-mission)
26-09-16 10:45:26.107 [Test worker] INFO  c.s.m.d.c.ChannelControllerTest - The following 1 profile is active: "dev"
26-09-16 10:45:29.932 [Test worker] INFO  o.s.b.a.w.s.WelcomePageHandlerMapping - Adding welcome page: class path resource [static/index.html]
26-09-16 10:45:31.086 [Test worker] TRACE o.s.s.c.a.a.c.AuthenticationConfiguration$EnableGlobalAuthenticationAutowiredConfigurer - Eagerly initializing {org.springframework.boot.autoconfigure.security.servlet.SpringBootWebSecurityConfiguration$WebSecurityEnablerConfiguration=org.springframework.boot.autoconfigure.security.servlet.SpringBootWebSecurityConfiguration$WebSecurityEnablerConfiguration@5700053f}
26-09-16 10:45:31.120 [Test worker] WARN  o.s.b.a.s.s.UserDetailsServiceAutoConfiguration - 

Using generated security password: e0326d87-a8f8-4981-93f8-a5f57eb187c5

This generated password is for development use only. Your security configuration must be updated before running your application in production.

26-09-16 10:45:31.238 [Test worker] INFO  o.s.s.c.a.a.c.InitializeUserDetailsBeanManagerConfigurer$InitializeUserDetailsManagerConfigurer - Global AuthenticationManager configured with UserDetailsService bean with name inMemoryUserDetailsManager
26-09-16 10:45:32.005 [Test worker] DEBUG o.s.s.web.DefaultSecurityFilterChain - Will secure any request with filters: DisableEncodeUrlFilter, WebAsyncManagerIntegrationFilter, SecurityContextHolderFilter, HeaderWriterFilter, CsrfFilter, LogoutFilter, UsernamePasswordAuthenticationFilter, DefaultResourcesFilter, DefaultLoginPageGeneratingFilter, DefaultLogoutPageGeneratingFilter, BasicAuthenticationFilter, RequestCacheAwareFilter, SecurityContextHolderAwareRequestFilter, AnonymousAuthenticationFilter, ExceptionTranslationFilter, AuthorizationFilter
26-09-16 10:45:32.265 [Test worker] INFO  o.s.b.t.m.w.SpringBootMockServletContext - Initializing Spring TestDispatcherServlet ''
26-09-16 10:45:32.267 [Test worker] INFO  o.s.t.w.s.TestDispatcherServlet - Initializing Servlet ''
26-09-16 10:45:32.272 [Test worker] INFO  o.s.t.w.s.TestDispatcherServlet - Completed initialization in 4 ms
26-09-16 10:45:32.420 [Test worker] INFO  c.s.m.d.c.ChannelControllerTest - Started ChannelControllerTest in 7.281 seconds (process running for 11.033)
26-09-16 10:45:33.115 [Test worker] TRACE o.s.security.web.FilterChainProxy - Trying to match request against DefaultSecurityFilterChain defined as 'defaultSecurityFilterChain' in [class path resource [org/springframework/boot/autoconfigure/security/servlet/SpringBootWebSecurityConfiguration$SecurityFilterChainConfiguration.class]] matching [any request] and having filters [DisableEncodeUrl, WebAsyncManagerIntegration, SecurityContextHolder, HeaderWriter, Csrf, Logout, UsernamePasswordAuthentication, DefaultResources, DefaultLoginPageGenerating, DefaultLogoutPageGenerating, BasicAuthentication, RequestCacheAware, SecurityContextHolderAwareRequest, AnonymousAuthentication, ExceptionTranslation, Authorization] (1/1)
26-09-16 10:45:33.119 [Test worker] DEBUG o.s.security.web.FilterChainProxy - Securing POST /api/channels/public
26-09-16 10:45:33.124 [Test worker] TRACE o.s.security.web.FilterChainProxy - Invoking DisableEncodeUrlFilter (1/16)
26-09-16 10:45:33.128 [Test worker] TRACE o.s.security.web.FilterChainProxy - Invoking WebAsyncManagerIntegrationFilter (2/16)
26-09-16 10:45:33.141 [Test worker] TRACE o.s.security.web.FilterChainProxy - Invoking SecurityContextHolderFilter (3/16)
26-09-16 10:45:33.148 [Test worker] TRACE o.s.security.web.FilterChainProxy - Invoking HeaderWriterFilter (4/16)
26-09-16 10:45:33.158 [Test worker] TRACE o.s.security.web.FilterChainProxy - Invoking CsrfFilter (5/16)
26-09-16 10:45:33.198 [Test worker] DEBUG o.s.security.web.csrf.CsrfFilter - Invalid CSRF token found for http://localhost/api/channels/public
26-09-16 10:45:33.199 [Test worker] DEBUG o.s.s.w.a.AccessDeniedHandlerImpl - Responding with 403 status code
26-09-16 10:45:33.201 [Test worker] TRACE o.s.s.w.h.writers.HstsHeaderWriter - Not injecting HSTS header since it did not match request to [Is Secure]
26-09-16 10:45:33.352 [Test worker] TRACE o.s.security.web.FilterChainProxy - Trying to match request against DefaultSecurityFilterChain defined as 'defaultSecurityFilterChain' in [class path resource [org/springframework/boot/autoconfigure/security/servlet/SpringBootWebSecurityConfiguration$SecurityFilterChainConfiguration.class]] matching [any request] and having filters [DisableEncodeUrl, WebAsyncManagerIntegration, SecurityContextHolder, HeaderWriter, Csrf, Logout, UsernamePasswordAuthentication, DefaultResources, DefaultLoginPageGenerating, DefaultLogoutPageGenerating, BasicAuthentication, RequestCacheAware, SecurityContextHolderAwareRequest, AnonymousAuthentication, ExceptionTranslation, Authorization] (1/1)
26-09-16 10:45:33.353 [Test worker] DEBUG o.s.security.web.FilterChainProxy - Securing GET /api/channels/a58253ff-8add-4d8c-a73a-f34e73183b99
26-09-16 10:45:33.355 [Test worker] TRACE o.s.security.web.FilterChainProxy - Invoking DisableEncodeUrlFilter (1/16)
26-09-16 10:45:33.355 [Test worker] TRACE o.s.security.web.FilterChainProxy - Invoking WebAsyncManagerIntegrationFilter (2/16)
26-09-16 10:45:33.356 [Test worker] TRACE o.s.security.web.FilterChainProxy - Invoking SecurityContextHolderFilter (3/16)
26-09-16 10:45:33.356 [Test worker] TRACE o.s.security.web.FilterChainProxy - Invoking HeaderWriterFilter (4/16)
26-09-16 10:45:33.357 [Test worker] TRACE o.s.security.web.FilterChainProxy - Invoking CsrfFilter (5/16)
26-09-16 10:45:33.357 [Test worker] TRACE o.s.security.web.csrf.CsrfFilter - Did not protect against CSRF since request did not match CsrfNotRequired [TRACE, HEAD, GET, OPTIONS]
26-09-16 10:45:33.358 [Test worker] TRACE o.s.security.web.FilterChainProxy - Invoking LogoutFilter (6/16)
26-09-16 10:45:33.358 [Test worker] TRACE o.s.s.w.a.logout.LogoutFilter - Did not match request to Ant [pattern='/logout', POST]
26-09-16 10:45:33.359 [Test worker] TRACE o.s.security.web.FilterChainProxy - Invoking UsernamePasswordAuthenticationFilter (7/16)
26-09-16 10:45:33.360 [Test worker] TRACE o.s.s.w.a.UsernamePasswordAuthenticationFilter - Did not match request to Ant [pattern='/login', POST]
26-09-16 10:45:33.361 [Test worker] TRACE o.s.security.web.FilterChainProxy - Invoking DefaultResourcesFilter (8/16)
26-09-16 10:45:33.363 [Test worker] TRACE o.s.security.web.FilterChainProxy - Invoking DefaultLoginPageGeneratingFilter (9/16)
26-09-16 10:45:33.364 [Test worker] TRACE o.s.security.web.FilterChainProxy - Invoking DefaultLogoutPageGeneratingFilter (10/16)
26-09-16 10:45:33.364 [Test worker] TRACE o.s.s.w.a.u.DefaultLogoutPageGeneratingFilter - Did not render default logout page since request did not match [Ant [pattern='/logout', GET]]
26-09-16 10:45:33.365 [Test worker] TRACE o.s.security.web.FilterChainProxy - Invoking BasicAuthenticationFilter (11/16)
26-09-16 10:45:33.365 [Test worker] TRACE o.s.s.w.a.w.BasicAuthenticationFilter - Did not process authentication request since failed to find username and password in Basic Authorization header
26-09-16 10:45:33.366 [Test worker] TRACE o.s.security.web.FilterChainProxy - Invoking RequestCacheAwareFilter (12/16)
26-09-16 10:45:33.367 [Test worker] TRACE o.s.s.w.s.HttpSessionRequestCache - matchingRequestParameterName is required for getMatchingRequest to lookup a value, but not provided
26-09-16 10:45:33.367 [Test worker] TRACE o.s.security.web.FilterChainProxy - Invoking SecurityContextHolderAwareRequestFilter (13/16)
26-09-16 10:45:33.374 [Test worker] TRACE o.s.security.web.FilterChainProxy - Invoking AnonymousAuthenticationFilter (14/16)
26-09-16 10:45:33.375 [Test worker] TRACE o.s.security.web.FilterChainProxy - Invoking ExceptionTranslationFilter (15/16)
26-09-16 10:45:33.376 [Test worker] TRACE o.s.security.web.FilterChainProxy - Invoking AuthorizationFilter (16/16)
26-09-16 10:45:33.378 [Test worker] TRACE o.s.s.w.a.i.RequestMatcherDelegatingAuthorizationManager - Authorizing GET /api/channels/a58253ff-8add-4d8c-a73a-f34e73183b99
26-09-16 10:45:33.380 [Test worker] TRACE o.s.s.w.a.i.RequestMatcherDelegatingAuthorizationManager - Checking authorization on GET /api/channels/a58253ff-8add-4d8c-a73a-f34e73183b99 using org.springframework.security.authorization.AuthenticatedAuthorizationManager@703e8fe8
26-09-16 10:45:33.382 [Test worker] TRACE o.s.s.w.c.HttpSessionSecurityContextRepository - No HttpSession currently exists
26-09-16 10:45:33.383 [Test worker] TRACE o.s.s.w.c.SupplierDeferredSecurityContext - Created SecurityContextImpl [Null authentication]
26-09-16 10:45:33.383 [Test worker] TRACE o.s.s.w.c.SupplierDeferredSecurityContext - Created SecurityContextImpl [Null authentication]
26-09-16 10:45:33.388 [Test worker] TRACE o.s.s.w.a.AnonymousAuthenticationFilter - Set SecurityContextHolder to AnonymousAuthenticationToken [Principal=anonymousUser, Credentials=[PROTECTED], Authenticated=true, Details=WebAuthenticationDetails [RemoteIpAddress=127.0.0.1, SessionId=null], Granted Authorities=[ROLE_ANONYMOUS]]
26-09-16 10:45:33.390 [Test worker] TRACE o.s.s.w.a.ExceptionTranslationFilter - Sending AnonymousAuthenticationToken [Principal=anonymousUser, Credentials=[PROTECTED], Authenticated=true, Details=WebAuthenticationDetails [RemoteIpAddress=127.0.0.1, SessionId=null], Granted Authorities=[ROLE_ANONYMOUS]] to authentication entry point since access is denied
org.springframework.security.authorization.AuthorizationDeniedException: Access Denied
	at org.springframework.security.web.access.intercept.AuthorizationFilter.doFilter(AuthorizationFilter.java:99)
	at org.springframework.security.web.FilterChainProxy$VirtualFilterChain.doFilter(FilterChainProxy.java:374)
	at org.springframework.security.web.access.ExceptionTranslationFilter.doFilter(ExceptionTranslationFilter.java:126)
	at org.springframework.security.web.access.ExceptionTranslationFilter.doFilter(ExceptionTranslationFilter.java:120)
	at org.springframework.security.web.FilterChainProxy$VirtualFilterChain.doFilter(FilterChainProxy.java:374)
	at org.springframework.security.web.authentication.AnonymousAuthenticationFilter.doFilter(AnonymousAuthenticationFilter.java:100)
	at org.springframework.security.web.FilterChainProxy$VirtualFilterChain.doFilter(FilterChainProxy.java:374)
	at org.springframework.security.web.servletapi.SecurityContextHolderAwareRequestFilter.doFilter(SecurityContextHolderAwareRequestFilter.java:179)
	at org.springframework.security.web.FilterChainProxy$VirtualFilterChain.doFilter(FilterChainProxy.java:374)
	at org.springframework.security.web.savedrequest.RequestCacheAwareFilter.doFilter(RequestCacheAwareFilter.java:63)
	at org.springframework.security.web.FilterChainProxy$VirtualFilterChain.doFilter(FilterChainProxy.java:374)
	at org.springframework.security.web.authentication.www.BasicAuthenticationFilter.doFilterInternal(BasicAuthenticationFilter.java:181)
	at org.springframework.web.filter.OncePerRequestFilter.doFilter(OncePerRequestFilter.java:116)
	at org.springframework.security.web.FilterChainProxy$VirtualFilterChain.doFilter(FilterChainProxy.java:374)
	at org.springframework.security.web.authentication.ui.DefaultLogoutPageGeneratingFilter.doFilterInternal(DefaultLogoutPageGeneratingFilter.java:58)
	at org.springframework.web.filter.OncePerRequestFilter.doFilter(OncePerRequestFilter.java:116)
	at org.springframework.security.web.FilterChainProxy$VirtualFilterChain.doFilter(FilterChainProxy.java:374)
	at org.springframework.security.web.authentication.ui.DefaultLoginPageGeneratingFilter.doFilter(DefaultLoginPageGeneratingFilter.java:220)
	at org.springframework.security.web.authentication.ui.DefaultLoginPageGeneratingFilter.doFilter(DefaultLoginPageGeneratingFilter.java:206)
	at org.springframework.security.web.FilterChainProxy$VirtualFilterChain.doFilter(FilterChainProxy.java:374)
	at org.springframework.security.web.authentication.ui.DefaultResourcesFilter.doFilter(DefaultResourcesFilter.java:72)
	at org.springframework.security.web.FilterChainProxy$VirtualFilterChain.doFilter(FilterChainProxy.java:374)
	at org.springframework.security.web.authentication.AbstractAuthenticationProcessingFilter.doFilter(AbstractAuthenticationProcessingFilter.java:227)
	at org.springframework.security.web.authentication.AbstractAuthenticationProcessingFilter.doFilter(AbstractAuthenticationProcessingFilter.java:221)
	at org.springframework.security.web.FilterChainProxy$VirtualFilterChain.doFilter(FilterChainProxy.java:374)
	at org.springframework.security.web.authentication.logout.LogoutFilter.doFilter(LogoutFilter.java:107)
	at org.springframework.security.web.authentication.logout.LogoutFilter.doFilter(LogoutFilter.java:93)
	at org.springframework.security.web.FilterChainProxy$VirtualFilterChain.doFilter(FilterChainProxy.java:374)
	at org.springframework.security.web.csrf.CsrfFilter.doFilterInternal(CsrfFilter.java:117)
	at org.springframework.web.filter.OncePerRequestFilter.doFilter(OncePerRequestFilter.java:116)
	at org.springframework.security.web.FilterChainProxy$VirtualFilterChain.doFilter(FilterChainProxy.java:374)
	at org.springframework.security.web.header.HeaderWriterFilter.doHeadersAfter(HeaderWriterFilter.java:90)
	at org.springframework.security.web.header.HeaderWriterFilter.doFilterInternal(HeaderWriterFilter.java:75)
	at org.springframework.web.filter.OncePerRequestFilter.doFilter(OncePerRequestFilter.java:116)
	at org.springframework.security.web.FilterChainProxy$VirtualFilterChain.doFilter(FilterChainProxy.java:374)
	at org.springframework.security.web.context.SecurityContextHolderFilter.doFilter(SecurityContextHolderFilter.java:82)
	at org.springframework.security.web.context.SecurityContextHolderFilter.doFilter(SecurityContextHolderFilter.java:69)
	at org.springframework.security.web.FilterChainProxy$VirtualFilterChain.doFilter(FilterChainProxy.java:374)
	at org.springframework.security.web.context.request.async.WebAsyncManagerIntegrationFilter.doFilterInternal(WebAsyncManagerIntegrationFilter.java:62)
	at org.springframework.web.filter.OncePerRequestFilter.doFilter(OncePerRequestFilter.java:116)
	at org.springframework.security.web.FilterChainProxy$VirtualFilterChain.doFilter(FilterChainProxy.java:374)
	at org.springframework.security.web.session.DisableEncodeUrlFilter.doFilterInternal(DisableEncodeUrlFilter.java:42)
	at org.springframework.web.filter.OncePerRequestFilter.doFilter(OncePerRequestFilter.java:116)
	at org.springframework.security.web.FilterChainProxy$VirtualFilterChain.doFilter(FilterChainProxy.java:374)
	at org.springframework.security.web.FilterChainProxy.doFilterInternal(FilterChainProxy.java:233)
	at org.springframework.security.web.FilterChainProxy.doFilter(FilterChainProxy.java:191)
	at org.springframework.web.filter.CompositeFilter$VirtualFilterChain.doFilter(CompositeFilter.java:113)
	at org.springframework.web.servlet.handler.HandlerMappingIntrospector.lambda$createCacheFilter$3(HandlerMappingIntrospector.java:243)
	at org.springframework.web.filter.CompositeFilter$VirtualFilterChain.doFilter(CompositeFilter.java:113)
	at org.springframework.web.filter.CompositeFilter.doFilter(CompositeFilter.java:74)
	at org.springframework.security.config.annotation.web.configuration.WebMvcSecurityConfiguration$CompositeFilterChainProxy.doFilter(WebMvcSecurityConfiguration.java:238)
	at org.springframework.web.filter.DelegatingFilterProxy.invokeDelegate(DelegatingFilterProxy.java:362)
	at org.springframework.web.filter.DelegatingFilterProxy.doFilter(DelegatingFilterProxy.java:278)
	at org.springframework.test.web.servlet.setup.MockMvcFilterDecorator.doFilter(MockMvcFilterDecorator.java:162)
	at org.springframework.mock.web.MockFilterChain.doFilter(MockFilterChain.java:132)
	at org.springframework.web.filter.RequestContextFilter.doFilterInternal(RequestContextFilter.java:100)
	at org.springframework.web.filter.OncePerRequestFilter.doFilter(OncePerRequestFilter.java:116)
	at org.springframework.test.web.servlet.setup.MockMvcFilterDecorator.doFilter(MockMvcFilterDecorator.java:162)
	at org.springframework.mock.web.MockFilterChain.doFilter(MockFilterChain.java:132)
	at org.springframework.web.filter.FormContentFilter.doFilterInternal(FormContentFilter.java:93)
	at org.springframework.web.filter.OncePerRequestFilter.doFilter(OncePerRequestFilter.java:116)
	at org.springframework.test.web.servlet.setup.MockMvcFilterDecorator.doFilter(MockMvcFilterDecorator.java:162)
	at org.springframework.mock.web.MockFilterChain.doFilter(MockFilterChain.java:132)
	at org.springframework.web.filter.CharacterEncodingFilter.doFilterInternal(CharacterEncodingFilter.java:201)
	at org.springframework.web.filter.OncePerRequestFilter.doFilter(OncePerRequestFilter.java:116)
	at org.springframework.test.web.servlet.setup.MockMvcFilterDecorator.doFilter(MockMvcFilterDecorator.java:162)
	at org.springframework.mock.web.MockFilterChain.doFilter(MockFilterChain.java:132)
	at org.springframework.test.web.servlet.MockMvc.perform(MockMvc.java:201)
	at com.sprint.mission.discodeit.controller.ChannelControllerTest.find_fail_channelNotFound(ChannelControllerTest.java:68)
	at java.base/jdk.internal.reflect.NativeMethodAccessorImpl.invoke0(Native Method)
	at java.base/jdk.internal.reflect.NativeMethodAccessorImpl.invoke(NativeMethodAccessorImpl.java:77)
	at java.base/jdk.internal.reflect.DelegatingMethodAccessorImpl.invoke(DelegatingMethodAccessorImpl.java:43)
	at java.base/java.lang.reflect.Method.invoke(Method.java:569)
	at org.junit.platform.commons.util.ReflectionUtils.invokeMethod(ReflectionUtils.java:767)
	at org.junit.jupiter.engine.execution.MethodInvocation.proceed(MethodInvocation.java:60)
	at org.junit.jupiter.engine.execution.InvocationInterceptorChain$ValidatingInvocation.proceed(InvocationInterceptorChain.java:131)
	at org.junit.jupiter.engine.extension.TimeoutExtension.intercept(TimeoutExtension.java:156)
	at org.junit.jupiter.engine.extension.TimeoutExtension.interceptTestableMethod(TimeoutExtension.java:147)
	at org.junit.jupiter.engine.extension.TimeoutExtension.interceptTestMethod(TimeoutExtension.java:86)
	at org.junit.jupiter.engine.execution.InterceptingExecutableInvoker$ReflectiveInterceptorCall.lambda$ofVoidMethod$0(InterceptingExecutableInvoker.java:103)
	at org.junit.jupiter.engine.execution.InterceptingExecutableInvoker.lambda$invoke$0(InterceptingExecutableInvoker.java:93)
	at org.junit.jupiter.engine.execution.InvocationInterceptorChain$InterceptedInvocation.proceed(InvocationInterceptorChain.java:106)
	at org.junit.jupiter.engine.execution.InvocationInterceptorChain.proceed(InvocationInterceptorChain.java:64)
	at org.junit.jupiter.engine.execution.InvocationInterceptorChain.chainAndInvoke(InvocationInterceptorChain.java:45)
	at org.junit.jupiter.engine.execution.InvocationInterceptorChain.invoke(InvocationInterceptorChain.java:37)
	at org.junit.jupiter.engine.execution.InterceptingExecutableInvoker.invoke(InterceptingExecutableInvoker.java:92)
	at org.junit.jupiter.engine.execution.InterceptingExecutableInvoker.invoke(InterceptingExecutableInvoker.java:86)
	at org.junit.jupiter.engine.descriptor.TestMethodTestDescriptor.lambda$invokeTestMethod$8(TestMethodTestDescriptor.java:217)
	at org.junit.platform.engine.support.hierarchical.ThrowableCollector.execute(ThrowableCollector.java:73)
	at org.junit.jupiter.engine.descriptor.TestMethodTestDescriptor.invokeTestMethod(TestMethodTestDescriptor.java:213)
	at org.junit.jupiter.engine.descriptor.TestMethodTestDescriptor.execute(TestMethodTestDescriptor.java:138)
	at org.junit.jupiter.engine.descriptor.TestMethodTestDescriptor.execute(TestMethodTestDescriptor.java:68)
	at org.junit.platform.engine.support.hierarchical.NodeTestTask.lambda$executeRecursively$6(NodeTestTask.java:156)
	at org.junit.platform.engine.support.hierarchical.ThrowableCollector.execute(ThrowableCollector.java:73)
	at org.junit.platform.engine.support.hierarchical.NodeTestTask.lambda$executeRecursively$8(NodeTestTask.java:146)
	at org.junit.platform.engine.support.hierarchical.Node.around(Node.java:137)
	at org.junit.platform.engine.support.hierarchical.NodeTestTask.lambda$executeRecursively$9(NodeTestTask.java:144)
	at org.junit.platform.engine.support.hierarchical.ThrowableCollector.execute(ThrowableCollector.java:73)
	at org.junit.platform.engine.support.hierarchical.NodeTestTask.executeRecursively(NodeTestTask.java:143)
	at org.junit.platform.engine.support.hierarchical.NodeTestTask.execute(NodeTestTask.java:100)
	at java.base/java.util.ArrayList.forEach(ArrayList.java:1511)
	at org.junit.platform.engine.support.hierarchical.SameThreadHierarchicalTestExecutorService.invokeAll(SameThreadHierarchicalTestExecutorService.java:41)
	at org.junit.platform.engine.support.hierarchical.NodeTestTask.lambda$executeRecursively$6(NodeTestTask.java:160)
	at org.junit.platform.engine.support.hierarchical.ThrowableCollector.execute(ThrowableCollector.java:73)
	at org.junit.platform.engine.support.hierarchical.NodeTestTask.lambda$executeRecursively$8(NodeTestTask.java:146)
	at org.junit.platform.engine.support.hierarchical.Node.around(Node.java:137)
	at org.junit.platform.engine.support.hierarchical.NodeTestTask.lambda$executeRecursively$9(NodeTestTask.java:144)
	at org.junit.platform.engine.support.hierarchical.ThrowableCollector.execute(ThrowableCollector.java:73)
	at org.junit.platform.engine.support.hierarchical.NodeTestTask.executeRecursively(NodeTestTask.java:143)
	at org.junit.platform.engine.support.hierarchical.NodeTestTask.execute(NodeTestTask.java:100)
	at java.base/java.util.ArrayList.forEach(ArrayList.java:1511)
	at org.junit.platform.engine.support.hierarchical.SameThreadHierarchicalTestExecutorService.invokeAll(SameThreadHierarchicalTestExecutorService.java:41)
	at org.junit.platform.engine.support.hierarchical.NodeTestTask.lambda$executeRecursively$6(NodeTestTask.java:160)
	at org.junit.platform.engine.support.hierarchical.ThrowableCollector.execute(ThrowableCollector.java:73)
	at org.junit.platform.engine.support.hierarchical.NodeTestTask.lambda$executeRecursively$8(NodeTestTask.java:146)
	at org.junit.platform.engine.support.hierarchical.Node.around(Node.java:137)
	at org.junit.platform.engine.support.hierarchical.NodeTestTask.lambda$executeRecursively$9(NodeTestTask.java:144)
	at org.junit.platform.engine.support.hierarchical.ThrowableCollector.execute(ThrowableCollector.java:73)
	at org.junit.platform.engine.support.hierarchical.NodeTestTask.executeRecursively(NodeTestTask.java:143)
	at org.junit.platform.engine.support.hierarchical.NodeTestTask.execute(NodeTestTask.java:100)
	at org.junit.platform.engine.support.hierarchical.SameThreadHierarchicalTestExecutorService.submit(SameThreadHierarchicalTestExecutorService.java:35)
	at org.junit.platform.engine.support.hierarchical.HierarchicalTestExecutor.execute(HierarchicalTestExecutor.java:57)
	at org.junit.platform.engine.support.hierarchical.HierarchicalTestEngine.execute(HierarchicalTestEngine.java:54)
	at org.junit.platform.launcher.core.EngineExecutionOrchestrator.execute(EngineExecutionOrchestrator.java:198)
	at org.junit.platform.launcher.core.EngineExecutionOrchestrator.execute(EngineExecutionOrchestrator.java:169)
	at org.junit.platform.launcher.core.EngineExecutionOrchestrator.execute(EngineExecutionOrchestrator.java:93)
	at org.junit.platform.launcher.core.EngineExecutionOrchestrator.lambda$execute$0(EngineExecutionOrchestrator.java:58)
	at org.junit.platform.launcher.core.EngineExecutionOrchestrator.withInterceptedStreams(EngineExecutionOrchestrator.java:141)
	at org.junit.platform.launcher.core.EngineExecutionOrchestrator.execute(EngineExecutionOrchestrator.java:57)
	at org.junit.platform.launcher.core.DefaultLauncher.execute(DefaultLauncher.java:103)
	at org.junit.platform.launcher.core.DefaultLauncher.execute(DefaultLauncher.java:85)
	at org.junit.platform.launcher.core.DelegatingLauncher.execute(DelegatingLauncher.java:47)
	at org.gradle.api.internal.tasks.testing.junitplatform.JUnitPlatformTestClassProcessor$CollectAllTestClassesExecutor.processAllTestClasses(JUnitPlatformTestClassProcessor.java:124)
	at org.gradle.api.internal.tasks.testing.junitplatform.JUnitPlatformTestClassProcessor$CollectAllTestClassesExecutor.access$000(JUnitPlatformTestClassProcessor.java:99)
	at org.gradle.api.internal.tasks.testing.junitplatform.JUnitPlatformTestClassProcessor.stop(JUnitPlatformTestClassProcessor.java:94)
	at org.gradle.api.internal.tasks.testing.SuiteTestClassProcessor.stop(SuiteTestClassProcessor.java:63)
	at java.base/jdk.internal.reflect.NativeMethodAccessorImpl.invoke0(Native Method)
	at java.base/jdk.internal.reflect.NativeMethodAccessorImpl.invoke(NativeMethodAccessorImpl.java:77)
	at java.base/jdk.internal.reflect.DelegatingMethodAccessorImpl.invoke(DelegatingMethodAccessorImpl.java:43)
	at java.base/java.lang.reflect.Method.invoke(Method.java:569)
	at org.gradle.internal.dispatch.ReflectionDispatch.dispatch(ReflectionDispatch.java:36)
	at org.gradle.internal.dispatch.ReflectionDispatch.dispatch(ReflectionDispatch.java:24)
	at org.gradle.internal.dispatch.ContextClassLoaderDispatch.dispatch(ContextClassLoaderDispatch.java:33)
	at org.gradle.internal.dispatch.ProxyDispatchAdapter$DispatchingInvocationHandler.invoke(ProxyDispatchAdapter.java:92)
	at jdk.proxy2/jdk.proxy2.$Proxy6.stop(Unknown Source)
	at org.gradle.api.internal.tasks.testing.worker.TestWorker$3.run(TestWorker.java:200)
	at org.gradle.api.internal.tasks.testing.worker.TestWorker.executeAndMaintainThreadName(TestWorker.java:132)
	at org.gradle.api.internal.tasks.testing.worker.TestWorker.execute(TestWorker.java:103)
	at org.gradle.api.internal.tasks.testing.worker.TestWorker.execute(TestWorker.java:63)
	at org.gradle.process.internal.worker.child.ActionExecutionWorker.execute(ActionExecutionWorker.java:56)
	at org.gradle.process.internal.worker.child.SystemApplicationClassLoaderWorker.call(SystemApplicationClassLoaderWorker.java:122)
	at org.gradle.process.internal.worker.child.SystemApplicationClassLoaderWorker.call(SystemApplicationClassLoaderWorker.java:72)
	at worker.org.gradle.process.internal.worker.GradleWorkerMain.run(GradleWorkerMain.java:69)
	at worker.org.gradle.process.internal.worker.GradleWorkerMain.main(GradleWorkerMain.java:74)
26-09-16 10:45:33.423 [Test worker] DEBUG o.s.s.w.s.HttpSessionRequestCache - Saved request http://localhost/api/channels/a58253ff-8add-4d8c-a73a-f34e73183b99?continue to session
26-09-16 10:45:33.551 [Test worker] DEBUG o.s.s.w.a.DelegatingAuthenticationEntryPoint - Trying to match using And [Not [RequestHeaderRequestMatcher [expectedHeaderName=X-Requested-With, expectedHeaderValue=XMLHttpRequest]], MediaTypeRequestMatcher [contentNegotiationStrategy=org.springframework.web.accept.ContentNegotiationManager@34e0d52e, matchingMediaTypes=[application/xhtml+xml, image/*, text/html, text/plain], useEquals=false, ignoredMediaTypes=[*/*]]]
26-09-16 10:45:33.552 [Test worker] DEBUG o.s.s.w.a.DelegatingAuthenticationEntryPoint - Trying to match using Or [RequestHeaderRequestMatcher [expectedHeaderName=X-Requested-With, expectedHeaderValue=XMLHttpRequest], And [Not [MediaTypeRequestMatcher [contentNegotiationStrategy=org.springframework.web.accept.ContentNegotiationManager@34e0d52e, matchingMediaTypes=[text/html], useEquals=false, ignoredMediaTypes=[]]], MediaTypeRequestMatcher [contentNegotiationStrategy=org.springframework.web.accept.ContentNegotiationManager@34e0d52e, matchingMediaTypes=[application/atom+xml, application/x-www-form-urlencoded, application/json, application/octet-stream, application/xml, multipart/form-data, text/xml], useEquals=false, ignoredMediaTypes=[*/*]]], MediaTypeRequestMatcher [contentNegotiationStrategy=org.springframework.web.accept.ContentNegotiationManager@34e0d52e, matchingMediaTypes=[*/*], useEquals=true, ignoredMediaTypes=[]]]
26-09-16 10:45:33.553 [Test worker] DEBUG o.s.s.w.a.DelegatingAuthenticationEntryPoint - Match found! Executing org.springframework.security.web.authentication.DelegatingAuthenticationEntryPoint@64cc5f34
26-09-16 10:45:33.553 [Test worker] DEBUG o.s.s.w.a.DelegatingAuthenticationEntryPoint - Trying to match using RequestHeaderRequestMatcher [expectedHeaderName=X-Requested-With, expectedHeaderValue=XMLHttpRequest]
26-09-16 10:45:33.553 [Test worker] DEBUG o.s.s.w.a.DelegatingAuthenticationEntryPoint - No match found. Using default entry point org.springframework.security.web.authentication.www.BasicAuthenticationEntryPoint@7a9c91e7
26-09-16 10:45:33.553 [Test worker] TRACE o.s.s.w.h.writers.HstsHeaderWriter - Not injecting HSTS header since it did not match request to [Is Secure]
26-09-16 10:45:33.601 [Test worker] INFO  o.s.t.c.s.AnnotationConfigContextLoaderUtils - Could not detect default configuration classes for test class [com.sprint.mission.discodeit.controller.MessageControllerTest]: MessageControllerTest does not declare any static, non-private, non-final, nested classes annotated with @Configuration.
26-09-16 10:45:33.624 [Test worker] INFO  o.s.b.t.c.SpringBootTestContextBootstrapper - Found @SpringBootConfiguration com.sprint.mission.discodeit.DiscodeitApplication for test class com.sprint.mission.discodeit.controller.MessageControllerTest
26-09-16 10:45:33.766 [Test worker] INFO  c.s.m.d.c.MessageControllerTest - Starting MessageControllerTest using Java 17.0.19 with PID 1398 (started by jangjunseo in /Users/jangjunseo/Desktop/codei_13th_develop/13-sprint-mission)
26-09-16 10:45:33.767 [Test worker] INFO  c.s.m.d.c.MessageControllerTest - The following 1 profile is active: "dev"
26-09-16 10:45:34.673 [Test worker] INFO  o.s.b.a.w.s.WelcomePageHandlerMapping - Adding welcome page: class path resource [static/index.html]
26-09-16 10:45:34.904 [Test worker] TRACE o.s.s.c.a.a.c.AuthenticationConfiguration$EnableGlobalAuthenticationAutowiredConfigurer - Eagerly initializing {org.springframework.boot.autoconfigure.security.servlet.SpringBootWebSecurityConfiguration$WebSecurityEnablerConfiguration=org.springframework.boot.autoconfigure.security.servlet.SpringBootWebSecurityConfiguration$WebSecurityEnablerConfiguration@5d7b361}
26-09-16 10:45:34.911 [Test worker] WARN  o.s.b.a.s.s.UserDetailsServiceAutoConfiguration - 

Using generated security password: da0eec73-a231-41c5-bbc2-33bfb05f884a

This generated password is for development use only. Your security configuration must be updated before running your application in production.

26-09-16 10:45:34.916 [Test worker] INFO  o.s.s.c.a.a.c.InitializeUserDetailsBeanManagerConfigurer$InitializeUserDetailsManagerConfigurer - Global AuthenticationManager configured with UserDetailsService bean with name inMemoryUserDetailsManager
26-09-16 10:45:34.950 [Test worker] DEBUG o.s.s.web.DefaultSecurityFilterChain - Will secure any request with filters: DisableEncodeUrlFilter, WebAsyncManagerIntegrationFilter, SecurityContextHolderFilter, HeaderWriterFilter, CsrfFilter, LogoutFilter, UsernamePasswordAuthenticationFilter, DefaultResourcesFilter, DefaultLoginPageGeneratingFilter, DefaultLogoutPageGeneratingFilter, BasicAuthenticationFilter, RequestCacheAwareFilter, SecurityContextHolderAwareRequestFilter, AnonymousAuthenticationFilter, ExceptionTranslationFilter, AuthorizationFilter
26-09-16 10:45:34.969 [Test worker] INFO  o.s.b.t.m.w.SpringBootMockServletContext - Initializing Spring TestDispatcherServlet ''
26-09-16 10:45:34.970 [Test worker] INFO  o.s.t.w.s.TestDispatcherServlet - Initializing Servlet ''
26-09-16 10:45:34.972 [Test worker] INFO  o.s.t.w.s.TestDispatcherServlet - Completed initialization in 2 ms
26-09-16 10:45:35.005 [Test worker] INFO  c.s.m.d.c.MessageControllerTest - Started MessageControllerTest in 1.372 seconds (process running for 13.618)
26-09-16 10:45:35.033 [Test worker] TRACE o.s.security.web.FilterChainProxy - Trying to match request against DefaultSecurityFilterChain defined as 'defaultSecurityFilterChain' in [class path resource [org/springframework/boot/autoconfigure/security/servlet/SpringBootWebSecurityConfiguration$SecurityFilterChainConfiguration.class]] matching [any request] and having filters [DisableEncodeUrl, WebAsyncManagerIntegration, SecurityContextHolder, HeaderWriter, Csrf, Logout, UsernamePasswordAuthentication, DefaultResources, DefaultLoginPageGenerating, DefaultLogoutPageGenerating, BasicAuthentication, RequestCacheAware, SecurityContextHolderAwareRequest, AnonymousAuthentication, ExceptionTranslation, Authorization] (1/1)
26-09-16 10:45:35.034 [Test worker] DEBUG o.s.security.web.FilterChainProxy - Securing DELETE /api/messages/37da447c-adf9-4bf6-a33f-f8499c8b0d40
26-09-16 10:45:35.035 [Test worker] TRACE o.s.security.web.FilterChainProxy - Invoking DisableEncodeUrlFilter (1/16)
26-09-16 10:45:35.036 [Test worker] TRACE o.s.security.web.FilterChainProxy - Invoking WebAsyncManagerIntegrationFilter (2/16)
26-09-16 10:45:35.037 [Test worker] TRACE o.s.security.web.FilterChainProxy - Invoking SecurityContextHolderFilter (3/16)
26-09-16 10:45:35.038 [Test worker] TRACE o.s.security.web.FilterChainProxy - Invoking HeaderWriterFilter (4/16)
26-09-16 10:45:35.039 [Test worker] TRACE o.s.security.web.FilterChainProxy - Invoking CsrfFilter (5/16)
26-09-16 10:45:35.039 [Test worker] DEBUG o.s.security.web.csrf.CsrfFilter - Invalid CSRF token found for http://localhost/api/messages/37da447c-adf9-4bf6-a33f-f8499c8b0d40
26-09-16 10:45:35.040 [Test worker] DEBUG o.s.s.w.a.AccessDeniedHandlerImpl - Responding with 403 status code
26-09-16 10:45:35.041 [Test worker] TRACE o.s.s.w.h.writers.HstsHeaderWriter - Not injecting HSTS header since it did not match request to [Is Secure]
26-09-16 10:45:35.146 [Test worker] TRACE o.s.security.web.FilterChainProxy - Trying to match request against DefaultSecurityFilterChain defined as 'defaultSecurityFilterChain' in [class path resource [org/springframework/boot/autoconfigure/security/servlet/SpringBootWebSecurityConfiguration$SecurityFilterChainConfiguration.class]] matching [any request] and having filters [DisableEncodeUrl, WebAsyncManagerIntegration, SecurityContextHolder, HeaderWriter, Csrf, Logout, UsernamePasswordAuthentication, DefaultResources, DefaultLoginPageGenerating, DefaultLogoutPageGenerating, BasicAuthentication, RequestCacheAware, SecurityContextHolderAwareRequest, AnonymousAuthentication, ExceptionTranslation, Authorization] (1/1)
26-09-16 10:45:35.147 [Test worker] DEBUG o.s.security.web.FilterChainProxy - Securing POST /api/messages
26-09-16 10:45:35.148 [Test worker] TRACE o.s.security.web.FilterChainProxy - Invoking DisableEncodeUrlFilter (1/16)
26-09-16 10:45:35.149 [Test worker] TRACE o.s.security.web.FilterChainProxy - Invoking WebAsyncManagerIntegrationFilter (2/16)
26-09-16 10:45:35.149 [Test worker] TRACE o.s.security.web.FilterChainProxy - Invoking SecurityContextHolderFilter (3/16)
26-09-16 10:45:35.149 [Test worker] TRACE o.s.security.web.FilterChainProxy - Invoking HeaderWriterFilter (4/16)
26-09-16 10:45:35.149 [Test worker] TRACE o.s.security.web.FilterChainProxy - Invoking CsrfFilter (5/16)
26-09-16 10:45:35.150 [Test worker] DEBUG o.s.security.web.csrf.CsrfFilter - Invalid CSRF token found for http://localhost/api/messages
26-09-16 10:45:35.150 [Test worker] DEBUG o.s.s.w.a.AccessDeniedHandlerImpl - Responding with 403 status code
26-09-16 10:45:35.150 [Test worker] TRACE o.s.s.w.h.writers.HstsHeaderWriter - Not injecting HSTS header since it did not match request to [Is Secure]
26-09-16 10:45:35.180 [Test worker] INFO  o.s.t.c.s.AnnotationConfigContextLoaderUtils - Could not detect default configuration classes for test class [com.sprint.mission.discodeit.controller.UserControllerTest]: UserControllerTest does not declare any static, non-private, non-final, nested classes annotated with @Configuration.
26-09-16 10:45:35.218 [Test worker] INFO  o.s.b.t.c.SpringBootTestContextBootstrapper - Found @SpringBootConfiguration com.sprint.mission.discodeit.DiscodeitApplication for test class com.sprint.mission.discodeit.controller.UserControllerTest
26-09-16 10:45:35.335 [Test worker] INFO  c.s.m.d.c.UserControllerTest - Starting UserControllerTest using Java 17.0.19 with PID 1398 (started by jangjunseo in /Users/jangjunseo/Desktop/codei_13th_develop/13-sprint-mission)
26-09-16 10:45:35.335 [Test worker] INFO  c.s.m.d.c.UserControllerTest - The following 1 profile is active: "dev"
26-09-16 10:45:36.127 [Test worker] INFO  o.s.b.a.w.s.WelcomePageHandlerMapping - Adding welcome page: class path resource [static/index.html]
26-09-16 10:45:36.250 [Test worker] TRACE o.s.s.c.a.a.c.AuthenticationConfiguration$EnableGlobalAuthenticationAutowiredConfigurer - Eagerly initializing {org.springframework.boot.autoconfigure.security.servlet.SpringBootWebSecurityConfiguration$WebSecurityEnablerConfiguration=org.springframework.boot.autoconfigure.security.servlet.SpringBootWebSecurityConfiguration$WebSecurityEnablerConfiguration@b940d24}
26-09-16 10:45:36.255 [Test worker] WARN  o.s.b.a.s.s.UserDetailsServiceAutoConfiguration - 

Using generated security password: 32b0c03c-c43e-4790-87e0-3d628d356465

This generated password is for development use only. Your security configuration must be updated before running your application in production.

26-09-16 10:45:36.257 [Test worker] INFO  o.s.s.c.a.a.c.InitializeUserDetailsBeanManagerConfigurer$InitializeUserDetailsManagerConfigurer - Global AuthenticationManager configured with UserDetailsService bean with name inMemoryUserDetailsManager
26-09-16 10:45:36.271 [Test worker] DEBUG o.s.s.web.DefaultSecurityFilterChain - Will secure any request with filters: DisableEncodeUrlFilter, WebAsyncManagerIntegrationFilter, SecurityContextHolderFilter, HeaderWriterFilter, CsrfFilter, LogoutFilter, UsernamePasswordAuthenticationFilter, DefaultResourcesFilter, DefaultLoginPageGeneratingFilter, DefaultLogoutPageGeneratingFilter, BasicAuthenticationFilter, RequestCacheAwareFilter, SecurityContextHolderAwareRequestFilter, AnonymousAuthenticationFilter, ExceptionTranslationFilter, AuthorizationFilter
26-09-16 10:45:36.280 [Test worker] INFO  o.s.b.t.m.w.SpringBootMockServletContext - Initializing Spring TestDispatcherServlet ''
26-09-16 10:45:36.280 [Test worker] INFO  o.s.t.w.s.TestDispatcherServlet - Initializing Servlet ''
26-09-16 10:45:36.281 [Test worker] INFO  o.s.t.w.s.TestDispatcherServlet - Completed initialization in 1 ms
26-09-16 10:45:36.291 [Test worker] INFO  c.s.m.d.c.UserControllerTest - Started UserControllerTest in 1.056 seconds (process running for 14.903)
26-09-16 10:45:36.308 [Test worker] TRACE o.s.security.web.FilterChainProxy - Trying to match request against DefaultSecurityFilterChain defined as 'defaultSecurityFilterChain' in [class path resource [org/springframework/boot/autoconfigure/security/servlet/SpringBootWebSecurityConfiguration$SecurityFilterChainConfiguration.class]] matching [any request] and having filters [DisableEncodeUrl, WebAsyncManagerIntegration, SecurityContextHolder, HeaderWriter, Csrf, Logout, UsernamePasswordAuthentication, DefaultResources, DefaultLoginPageGenerating, DefaultLogoutPageGenerating, BasicAuthentication, RequestCacheAware, SecurityContextHolderAwareRequest, AnonymousAuthentication, ExceptionTranslation, Authorization] (1/1)
26-09-16 10:45:36.309 [Test worker] DEBUG o.s.security.web.FilterChainProxy - Securing POST /api/users
26-09-16 10:45:36.309 [Test worker] TRACE o.s.security.web.FilterChainProxy - Invoking DisableEncodeUrlFilter (1/16)
26-09-16 10:45:36.309 [Test worker] TRACE o.s.security.web.FilterChainProxy - Invoking WebAsyncManagerIntegrationFilter (2/16)
26-09-16 10:45:36.309 [Test worker] TRACE o.s.security.web.FilterChainProxy - Invoking SecurityContextHolderFilter (3/16)
26-09-16 10:45:36.310 [Test worker] TRACE o.s.security.web.FilterChainProxy - Invoking HeaderWriterFilter (4/16)
26-09-16 10:45:36.310 [Test worker] TRACE o.s.security.web.FilterChainProxy - Invoking CsrfFilter (5/16)
26-09-16 10:45:36.310 [Test worker] DEBUG o.s.security.web.csrf.CsrfFilter - Invalid CSRF token found for http://localhost/api/users
26-09-16 10:45:36.310 [Test worker] DEBUG o.s.s.w.a.AccessDeniedHandlerImpl - Responding with 403 status code
26-09-16 10:45:36.310 [Test worker] TRACE o.s.s.w.h.writers.HstsHeaderWriter - Not injecting HSTS header since it did not match request to [Is Secure]
26-09-16 10:45:36.331 [Test worker] TRACE o.s.security.web.FilterChainProxy - Trying to match request against DefaultSecurityFilterChain defined as 'defaultSecurityFilterChain' in [class path resource [org/springframework/boot/autoconfigure/security/servlet/SpringBootWebSecurityConfiguration$SecurityFilterChainConfiguration.class]] matching [any request] and having filters [DisableEncodeUrl, WebAsyncManagerIntegration, SecurityContextHolder, HeaderWriter, Csrf, Logout, UsernamePasswordAuthentication, DefaultResources, DefaultLoginPageGenerating, DefaultLogoutPageGenerating, BasicAuthentication, RequestCacheAware, SecurityContextHolderAwareRequest, AnonymousAuthentication, ExceptionTranslation, Authorization] (1/1)
26-09-16 10:45:36.331 [Test worker] DEBUG o.s.security.web.FilterChainProxy - Securing POST /api/users
26-09-16 10:45:36.332 [Test worker] TRACE o.s.security.web.FilterChainProxy - Invoking DisableEncodeUrlFilter (1/16)
26-09-16 10:45:36.332 [Test worker] TRACE o.s.security.web.FilterChainProxy - Invoking WebAsyncManagerIntegrationFilter (2/16)
26-09-16 10:45:36.332 [Test worker] TRACE o.s.security.web.FilterChainProxy - Invoking SecurityContextHolderFilter (3/16)
26-09-16 10:45:36.332 [Test worker] TRACE o.s.security.web.FilterChainProxy - Invoking HeaderWriterFilter (4/16)
26-09-16 10:45:36.333 [Test worker] TRACE o.s.security.web.FilterChainProxy - Invoking CsrfFilter (5/16)
26-09-16 10:45:36.333 [Test worker] DEBUG o.s.security.web.csrf.CsrfFilter - Invalid CSRF token found for http://localhost/api/users
26-09-16 10:45:36.333 [Test worker] DEBUG o.s.s.w.a.AccessDeniedHandlerImpl - Responding with 403 status code
26-09-16 10:45:36.334 [Test worker] TRACE o.s.s.w.h.writers.HstsHeaderWriter - Not injecting HSTS header since it did not match request to [Is Secure]
26-09-16 10:45:36.363 [Test worker] INFO  o.s.t.c.s.AnnotationConfigContextLoaderUtils - Could not detect default configuration classes for test class [com.sprint.mission.discodeit.integration.ChannelIntegrationTest]: ChannelIntegrationTest does not declare any static, non-private, non-final, nested classes annotated with @Configuration.
26-09-16 10:45:36.388 [Test worker] INFO  o.s.b.t.c.SpringBootTestContextBootstrapper - Found @SpringBootConfiguration com.sprint.mission.discodeit.DiscodeitApplication for test class com.sprint.mission.discodeit.integration.ChannelIntegrationTest
26-09-16 10:45:36.475 [Test worker] INFO  c.s.m.d.i.ChannelIntegrationTest - Starting ChannelIntegrationTest using Java 17.0.19 with PID 1398 (started by jangjunseo in /Users/jangjunseo/Desktop/codei_13th_develop/13-sprint-mission)
26-09-16 10:45:36.476 [Test worker] INFO  c.s.m.d.i.ChannelIntegrationTest - The following 1 profile is active: "test"
26-09-16 10:45:37.714 [Test worker] INFO  o.s.d.r.c.RepositoryConfigurationDelegate - Bootstrapping Spring Data JPA repositories in DEFAULT mode.
26-09-16 10:45:37.818 [Test worker] INFO  o.s.d.r.c.RepositoryConfigurationDelegate - Finished Spring Data repository scanning in 90 ms. Found 6 JPA repository interfaces.
26-09-16 10:45:38.928 [Test worker] INFO  o.h.jpa.internal.util.LogHelper - HHH000204: Processing PersistenceUnitInfo [name: default]
26-09-16 10:45:39.025 [Test worker] INFO  org.hibernate.Version - HHH000412: Hibernate ORM core version 6.6.2.Final
26-09-16 10:45:39.085 [Test worker] INFO  o.h.c.i.RegionFactoryInitiator - HHH000026: Second-level cache disabled
26-09-16 10:45:39.282 [Test worker] INFO  o.s.o.j.p.SpringPersistenceUnitInfo - No LoadTimeWeaver setup: ignoring JPA class transformer
26-09-16 10:45:39.334 [Test worker] INFO  com.zaxxer.hikari.HikariDataSource - HikariPool-1 - Starting...
26-09-16 10:45:39.816 [Test worker] INFO  com.zaxxer.hikari.pool.HikariPool - HikariPool-1 - Added connection conn0: url=jdbc:h2:mem:testdb user=SA
26-09-16 10:45:39.818 [Test worker] INFO  com.zaxxer.hikari.HikariDataSource - HikariPool-1 - Start completed.
26-09-16 10:45:39.944 [Test worker] INFO  o.hibernate.orm.connections.pooling - HHH10001005: Database info:
	Database JDBC URL [Connecting through datasource 'HikariDataSource (HikariPool-1)']
	Database driver: undefined/unknown
	Database version: 2.3.232
	Autocommit mode: undefined/unknown
	Isolation level: undefined/unknown
	Minimum pool size: undefined/unknown
	Maximum pool size: undefined/unknown
26-09-16 10:45:41.266 [Test worker] INFO  o.h.e.t.j.p.i.JtaPlatformInitiator - HHH000489: No JTA platform available (set 'hibernate.transaction.jta.platform' to enable JTA platform integration)
26-09-16 10:45:41.282 [Test worker] DEBUG org.hibernate.SQL - 
    drop table if exists binary_contents cascade 
26-09-16 10:45:41.294 [Test worker] DEBUG org.hibernate.SQL - 
    drop table if exists channels cascade 
26-09-16 10:45:41.294 [Test worker] DEBUG org.hibernate.SQL - 
    drop table if exists message_attachments cascade 
26-09-16 10:45:41.294 [Test worker] DEBUG org.hibernate.SQL - 
    drop table if exists messages cascade 
26-09-16 10:45:41.295 [Test worker] DEBUG org.hibernate.SQL - 
    drop table if exists read_statuses cascade 
26-09-16 10:45:41.295 [Test worker] DEBUG org.hibernate.SQL - 
    drop table if exists user_statuses cascade 
26-09-16 10:45:41.295 [Test worker] DEBUG org.hibernate.SQL - 
    drop table if exists users cascade 
26-09-16 10:45:41.302 [Test worker] DEBUG org.hibernate.SQL - 
    create table binary_contents (
        created_at timestamp(6) with time zone,
        size bigint not null,
        id uuid not null,
        content_type varchar(255),
        file_name varchar(255),
        primary key (id)
    )
26-09-16 10:45:41.311 [Test worker] DEBUG org.hibernate.SQL - 
    create table channels (
        created_at timestamp(6) with time zone,
        id uuid not null,
        description varchar(255),
        name varchar(255),
        type enum ('PRIVATE','PUBLIC'),
        primary key (id)
    )
26-09-16 10:45:41.315 [Test worker] DEBUG org.hibernate.SQL - 
    create table message_attachments (
        attachment_id uuid not null,
        message_id uuid not null
    )
26-09-16 10:45:41.316 [Test worker] DEBUG org.hibernate.SQL - 
    create table messages (
        created_at timestamp(6) with time zone,
        author_id uuid,
        channel_id uuid,
        id uuid not null,
        content varchar(255),
        primary key (id)
    )
26-09-16 10:45:41.319 [Test worker] DEBUG org.hibernate.SQL - 
    create table read_statuses (
        created_at timestamp(6) with time zone,
        last_read_at timestamp(6) with time zone,
        channel_id uuid,
        id uuid not null,
        user_id uuid,
        primary key (id)
    )
26-09-16 10:45:41.323 [Test worker] DEBUG org.hibernate.SQL - 
    create table user_statuses (
        created_at timestamp(6) with time zone,
        last_active_at timestamp(6) with time zone,
        id uuid not null,
        user_id uuid unique,
        primary key (id)
    )
26-09-16 10:45:41.327 [Test worker] DEBUG org.hibernate.SQL - 
    create table users (
        created_at timestamp(6) with time zone,
        id uuid not null,
        profile_id uuid unique,
        email varchar(255),
        password varchar(255),
        username varchar(255),
        role enum ('ADMIN','CHANNEL_MANAGER','USER'),
        primary key (id)
    )
26-09-16 10:45:41.329 [Test worker] DEBUG org.hibernate.SQL - 
    alter table if exists message_attachments 
       add constraint FKsd1m8rb8jcpbcnb7rpdue7ctc 
       foreign key (attachment_id) 
       references binary_contents
26-09-16 10:45:41.347 [Test worker] DEBUG org.hibernate.SQL - 
    alter table if exists message_attachments 
       add constraint FKj7twd218e2gqw9cmlhwvo1rth 
       foreign key (message_id) 
       references messages
26-09-16 10:45:41.349 [Test worker] DEBUG org.hibernate.SQL - 
    alter table if exists messages 
       add constraint FKowtlim26svclkatusptbgi7u1 
       foreign key (author_id) 
       references users
26-09-16 10:45:41.351 [Test worker] DEBUG org.hibernate.SQL - 
    alter table if exists messages 
       add constraint FK3u3ckbhwq9se1cmopk2pq05b2 
       foreign key (channel_id) 
       references channels
26-09-16 10:45:41.353 [Test worker] DEBUG org.hibernate.SQL - 
    alter table if exists read_statuses 
       add constraint FKa38ri44ml4gfdpklx4ahqr8gd 
       foreign key (channel_id) 
       references channels
26-09-16 10:45:41.355 [Test worker] DEBUG org.hibernate.SQL - 
    alter table if exists read_statuses 
       add constraint FKml3k4wr9sj5yxrmj6d0aoib2e 
       foreign key (user_id) 
       references users
26-09-16 10:45:41.356 [Test worker] DEBUG org.hibernate.SQL - 
    alter table if exists user_statuses 
       add constraint FK4lfl3ei2ubchgcxrrpo3pw4mm 
       foreign key (user_id) 
       references users
26-09-16 10:45:41.358 [Test worker] DEBUG org.hibernate.SQL - 
    alter table if exists users 
       add constraint FKtbudycgrip49xdptogmhfqnso 
       foreign key (profile_id) 
       references binary_contents
26-09-16 10:45:41.364 [Test worker] INFO  o.s.o.j.LocalContainerEntityManagerFactoryBean - Initialized JPA EntityManagerFactory for persistence unit 'default'
26-09-16 10:45:42.427 [Test worker] TRACE o.s.s.c.a.a.c.AuthenticationConfiguration$EnableGlobalAuthenticationAutowiredConfigurer - Eagerly initializing {securityConfig=com.sprint.mission.discodeit.config.SecurityConfig$$SpringCGLIB$$0@2314f7a7}
26-09-16 10:45:42.429 [Test worker] INFO  o.s.s.c.a.a.c.InitializeUserDetailsBeanManagerConfigurer$InitializeUserDetailsManagerConfigurer - Global AuthenticationManager configured with UserDetailsService bean with name discodeitUserDetailsService
26-09-16 10:45:42.541 [Test worker] INFO  o.s.b.a.w.s.WelcomePageHandlerMapping - Adding welcome page: class path resource [static/index.html]
26-09-16 10:45:42.834 [Test worker] INFO  o.s.b.a.e.web.EndpointLinksResolver - Exposing 4 endpoints beneath base path '/actuator'
26-09-16 10:45:42.905 [Test worker] DEBUG o.s.s.web.DefaultSecurityFilterChain - Will secure any request with filters: DisableEncodeUrlFilter, WebAsyncManagerIntegrationFilter, SecurityContextHolderFilter, HeaderWriterFilter, CsrfFilter, LogoutFilter, UsernamePasswordAuthenticationFilter, DefaultResourcesFilter, DefaultLoginPageGeneratingFilter, DefaultLogoutPageGeneratingFilter, RequestCacheAwareFilter, SecurityContextHolderAwareRequestFilter, AnonymousAuthenticationFilter, ExceptionTranslationFilter
26-09-16 10:45:43.499 [Test worker] INFO  o.s.b.t.m.w.SpringBootMockServletContext - Initializing Spring TestDispatcherServlet ''
26-09-16 10:45:43.499 [Test worker] INFO  o.s.t.w.s.TestDispatcherServlet - Initializing Servlet ''
26-09-16 10:45:43.501 [Test worker] INFO  o.s.t.w.s.TestDispatcherServlet - Completed initialization in 2 ms
26-09-16 10:45:43.565 [Test worker] INFO  c.s.m.d.i.ChannelIntegrationTest - Started ChannelIntegrationTest in 7.165 seconds (process running for 22.177)
26-09-16 10:45:43.630 [Test worker] TRACE o.s.security.web.FilterChainProxy - Trying to match request against DefaultSecurityFilterChain defined as 'filterChain' in [class path resource [com/sprint/mission/discodeit/config/SecurityConfig.class]] matching [any request] and having filters [DisableEncodeUrl, WebAsyncManagerIntegration, SecurityContextHolder, HeaderWriter, Csrf, Logout, UsernamePasswordAuthentication, DefaultResources, DefaultLoginPageGenerating, DefaultLogoutPageGenerating, RequestCacheAware, SecurityContextHolderAwareRequest, AnonymousAuthentication, ExceptionTranslation] (1/1)
26-09-16 10:45:43.630 [Test worker] DEBUG o.s.security.web.FilterChainProxy - Securing POST /api/channels/public
26-09-16 10:45:43.631 [Test worker] TRACE o.s.security.web.FilterChainProxy - Invoking DisableEncodeUrlFilter (1/14)
26-09-16 10:45:43.637 [Test worker] TRACE o.s.security.web.FilterChainProxy - Invoking WebAsyncManagerIntegrationFilter (2/14)
26-09-16 10:45:43.638 [Test worker] TRACE o.s.security.web.FilterChainProxy - Invoking SecurityContextHolderFilter (3/14)
26-09-16 10:45:43.638 [Test worker] TRACE o.s.security.web.FilterChainProxy - Invoking HeaderWriterFilter (4/14)
26-09-16 10:45:43.638 [Test worker] TRACE o.s.security.web.FilterChainProxy - Invoking CsrfFilter (5/14)
26-09-16 10:45:43.645 [Test worker] DEBUG o.s.security.web.csrf.CsrfFilter - Invalid CSRF token found for http://localhost/api/channels/public
26-09-16 10:45:43.646 [Test worker] DEBUG o.s.s.w.a.AccessDeniedHandlerImpl - Responding with 403 status code
26-09-16 10:45:43.646 [Test worker] TRACE o.s.s.w.h.writers.HstsHeaderWriter - Not injecting HSTS header since it did not match request to [Is Secure]
26-09-16 10:45:43.728 [Test worker] TRACE o.s.security.web.FilterChainProxy - Trying to match request against DefaultSecurityFilterChain defined as 'filterChain' in [class path resource [com/sprint/mission/discodeit/config/SecurityConfig.class]] matching [any request] and having filters [DisableEncodeUrl, WebAsyncManagerIntegration, SecurityContextHolder, HeaderWriter, Csrf, Logout, UsernamePasswordAuthentication, DefaultResources, DefaultLoginPageGenerating, DefaultLogoutPageGenerating, RequestCacheAware, SecurityContextHolderAwareRequest, AnonymousAuthentication, ExceptionTranslation] (1/1)
26-09-16 10:45:43.729 [Test worker] DEBUG o.s.security.web.FilterChainProxy - Securing DELETE /api/channels/693d508e-1826-4f1b-af6a-ae54af462690
26-09-16 10:45:43.730 [Test worker] TRACE o.s.security.web.FilterChainProxy - Invoking DisableEncodeUrlFilter (1/14)
26-09-16 10:45:43.730 [Test worker] TRACE o.s.security.web.FilterChainProxy - Invoking WebAsyncManagerIntegrationFilter (2/14)
26-09-16 10:45:43.730 [Test worker] TRACE o.s.security.web.FilterChainProxy - Invoking SecurityContextHolderFilter (3/14)
26-09-16 10:45:43.730 [Test worker] TRACE o.s.security.web.FilterChainProxy - Invoking HeaderWriterFilter (4/14)
26-09-16 10:45:43.731 [Test worker] TRACE o.s.security.web.FilterChainProxy - Invoking CsrfFilter (5/14)
26-09-16 10:45:43.731 [Test worker] DEBUG o.s.security.web.csrf.CsrfFilter - Invalid CSRF token found for http://localhost/api/channels/693d508e-1826-4f1b-af6a-ae54af462690
26-09-16 10:45:43.731 [Test worker] DEBUG o.s.s.w.a.AccessDeniedHandlerImpl - Responding with 403 status code
26-09-16 10:45:43.732 [Test worker] TRACE o.s.s.w.h.writers.HstsHeaderWriter - Not injecting HSTS header since it did not match request to [Is Secure]
26-09-16 10:45:43.762 [Test worker] TRACE o.s.security.web.FilterChainProxy - Trying to match request against DefaultSecurityFilterChain defined as 'filterChain' in [class path resource [com/sprint/mission/discodeit/config/SecurityConfig.class]] matching [any request] and having filters [DisableEncodeUrl, WebAsyncManagerIntegration, SecurityContextHolder, HeaderWriter, Csrf, Logout, UsernamePasswordAuthentication, DefaultResources, DefaultLoginPageGenerating, DefaultLogoutPageGenerating, RequestCacheAware, SecurityContextHolderAwareRequest, AnonymousAuthentication, ExceptionTranslation] (1/1)
26-09-16 10:45:43.763 [Test worker] DEBUG o.s.security.web.FilterChainProxy - Securing PATCH /api/channels/d96d0d23-24c0-4ebb-abdf-bc1dc3ad5751
26-09-16 10:45:43.763 [Test worker] TRACE o.s.security.web.FilterChainProxy - Invoking DisableEncodeUrlFilter (1/14)
26-09-16 10:45:43.763 [Test worker] TRACE o.s.security.web.FilterChainProxy - Invoking WebAsyncManagerIntegrationFilter (2/14)
26-09-16 10:45:43.764 [Test worker] TRACE o.s.security.web.FilterChainProxy - Invoking SecurityContextHolderFilter (3/14)
26-09-16 10:45:43.764 [Test worker] TRACE o.s.security.web.FilterChainProxy - Invoking HeaderWriterFilter (4/14)
26-09-16 10:45:43.764 [Test worker] TRACE o.s.security.web.FilterChainProxy - Invoking CsrfFilter (5/14)
26-09-16 10:45:43.765 [Test worker] DEBUG o.s.security.web.csrf.CsrfFilter - Invalid CSRF token found for http://localhost/api/channels/d96d0d23-24c0-4ebb-abdf-bc1dc3ad5751
26-09-16 10:45:43.770 [Test worker] DEBUG o.s.s.w.a.AccessDeniedHandlerImpl - Responding with 403 status code
26-09-16 10:45:43.771 [Test worker] TRACE o.s.s.w.h.writers.HstsHeaderWriter - Not injecting HSTS header since it did not match request to [Is Secure]
26-09-16 10:45:43.792 [Test worker] INFO  o.s.t.c.s.AnnotationConfigContextLoaderUtils - Could not detect default configuration classes for test class [com.sprint.mission.discodeit.integration.MessageIntegrationTest]: MessageIntegrationTest does not declare any static, non-private, non-final, nested classes annotated with @Configuration.
26-09-16 10:45:43.798 [Test worker] INFO  o.s.b.t.c.SpringBootTestContextBootstrapper - Found @SpringBootConfiguration com.sprint.mission.discodeit.DiscodeitApplication for test class com.sprint.mission.discodeit.integration.MessageIntegrationTest
26-09-16 10:45:43.875 [Test worker] TRACE o.s.security.web.FilterChainProxy - Trying to match request against DefaultSecurityFilterChain defined as 'filterChain' in [class path resource [com/sprint/mission/discodeit/config/SecurityConfig.class]] matching [any request] and having filters [DisableEncodeUrl, WebAsyncManagerIntegration, SecurityContextHolder, HeaderWriter, Csrf, Logout, UsernamePasswordAuthentication, DefaultResources, DefaultLoginPageGenerating, DefaultLogoutPageGenerating, RequestCacheAware, SecurityContextHolderAwareRequest, AnonymousAuthentication, ExceptionTranslation] (1/1)
26-09-16 10:45:43.876 [Test worker] DEBUG o.s.security.web.FilterChainProxy - Securing PATCH /api/messages/416b2fd9-970a-4574-9bcf-79d743ec0969
26-09-16 10:45:43.876 [Test worker] TRACE o.s.security.web.FilterChainProxy - Invoking DisableEncodeUrlFilter (1/14)
26-09-16 10:45:43.876 [Test worker] TRACE o.s.security.web.FilterChainProxy - Invoking WebAsyncManagerIntegrationFilter (2/14)
26-09-16 10:45:43.876 [Test worker] TRACE o.s.security.web.FilterChainProxy - Invoking SecurityContextHolderFilter (3/14)
26-09-16 10:45:43.877 [Test worker] TRACE o.s.security.web.FilterChainProxy - Invoking HeaderWriterFilter (4/14)
26-09-16 10:45:43.877 [Test worker] TRACE o.s.security.web.FilterChainProxy - Invoking CsrfFilter (5/14)
26-09-16 10:45:43.877 [Test worker] DEBUG o.s.security.web.csrf.CsrfFilter - Invalid CSRF token found for http://localhost/api/messages/416b2fd9-970a-4574-9bcf-79d743ec0969
26-09-16 10:45:43.877 [Test worker] DEBUG o.s.s.w.a.AccessDeniedHandlerImpl - Responding with 403 status code
26-09-16 10:45:43.877 [Test worker] TRACE o.s.s.w.h.writers.HstsHeaderWriter - Not injecting HSTS header since it did not match request to [Is Secure]
26-09-16 10:45:43.896 [Test worker] TRACE o.s.security.web.FilterChainProxy - Trying to match request against DefaultSecurityFilterChain defined as 'filterChain' in [class path resource [com/sprint/mission/discodeit/config/SecurityConfig.class]] matching [any request] and having filters [DisableEncodeUrl, WebAsyncManagerIntegration, SecurityContextHolder, HeaderWriter, Csrf, Logout, UsernamePasswordAuthentication, DefaultResources, DefaultLoginPageGenerating, DefaultLogoutPageGenerating, RequestCacheAware, SecurityContextHolderAwareRequest, AnonymousAuthentication, ExceptionTranslation] (1/1)
26-09-16 10:45:43.897 [Test worker] DEBUG o.s.security.web.FilterChainProxy - Securing GET /api/messages
26-09-16 10:45:43.897 [Test worker] TRACE o.s.security.web.FilterChainProxy - Invoking DisableEncodeUrlFilter (1/14)
26-09-16 10:45:43.897 [Test worker] TRACE o.s.security.web.FilterChainProxy - Invoking WebAsyncManagerIntegrationFilter (2/14)
26-09-16 10:45:43.898 [Test worker] TRACE o.s.security.web.FilterChainProxy - Invoking SecurityContextHolderFilter (3/14)
26-09-16 10:45:43.898 [Test worker] TRACE o.s.security.web.FilterChainProxy - Invoking HeaderWriterFilter (4/14)
26-09-16 10:45:43.898 [Test worker] TRACE o.s.security.web.FilterChainProxy - Invoking CsrfFilter (5/14)
26-09-16 10:45:43.898 [Test worker] TRACE o.s.security.web.csrf.CsrfFilter - Did not protect against CSRF since request did not match CsrfNotRequired [TRACE, HEAD, GET, OPTIONS]
26-09-16 10:45:43.899 [Test worker] TRACE o.s.security.web.FilterChainProxy - Invoking LogoutFilter (6/14)
26-09-16 10:45:43.899 [Test worker] TRACE o.s.s.w.a.logout.LogoutFilter - Did not match request to Ant [pattern='/api/auth/logout', POST]
26-09-16 10:45:43.899 [Test worker] TRACE o.s.security.web.FilterChainProxy - Invoking UsernamePasswordAuthenticationFilter (7/14)
26-09-16 10:45:43.899 [Test worker] TRACE o.s.s.w.a.UsernamePasswordAuthenticationFilter - Did not match request to Ant [pattern='/api/auth/login', POST]
26-09-16 10:45:43.899 [Test worker] TRACE o.s.security.web.FilterChainProxy - Invoking DefaultResourcesFilter (8/14)
26-09-16 10:45:43.900 [Test worker] TRACE o.s.security.web.FilterChainProxy - Invoking DefaultLoginPageGeneratingFilter (9/14)
26-09-16 10:45:43.900 [Test worker] TRACE o.s.security.web.FilterChainProxy - Invoking DefaultLogoutPageGeneratingFilter (10/14)
26-09-16 10:45:43.901 [Test worker] TRACE o.s.s.w.a.u.DefaultLogoutPageGeneratingFilter - Did not render default logout page since request did not match [Ant [pattern='/logout', GET]]
26-09-16 10:45:43.901 [Test worker] TRACE o.s.security.web.FilterChainProxy - Invoking RequestCacheAwareFilter (11/14)
26-09-16 10:45:43.901 [Test worker] TRACE o.s.s.w.s.HttpSessionRequestCache - matchingRequestParameterName is required for getMatchingRequest to lookup a value, but not provided
26-09-16 10:45:43.902 [Test worker] TRACE o.s.security.web.FilterChainProxy - Invoking SecurityContextHolderAwareRequestFilter (12/14)
26-09-16 10:45:43.902 [Test worker] TRACE o.s.security.web.FilterChainProxy - Invoking AnonymousAuthenticationFilter (13/14)
26-09-16 10:45:43.902 [Test worker] TRACE o.s.security.web.FilterChainProxy - Invoking ExceptionTranslationFilter (14/14)
26-09-16 10:45:43.905 [Test worker] DEBUG o.s.security.web.FilterChainProxy - Secured GET /api/messages
26-09-16 10:45:43.941 [Test worker] INFO  c.s.m.d.s.basic.BasicMessageService - 채널 메시지 목록 조회 요청 - channelId: 4b79cb38-7452-41f0-acf5-0b8e30ec6b4d
26-09-16 10:45:44.115 [Test worker] DEBUG org.hibernate.SQL - 
    /* insert for
        com.sprint.mission.discodeit.entity.User */insert 
    into
        users (created_at, email, password, profile_id, role, username, id) 
    values
        (?, ?, ?, ?, ?, ?, ?)
26-09-16 10:45:44.127 [Test worker] TRACE org.hibernate.orm.jdbc.bind - binding parameter (1:TIMESTAMP_UTC) <- [2026-09-16T01:45:43.893631Z]
26-09-16 10:45:44.137 [Test worker] TRACE org.hibernate.orm.jdbc.bind - binding parameter (2:VARCHAR) <- [listauthor@example.com]
26-09-16 10:45:44.138 [Test worker] TRACE org.hibernate.orm.jdbc.bind - binding parameter (3:VARCHAR) <- [password1234!]
26-09-16 10:45:44.138 [Test worker] TRACE org.hibernate.orm.jdbc.bind - binding parameter (4:UUID) <- [null]
26-09-16 10:45:44.138 [Test worker] TRACE org.hibernate.orm.jdbc.bind - binding parameter (5:ENUM) <- [USER]
26-09-16 10:45:44.139 [Test worker] TRACE org.hibernate.orm.jdbc.bind - binding parameter (6:VARCHAR) <- [listAuthor]
26-09-16 10:45:44.139 [Test worker] TRACE org.hibernate.orm.jdbc.bind - binding parameter (7:UUID) <- [ba236011-155a-444f-9042-c53d944840ef]
26-09-16 10:45:44.155 [Test worker] DEBUG org.hibernate.SQL - 
    /* insert for
        com.sprint.mission.discodeit.entity.Channel */insert 
    into
        channels (created_at, description, name, type, id) 
    values
        (?, ?, ?, ?, ?)
26-09-16 10:45:44.155 [Test worker] TRACE org.hibernate.orm.jdbc.bind - binding parameter (1:TIMESTAMP_UTC) <- [2026-09-16T01:45:43.894795Z]
26-09-16 10:45:44.156 [Test worker] TRACE org.hibernate.orm.jdbc.bind - binding parameter (2:VARCHAR) <- [설명]
26-09-16 10:45:44.156 [Test worker] TRACE org.hibernate.orm.jdbc.bind - binding parameter (3:VARCHAR) <- [채널3]
26-09-16 10:45:44.156 [Test worker] TRACE org.hibernate.orm.jdbc.bind - binding parameter (4:ENUM) <- [PUBLIC]
26-09-16 10:45:44.156 [Test worker] TRACE org.hibernate.orm.jdbc.bind - binding parameter (5:UUID) <- [4b79cb38-7452-41f0-acf5-0b8e30ec6b4d]
26-09-16 10:45:44.157 [Test worker] DEBUG org.hibernate.SQL - 
    /* insert for
        com.sprint.mission.discodeit.entity.Message */insert 
    into
        messages (author_id, channel_id, content, created_at, id) 
    values
        (?, ?, ?, ?, ?)
26-09-16 10:45:44.157 [Test worker] TRACE org.hibernate.orm.jdbc.bind - binding parameter (1:UUID) <- [ba236011-155a-444f-9042-c53d944840ef]
26-09-16 10:45:44.158 [Test worker] TRACE org.hibernate.orm.jdbc.bind - binding parameter (2:UUID) <- [4b79cb38-7452-41f0-acf5-0b8e30ec6b4d]
26-09-16 10:45:44.158 [Test worker] TRACE org.hibernate.orm.jdbc.bind - binding parameter (3:VARCHAR) <- [메시지1]
26-09-16 10:45:44.158 [Test worker] TRACE org.hibernate.orm.jdbc.bind - binding parameter (4:TIMESTAMP_UTC) <- [2026-09-16T01:45:43.895189Z]
26-09-16 10:45:44.158 [Test worker] TRACE org.hibernate.orm.jdbc.bind - binding parameter (5:UUID) <- [662c9a61-0062-40a5-aca7-ef6405ee97b1]
26-09-16 10:45:44.193 [Test worker] DEBUG org.hibernate.SQL - 
    /* <criteria> */ select
        m1_0.id,
        a1_0.id,
        a1_0.created_at,
        a1_0.email,
        a1_0.password,
        p1_0.id,
        p1_0.content_type,
        p1_0.created_at,
        p1_0.file_name,
        p1_0.size,
        a1_0.role,
        a1_0.username,
        us1_0.id,
        us1_0.created_at,
        us1_0.last_active_at,
        c2_0.id,
        c2_0.created_at,
        c2_0.description,
        c2_0.name,
        c2_0.type,
        m1_0.content,
        m1_0.created_at 
    from
        messages m1_0 
    left join
        users a1_0 
            on a1_0.id=m1_0.author_id 
    left join
        binary_contents p1_0 
            on p1_0.id=a1_0.profile_id 
    left join
        user_statuses us1_0 
            on a1_0.id=us1_0.user_id 
    left join
        channels c2_0 
            on c2_0.id=m1_0.channel_id 
    where
        m1_0.channel_id=? 
    order by
        m1_0.created_at desc 
    fetch
        first ? rows only
26-09-16 10:45:44.197 [Test worker] TRACE org.hibernate.orm.jdbc.bind - binding parameter (1:UUID) <- [4b79cb38-7452-41f0-acf5-0b8e30ec6b4d]
26-09-16 10:45:44.198 [Test worker] TRACE org.hibernate.orm.jdbc.bind - binding parameter (2:INTEGER) <- [51]
26-09-16 10:45:44.238 [Test worker] INFO  c.s.m.d.s.basic.BasicMessageService - 채널 메시지 목록 조회 완료 - 페이지: 0, 다음 페이지 여부: false
26-09-16 10:45:44.275 [Test worker] TRACE o.s.s.w.h.writers.HstsHeaderWriter - Not injecting HSTS header since it did not match request to [Is Secure]
26-09-16 10:45:44.276 [Test worker] TRACE o.s.s.w.c.HttpSessionSecurityContextRepository - No HttpSession currently exists
26-09-16 10:45:44.276 [Test worker] TRACE o.s.s.w.c.SupplierDeferredSecurityContext - Created SecurityContextImpl [Null authentication]
26-09-16 10:45:44.276 [Test worker] TRACE o.s.s.w.c.SupplierDeferredSecurityContext - Created SecurityContextImpl [Null authentication]
26-09-16 10:45:44.276 [Test worker] TRACE o.s.s.w.a.AnonymousAuthenticationFilter - Set SecurityContextHolder to AnonymousAuthenticationToken [Principal=anonymousUser, Credentials=[PROTECTED], Authenticated=true, Details=WebAuthenticationDetails [RemoteIpAddress=127.0.0.1, SessionId=null], Granted Authorities=[ROLE_ANONYMOUS]]
26-09-16 10:45:44.286 [Test worker] TRACE o.s.security.web.FilterChainProxy - Trying to match request against DefaultSecurityFilterChain defined as 'filterChain' in [class path resource [com/sprint/mission/discodeit/config/SecurityConfig.class]] matching [any request] and having filters [DisableEncodeUrl, WebAsyncManagerIntegration, SecurityContextHolder, HeaderWriter, Csrf, Logout, UsernamePasswordAuthentication, DefaultResources, DefaultLoginPageGenerating, DefaultLogoutPageGenerating, RequestCacheAware, SecurityContextHolderAwareRequest, AnonymousAuthentication, ExceptionTranslation] (1/1)
26-09-16 10:45:44.286 [Test worker] DEBUG o.s.security.web.FilterChainProxy - Securing DELETE /api/messages/75f1202f-2e9b-40ae-9e57-864f1cfc1da3
26-09-16 10:45:44.286 [Test worker] TRACE o.s.security.web.FilterChainProxy - Invoking DisableEncodeUrlFilter (1/14)
26-09-16 10:45:44.286 [Test worker] TRACE o.s.security.web.FilterChainProxy - Invoking WebAsyncManagerIntegrationFilter (2/14)
26-09-16 10:45:44.286 [Test worker] TRACE o.s.security.web.FilterChainProxy - Invoking SecurityContextHolderFilter (3/14)
26-09-16 10:45:44.287 [Test worker] TRACE o.s.security.web.FilterChainProxy - Invoking HeaderWriterFilter (4/14)
26-09-16 10:45:44.287 [Test worker] TRACE o.s.security.web.FilterChainProxy - Invoking CsrfFilter (5/14)
26-09-16 10:45:44.287 [Test worker] DEBUG o.s.security.web.csrf.CsrfFilter - Invalid CSRF token found for http://localhost/api/messages/75f1202f-2e9b-40ae-9e57-864f1cfc1da3
26-09-16 10:45:44.287 [Test worker] DEBUG o.s.s.w.a.AccessDeniedHandlerImpl - Responding with 403 status code
26-09-16 10:45:44.287 [Test worker] TRACE o.s.s.w.h.writers.HstsHeaderWriter - Not injecting HSTS header since it did not match request to [Is Secure]
26-09-16 10:45:44.306 [Test worker] TRACE o.s.security.web.FilterChainProxy - Trying to match request against DefaultSecurityFilterChain defined as 'filterChain' in [class path resource [com/sprint/mission/discodeit/config/SecurityConfig.class]] matching [any request] and having filters [DisableEncodeUrl, WebAsyncManagerIntegration, SecurityContextHolder, HeaderWriter, Csrf, Logout, UsernamePasswordAuthentication, DefaultResources, DefaultLoginPageGenerating, DefaultLogoutPageGenerating, RequestCacheAware, SecurityContextHolderAwareRequest, AnonymousAuthentication, ExceptionTranslation] (1/1)
26-09-16 10:45:44.307 [Test worker] DEBUG o.s.security.web.FilterChainProxy - Securing POST /api/messages
26-09-16 10:45:44.307 [Test worker] TRACE o.s.security.web.FilterChainProxy - Invoking DisableEncodeUrlFilter (1/14)
26-09-16 10:45:44.307 [Test worker] TRACE o.s.security.web.FilterChainProxy - Invoking WebAsyncManagerIntegrationFilter (2/14)
26-09-16 10:45:44.307 [Test worker] TRACE o.s.security.web.FilterChainProxy - Invoking SecurityContextHolderFilter (3/14)
26-09-16 10:45:44.307 [Test worker] TRACE o.s.security.web.FilterChainProxy - Invoking HeaderWriterFilter (4/14)
26-09-16 10:45:44.308 [Test worker] TRACE o.s.security.web.FilterChainProxy - Invoking CsrfFilter (5/14)
26-09-16 10:45:44.308 [Test worker] DEBUG o.s.security.web.csrf.CsrfFilter - Invalid CSRF token found for http://localhost/api/messages
26-09-16 10:45:44.308 [Test worker] DEBUG o.s.s.w.a.AccessDeniedHandlerImpl - Responding with 403 status code
26-09-16 10:45:44.308 [Test worker] TRACE o.s.s.w.h.writers.HstsHeaderWriter - Not injecting HSTS header since it did not match request to [Is Secure]
26-09-16 10:45:44.315 [Test worker] INFO  o.s.t.c.s.AnnotationConfigContextLoaderUtils - Could not detect default configuration classes for test class [com.sprint.mission.discodeit.integration.UserIntegrationTest]: UserIntegrationTest does not declare any static, non-private, non-final, nested classes annotated with @Configuration.
26-09-16 10:45:44.318 [Test worker] INFO  o.s.b.t.c.SpringBootTestContextBootstrapper - Found @SpringBootConfiguration com.sprint.mission.discodeit.DiscodeitApplication for test class com.sprint.mission.discodeit.integration.UserIntegrationTest
26-09-16 10:45:44.329 [Test worker] TRACE o.s.security.web.FilterChainProxy - Trying to match request against DefaultSecurityFilterChain defined as 'filterChain' in [class path resource [com/sprint/mission/discodeit/config/SecurityConfig.class]] matching [any request] and having filters [DisableEncodeUrl, WebAsyncManagerIntegration, SecurityContextHolder, HeaderWriter, Csrf, Logout, UsernamePasswordAuthentication, DefaultResources, DefaultLoginPageGenerating, DefaultLogoutPageGenerating, RequestCacheAware, SecurityContextHolderAwareRequest, AnonymousAuthentication, ExceptionTranslation] (1/1)
26-09-16 10:45:44.330 [Test worker] DEBUG o.s.security.web.FilterChainProxy - Securing DELETE /api/users/74e1bd5c-38d9-49a1-9480-49b6a6233381
26-09-16 10:45:44.330 [Test worker] TRACE o.s.security.web.FilterChainProxy - Invoking DisableEncodeUrlFilter (1/14)
26-09-16 10:45:44.330 [Test worker] TRACE o.s.security.web.FilterChainProxy - Invoking WebAsyncManagerIntegrationFilter (2/14)
26-09-16 10:45:44.330 [Test worker] TRACE o.s.security.web.FilterChainProxy - Invoking SecurityContextHolderFilter (3/14)
26-09-16 10:45:44.331 [Test worker] TRACE o.s.security.web.FilterChainProxy - Invoking HeaderWriterFilter (4/14)
26-09-16 10:45:44.331 [Test worker] TRACE o.s.security.web.FilterChainProxy - Invoking CsrfFilter (5/14)
26-09-16 10:45:44.331 [Test worker] DEBUG o.s.security.web.csrf.CsrfFilter - Invalid CSRF token found for http://localhost/api/users/74e1bd5c-38d9-49a1-9480-49b6a6233381
26-09-16 10:45:44.331 [Test worker] DEBUG o.s.s.w.a.AccessDeniedHandlerImpl - Responding with 403 status code
26-09-16 10:45:44.332 [Test worker] TRACE o.s.s.w.h.writers.HstsHeaderWriter - Not injecting HSTS header since it did not match request to [Is Secure]
26-09-16 10:45:44.345 [Test worker] TRACE o.s.security.web.FilterChainProxy - Trying to match request against DefaultSecurityFilterChain defined as 'filterChain' in [class path resource [com/sprint/mission/discodeit/config/SecurityConfig.class]] matching [any request] and having filters [DisableEncodeUrl, WebAsyncManagerIntegration, SecurityContextHolder, HeaderWriter, Csrf, Logout, UsernamePasswordAuthentication, DefaultResources, DefaultLoginPageGenerating, DefaultLogoutPageGenerating, RequestCacheAware, SecurityContextHolderAwareRequest, AnonymousAuthentication, ExceptionTranslation] (1/1)
26-09-16 10:45:44.345 [Test worker] DEBUG o.s.security.web.FilterChainProxy - Securing GET /api/users
26-09-16 10:45:44.345 [Test worker] TRACE o.s.security.web.FilterChainProxy - Invoking DisableEncodeUrlFilter (1/14)
26-09-16 10:45:44.346 [Test worker] TRACE o.s.security.web.FilterChainProxy - Invoking WebAsyncManagerIntegrationFilter (2/14)
26-09-16 10:45:44.346 [Test worker] TRACE o.s.security.web.FilterChainProxy - Invoking SecurityContextHolderFilter (3/14)
26-09-16 10:45:44.346 [Test worker] TRACE o.s.security.web.FilterChainProxy - Invoking HeaderWriterFilter (4/14)
26-09-16 10:45:44.346 [Test worker] TRACE o.s.security.web.FilterChainProxy - Invoking CsrfFilter (5/14)
26-09-16 10:45:44.346 [Test worker] TRACE o.s.security.web.csrf.CsrfFilter - Did not protect against CSRF since request did not match CsrfNotRequired [TRACE, HEAD, GET, OPTIONS]
26-09-16 10:45:44.346 [Test worker] TRACE o.s.security.web.FilterChainProxy - Invoking LogoutFilter (6/14)
26-09-16 10:45:44.346 [Test worker] TRACE o.s.s.w.a.logout.LogoutFilter - Did not match request to Ant [pattern='/api/auth/logout', POST]
26-09-16 10:45:44.346 [Test worker] TRACE o.s.security.web.FilterChainProxy - Invoking UsernamePasswordAuthenticationFilter (7/14)
26-09-16 10:45:44.347 [Test worker] TRACE o.s.s.w.a.UsernamePasswordAuthenticationFilter - Did not match request to Ant [pattern='/api/auth/login', POST]
26-09-16 10:45:44.347 [Test worker] TRACE o.s.security.web.FilterChainProxy - Invoking DefaultResourcesFilter (8/14)
26-09-16 10:45:44.347 [Test worker] TRACE o.s.security.web.FilterChainProxy - Invoking DefaultLoginPageGeneratingFilter (9/14)
26-09-16 10:45:44.347 [Test worker] TRACE o.s.security.web.FilterChainProxy - Invoking DefaultLogoutPageGeneratingFilter (10/14)
26-09-16 10:45:44.347 [Test worker] TRACE o.s.s.w.a.u.DefaultLogoutPageGeneratingFilter - Did not render default logout page since request did not match [Ant [pattern='/logout', GET]]
26-09-16 10:45:44.347 [Test worker] TRACE o.s.security.web.FilterChainProxy - Invoking RequestCacheAwareFilter (11/14)
26-09-16 10:45:44.347 [Test worker] TRACE o.s.s.w.s.HttpSessionRequestCache - matchingRequestParameterName is required for getMatchingRequest to lookup a value, but not provided
26-09-16 10:45:44.347 [Test worker] TRACE o.s.security.web.FilterChainProxy - Invoking SecurityContextHolderAwareRequestFilter (12/14)
26-09-16 10:45:44.347 [Test worker] TRACE o.s.security.web.FilterChainProxy - Invoking AnonymousAuthenticationFilter (13/14)
26-09-16 10:45:44.347 [Test worker] TRACE o.s.security.web.FilterChainProxy - Invoking ExceptionTranslationFilter (14/14)
26-09-16 10:45:44.348 [Test worker] DEBUG o.s.security.web.FilterChainProxy - Secured GET /api/users
26-09-16 10:45:44.349 [Test worker] INFO  c.s.m.d.s.basic.BasicUserService - 유저 전체 조회 요청
26-09-16 10:45:44.355 [Test worker] DEBUG org.hibernate.SQL - 
    /* insert for
        com.sprint.mission.discodeit.entity.User */insert 
    into
        users (created_at, email, password, profile_id, role, username, id) 
    values
        (?, ?, ?, ?, ?, ?, ?)
26-09-16 10:45:44.356 [Test worker] TRACE org.hibernate.orm.jdbc.bind - binding parameter (1:TIMESTAMP_UTC) <- [2026-09-16T01:45:44.344278Z]
26-09-16 10:45:44.356 [Test worker] TRACE org.hibernate.orm.jdbc.bind - binding parameter (2:VARCHAR) <- [listuser@example.com]
26-09-16 10:45:44.356 [Test worker] TRACE org.hibernate.orm.jdbc.bind - binding parameter (3:VARCHAR) <- [password1234!]
26-09-16 10:45:44.356 [Test worker] TRACE org.hibernate.orm.jdbc.bind - binding parameter (4:UUID) <- [null]
26-09-16 10:45:44.356 [Test worker] TRACE org.hibernate.orm.jdbc.bind - binding parameter (5:ENUM) <- [USER]
26-09-16 10:45:44.356 [Test worker] TRACE org.hibernate.orm.jdbc.bind - binding parameter (6:VARCHAR) <- [listUser]
26-09-16 10:45:44.357 [Test worker] TRACE org.hibernate.orm.jdbc.bind - binding parameter (7:UUID) <- [f3236710-a839-465d-8441-85f1d4ab24ea]
26-09-16 10:45:44.357 [Test worker] DEBUG org.hibernate.SQL - 
    /* <criteria> */ select
        u1_0.id,
        u1_0.created_at,
        u1_0.email,
        u1_0.password,
        p1_0.id,
        p1_0.content_type,
        p1_0.created_at,
        p1_0.file_name,
        p1_0.size,
        u1_0.role,
        u1_0.username,
        us1_0.id,
        us1_0.created_at,
        us1_0.last_active_at 
    from
        users u1_0 
    left join
        binary_contents p1_0 
            on p1_0.id=u1_0.profile_id 
    left join
        user_statuses us1_0 
            on u1_0.id=us1_0.user_id
26-09-16 10:45:44.361 [Test worker] INFO  c.s.m.d.s.basic.BasicUserService - 유저 전체 조회 완료 - 유저 수: 1
26-09-16 10:45:44.365 [Test worker] TRACE o.s.s.w.h.writers.HstsHeaderWriter - Not injecting HSTS header since it did not match request to [Is Secure]
26-09-16 10:45:44.366 [Test worker] TRACE o.s.s.w.c.HttpSessionSecurityContextRepository - No HttpSession currently exists
26-09-16 10:45:44.366 [Test worker] TRACE o.s.s.w.c.SupplierDeferredSecurityContext - Created SecurityContextImpl [Null authentication]
26-09-16 10:45:44.366 [Test worker] TRACE o.s.s.w.c.SupplierDeferredSecurityContext - Created SecurityContextImpl [Null authentication]
26-09-16 10:45:44.366 [Test worker] TRACE o.s.s.w.a.AnonymousAuthenticationFilter - Set SecurityContextHolder to AnonymousAuthenticationToken [Principal=anonymousUser, Credentials=[PROTECTED], Authenticated=true, Details=WebAuthenticationDetails [RemoteIpAddress=127.0.0.1, SessionId=null], Granted Authorities=[ROLE_ANONYMOUS]]
26-09-16 10:45:44.379 [Test worker] TRACE o.s.security.web.FilterChainProxy - Trying to match request against DefaultSecurityFilterChain defined as 'filterChain' in [class path resource [com/sprint/mission/discodeit/config/SecurityConfig.class]] matching [any request] and having filters [DisableEncodeUrl, WebAsyncManagerIntegration, SecurityContextHolder, HeaderWriter, Csrf, Logout, UsernamePasswordAuthentication, DefaultResources, DefaultLoginPageGenerating, DefaultLogoutPageGenerating, RequestCacheAware, SecurityContextHolderAwareRequest, AnonymousAuthentication, ExceptionTranslation] (1/1)
26-09-16 10:45:44.379 [Test worker] DEBUG o.s.security.web.FilterChainProxy - Securing POST /api/users
26-09-16 10:45:44.379 [Test worker] TRACE o.s.security.web.FilterChainProxy - Invoking DisableEncodeUrlFilter (1/14)
26-09-16 10:45:44.379 [Test worker] TRACE o.s.security.web.FilterChainProxy - Invoking WebAsyncManagerIntegrationFilter (2/14)
26-09-16 10:45:44.379 [Test worker] TRACE o.s.security.web.FilterChainProxy - Invoking SecurityContextHolderFilter (3/14)
26-09-16 10:45:44.379 [Test worker] TRACE o.s.security.web.FilterChainProxy - Invoking HeaderWriterFilter (4/14)
26-09-16 10:45:44.380 [Test worker] TRACE o.s.security.web.FilterChainProxy - Invoking CsrfFilter (5/14)
26-09-16 10:45:44.380 [Test worker] DEBUG o.s.security.web.csrf.CsrfFilter - Invalid CSRF token found for http://localhost/api/users
26-09-16 10:45:44.380 [Test worker] DEBUG o.s.s.w.a.AccessDeniedHandlerImpl - Responding with 403 status code
26-09-16 10:45:44.380 [Test worker] TRACE o.s.s.w.h.writers.HstsHeaderWriter - Not injecting HSTS header since it did not match request to [Is Secure]
26-09-16 10:45:44.388 [Test worker] INFO  o.s.t.c.s.AnnotationConfigContextLoaderUtils - Could not detect default configuration classes for test class [com.sprint.mission.discodeit.repository.ChannelRepositoryTest]: ChannelRepositoryTest does not declare any static, non-private, non-final, nested classes annotated with @Configuration.
26-09-16 10:45:44.409 [Test worker] INFO  o.s.b.t.c.SpringBootTestContextBootstrapper - Found @SpringBootConfiguration com.sprint.mission.discodeit.DiscodeitApplication for test class com.sprint.mission.discodeit.repository.ChannelRepositoryTest
26-09-16 10:45:44.438 [Test worker] INFO  c.s.m.d.r.ChannelRepositoryTest - Starting ChannelRepositoryTest using Java 17.0.19 with PID 1398 (started by jangjunseo in /Users/jangjunseo/Desktop/codei_13th_develop/13-sprint-mission)
26-09-16 10:45:44.438 [Test worker] INFO  c.s.m.d.r.ChannelRepositoryTest - The following 1 profile is active: "test"
26-09-16 10:45:44.511 [Test worker] INFO  o.s.d.r.c.RepositoryConfigurationDelegate - Bootstrapping Spring Data JPA repositories in DEFAULT mode.
26-09-16 10:45:44.533 [Test worker] INFO  o.s.d.r.c.RepositoryConfigurationDelegate - Finished Spring Data repository scanning in 18 ms. Found 6 JPA repository interfaces.
26-09-16 10:45:44.547 [Test worker] INFO  o.s.b.t.a.j.TestDatabaseAutoConfiguration$EmbeddedDataSourceBeanFactoryPostProcessor - Replacing 'dataSource' DataSource bean with embedded version
26-09-16 10:45:44.570 [Test worker] INFO  o.s.j.d.e.EmbeddedDatabaseFactory - Starting embedded database: url='jdbc:h2:mem:4040d8a6-c6c8-4ceb-a595-564fa27fe8a8;DB_CLOSE_DELAY=-1;DB_CLOSE_ON_EXIT=false', username='sa'
26-09-16 10:45:44.604 [Test worker] INFO  o.h.jpa.internal.util.LogHelper - HHH000204: Processing PersistenceUnitInfo [name: default]
26-09-16 10:45:44.609 [Test worker] INFO  o.h.c.i.RegionFactoryInitiator - HHH000026: Second-level cache disabled
26-09-16 10:45:44.628 [Test worker] INFO  o.s.o.j.p.SpringPersistenceUnitInfo - No LoadTimeWeaver setup: ignoring JPA class transformer
26-09-16 10:45:44.631 [Test worker] INFO  o.hibernate.orm.connections.pooling - HHH10001005: Database info:
	Database JDBC URL [Connecting through datasource 'org.springframework.jdbc.datasource.embedded.EmbeddedDatabaseFactory$EmbeddedDataSourceProxy@4a5b1a27']
	Database driver: undefined/unknown
	Database version: 2.3.232
	Autocommit mode: undefined/unknown
	Isolation level: undefined/unknown
	Minimum pool size: undefined/unknown
	Maximum pool size: undefined/unknown
26-09-16 10:45:44.785 [Test worker] INFO  o.h.e.t.j.p.i.JtaPlatformInitiator - HHH000489: No JTA platform available (set 'hibernate.transaction.jta.platform' to enable JTA platform integration)
26-09-16 10:45:44.786 [Test worker] DEBUG org.hibernate.SQL - 
    drop table if exists binary_contents cascade 
26-09-16 10:45:44.786 [Test worker] DEBUG org.hibernate.SQL - 
    drop table if exists channels cascade 
26-09-16 10:45:44.786 [Test worker] DEBUG org.hibernate.SQL - 
    drop table if exists message_attachments cascade 
26-09-16 10:45:44.786 [Test worker] DEBUG org.hibernate.SQL - 
    drop table if exists messages cascade 
26-09-16 10:45:44.787 [Test worker] DEBUG org.hibernate.SQL - 
    drop table if exists read_statuses cascade 
26-09-16 10:45:44.787 [Test worker] DEBUG org.hibernate.SQL - 
    drop table if exists user_statuses cascade 
26-09-16 10:45:44.787 [Test worker] DEBUG org.hibernate.SQL - 
    drop table if exists users cascade 
26-09-16 10:45:44.787 [Test worker] DEBUG org.hibernate.SQL - 
    create table binary_contents (
        created_at timestamp(6) with time zone,
        size bigint not null,
        id uuid not null,
        content_type varchar(255),
        file_name varchar(255),
        primary key (id)
    )
26-09-16 10:45:44.789 [Test worker] DEBUG org.hibernate.SQL - 
    create table channels (
        created_at timestamp(6) with time zone,
        id uuid not null,
        description varchar(255),
        name varchar(255),
        type enum ('PRIVATE','PUBLIC'),
        primary key (id)
    )
26-09-16 10:45:44.790 [Test worker] DEBUG org.hibernate.SQL - 
    create table message_attachments (
        attachment_id uuid not null,
        message_id uuid not null
    )
26-09-16 10:45:44.792 [Test worker] DEBUG org.hibernate.SQL - 
    create table messages (
        created_at timestamp(6) with time zone,
        author_id uuid,
        channel_id uuid,
        id uuid not null,
        content varchar(255),
        primary key (id)
    )
26-09-16 10:45:44.793 [Test worker] DEBUG org.hibernate.SQL - 
    create table read_statuses (
        created_at timestamp(6) with time zone,
        last_read_at timestamp(6) with time zone,
        channel_id uuid,
        id uuid not null,
        user_id uuid,
        primary key (id)
    )
26-09-16 10:45:44.794 [Test worker] DEBUG org.hibernate.SQL - 
    create table user_statuses (
        created_at timestamp(6) with time zone,
        last_active_at timestamp(6) with time zone,
        id uuid not null,
        user_id uuid unique,
        primary key (id)
    )
26-09-16 10:45:44.796 [Test worker] DEBUG org.hibernate.SQL - 
    create table users (
        created_at timestamp(6) with time zone,
        id uuid not null,
        profile_id uuid unique,
        email varchar(255),
        password varchar(255),
        username varchar(255),
        role enum ('ADMIN','CHANNEL_MANAGER','USER'),
        primary key (id)
    )
26-09-16 10:45:44.797 [Test worker] DEBUG org.hibernate.SQL - 
    alter table if exists message_attachments 
       add constraint FKsd1m8rb8jcpbcnb7rpdue7ctc 
       foreign key (attachment_id) 
       references binary_contents
26-09-16 10:45:44.798 [Test worker] DEBUG org.hibernate.SQL - 
    alter table if exists message_attachments 
       add constraint FKj7twd218e2gqw9cmlhwvo1rth 
       foreign key (message_id) 
       references messages
26-09-16 10:45:44.800 [Test worker] DEBUG org.hibernate.SQL - 
    alter table if exists messages 
       add constraint FKowtlim26svclkatusptbgi7u1 
       foreign key (author_id) 
       references users
26-09-16 10:45:44.801 [Test worker] DEBUG org.hibernate.SQL - 
    alter table if exists messages 
       add constraint FK3u3ckbhwq9se1cmopk2pq05b2 
       foreign key (channel_id) 
       references channels
26-09-16 10:45:44.802 [Test worker] DEBUG org.hibernate.SQL - 
    alter table if exists read_statuses 
       add constraint FKa38ri44ml4gfdpklx4ahqr8gd 
       foreign key (channel_id) 
       references channels
26-09-16 10:45:44.803 [Test worker] DEBUG org.hibernate.SQL - 
    alter table if exists read_statuses 
       add constraint FKml3k4wr9sj5yxrmj6d0aoib2e 
       foreign key (user_id) 
       references users
26-09-16 10:45:44.804 [Test worker] DEBUG org.hibernate.SQL - 
    alter table if exists user_statuses 
       add constraint FK4lfl3ei2ubchgcxrrpo3pw4mm 
       foreign key (user_id) 
       references users
26-09-16 10:45:44.805 [Test worker] DEBUG org.hibernate.SQL - 
    alter table if exists users 
       add constraint FKtbudycgrip49xdptogmhfqnso 
       foreign key (profile_id) 
       references binary_contents
26-09-16 10:45:44.807 [Test worker] INFO  o.s.o.j.LocalContainerEntityManagerFactoryBean - Initialized JPA EntityManagerFactory for persistence unit 'default'
26-09-16 10:45:44.889 [Test worker] INFO  c.s.m.d.r.ChannelRepositoryTest - Started ChannelRepositoryTest in 0.477 seconds (process running for 23.501)
26-09-16 10:45:44.898 [Test worker] DEBUG org.hibernate.SQL - 
    /* insert for
        com.sprint.mission.discodeit.entity.Channel */insert 
    into
        channels (created_at, description, name, type, id) 
    values
        (?, ?, ?, ?, ?)
26-09-16 10:45:44.899 [Test worker] TRACE org.hibernate.orm.jdbc.bind - binding parameter (1:TIMESTAMP_UTC) <- [2026-09-16T01:45:44.898029Z]
26-09-16 10:45:44.899 [Test worker] TRACE org.hibernate.orm.jdbc.bind - binding parameter (2:VARCHAR) <- [설명]
26-09-16 10:45:44.899 [Test worker] TRACE org.hibernate.orm.jdbc.bind - binding parameter (3:VARCHAR) <- [공지]
26-09-16 10:45:44.899 [Test worker] TRACE org.hibernate.orm.jdbc.bind - binding parameter (4:ENUM) <- [PUBLIC]
26-09-16 10:45:44.899 [Test worker] TRACE org.hibernate.orm.jdbc.bind - binding parameter (5:UUID) <- [0ee412df-1be2-4578-af71-e3aa8b991a1e]
26-09-16 10:45:45.005 [Test worker] DEBUG org.hibernate.SQL - 
    select
        c1_0.id,
        c1_0.created_at,
        c1_0.description,
        c1_0.name,
        c1_0.type 
    from
        channels c1_0 
    where
        c1_0.id=?
26-09-16 10:45:45.006 [Test worker] TRACE org.hibernate.orm.jdbc.bind - binding parameter (1:UUID) <- [374e7381-4823-414a-a44c-51069bf5a3c4]
26-09-16 10:45:45.012 [Test worker] INFO  o.s.t.c.s.AnnotationConfigContextLoaderUtils - Could not detect default configuration classes for test class [com.sprint.mission.discodeit.repository.MessageRepositoryTest]: MessageRepositoryTest does not declare any static, non-private, non-final, nested classes annotated with @Configuration.
26-09-16 10:45:45.018 [Test worker] INFO  o.s.b.t.c.SpringBootTestContextBootstrapper - Found @SpringBootConfiguration com.sprint.mission.discodeit.DiscodeitApplication for test class com.sprint.mission.discodeit.repository.MessageRepositoryTest
26-09-16 10:45:45.026 [Test worker] DEBUG org.hibernate.SQL - 
    /* insert for
        com.sprint.mission.discodeit.entity.User */insert 
    into
        users (created_at, email, password, profile_id, role, username, id) 
    values
        (?, ?, ?, ?, ?, ?, ?)
26-09-16 10:45:45.027 [Test worker] TRACE org.hibernate.orm.jdbc.bind - binding parameter (1:TIMESTAMP_UTC) <- [2026-09-16T01:45:45.023864Z]
26-09-16 10:45:45.027 [Test worker] TRACE org.hibernate.orm.jdbc.bind - binding parameter (2:VARCHAR) <- [writer2@example.com]
26-09-16 10:45:45.027 [Test worker] TRACE org.hibernate.orm.jdbc.bind - binding parameter (3:VARCHAR) <- [pw123456789!]
26-09-16 10:45:45.027 [Test worker] TRACE org.hibernate.orm.jdbc.bind - binding parameter (4:UUID) <- [null]
26-09-16 10:45:45.027 [Test worker] TRACE org.hibernate.orm.jdbc.bind - binding parameter (5:ENUM) <- [USER]
26-09-16 10:45:45.027 [Test worker] TRACE org.hibernate.orm.jdbc.bind - binding parameter (6:VARCHAR) <- [writer2]
26-09-16 10:45:45.027 [Test worker] TRACE org.hibernate.orm.jdbc.bind - binding parameter (7:UUID) <- [d434e7ba-6efb-4466-9e6a-d9245314bfb1]
26-09-16 10:45:45.029 [Test worker] DEBUG org.hibernate.SQL - 
    /* insert for
        com.sprint.mission.discodeit.entity.Channel */insert 
    into
        channels (created_at, description, name, type, id) 
    values
        (?, ?, ?, ?, ?)
26-09-16 10:45:45.030 [Test worker] TRACE org.hibernate.orm.jdbc.bind - binding parameter (1:TIMESTAMP_UTC) <- [2026-09-16T01:45:45.024337Z]
26-09-16 10:45:45.030 [Test worker] TRACE org.hibernate.orm.jdbc.bind - binding parameter (2:VARCHAR) <- [설명]
26-09-16 10:45:45.030 [Test worker] TRACE org.hibernate.orm.jdbc.bind - binding parameter (3:VARCHAR) <- [공지2]
26-09-16 10:45:45.030 [Test worker] TRACE org.hibernate.orm.jdbc.bind - binding parameter (4:ENUM) <- [PUBLIC]
26-09-16 10:45:45.031 [Test worker] TRACE org.hibernate.orm.jdbc.bind - binding parameter (5:UUID) <- [13025254-c976-4770-be09-e7a00c8b0f9a]
26-09-16 10:45:45.032 [Test worker] DEBUG org.hibernate.SQL - 
    /* insert for
        com.sprint.mission.discodeit.entity.Message */insert 
    into
        messages (author_id, channel_id, content, created_at, id) 
    values
        (?, ?, ?, ?, ?)
26-09-16 10:45:45.033 [Test worker] TRACE org.hibernate.orm.jdbc.bind - binding parameter (1:UUID) <- [d434e7ba-6efb-4466-9e6a-d9245314bfb1]
26-09-16 10:45:45.033 [Test worker] TRACE org.hibernate.orm.jdbc.bind - binding parameter (2:UUID) <- [13025254-c976-4770-be09-e7a00c8b0f9a]
26-09-16 10:45:45.033 [Test worker] TRACE org.hibernate.orm.jdbc.bind - binding parameter (3:VARCHAR) <- [첫번째]
26-09-16 10:45:45.033 [Test worker] TRACE org.hibernate.orm.jdbc.bind - binding parameter (4:TIMESTAMP_UTC) <- [2026-09-16T01:45:45.025278Z]
26-09-16 10:45:45.034 [Test worker] TRACE org.hibernate.orm.jdbc.bind - binding parameter (5:UUID) <- [7331c775-35e7-4b56-a719-58830609806b]
26-09-16 10:45:45.059 [Test worker] DEBUG org.hibernate.SQL - 
    /* insert for
        com.sprint.mission.discodeit.entity.Message */insert 
    into
        messages (author_id, channel_id, content, created_at, id) 
    values
        (?, ?, ?, ?, ?)
26-09-16 10:45:45.059 [Test worker] TRACE org.hibernate.orm.jdbc.bind - binding parameter (1:UUID) <- [d434e7ba-6efb-4466-9e6a-d9245314bfb1]
26-09-16 10:45:45.059 [Test worker] TRACE org.hibernate.orm.jdbc.bind - binding parameter (2:UUID) <- [13025254-c976-4770-be09-e7a00c8b0f9a]
26-09-16 10:45:45.059 [Test worker] TRACE org.hibernate.orm.jdbc.bind - binding parameter (3:VARCHAR) <- [두번째]
26-09-16 10:45:45.060 [Test worker] TRACE org.hibernate.orm.jdbc.bind - binding parameter (4:TIMESTAMP_UTC) <- [2026-09-16T01:45:45.058134Z]
26-09-16 10:45:45.060 [Test worker] TRACE org.hibernate.orm.jdbc.bind - binding parameter (5:UUID) <- [ab6f18f9-60da-42b6-9319-f3392309c74e]
26-09-16 10:45:45.067 [Test worker] DEBUG org.hibernate.SQL - 
    /* <criteria> */ select
        m1_0.id,
        a1_0.id,
        a1_0.created_at,
        a1_0.email,
        a1_0.password,
        p1_0.id,
        p1_0.content_type,
        p1_0.created_at,
        p1_0.file_name,
        p1_0.size,
        a1_0.role,
        a1_0.username,
        us1_0.id,
        us1_0.created_at,
        us1_0.last_active_at,
        c2_0.id,
        c2_0.created_at,
        c2_0.description,
        c2_0.name,
        c2_0.type,
        m1_0.content,
        m1_0.created_at 
    from
        messages m1_0 
    left join
        users a1_0 
            on a1_0.id=m1_0.author_id 
    left join
        binary_contents p1_0 
            on p1_0.id=a1_0.profile_id 
    left join
        user_statuses us1_0 
            on a1_0.id=us1_0.user_id 
    left join
        channels c2_0 
            on c2_0.id=m1_0.channel_id 
    where
        m1_0.channel_id=? 
        and m1_0.created_at<? 
    order by
        m1_0.created_at desc 
    fetch
        first ? rows only
26-09-16 10:45:45.071 [Test worker] TRACE org.hibernate.orm.jdbc.bind - binding parameter (1:UUID) <- [13025254-c976-4770-be09-e7a00c8b0f9a]
26-09-16 10:45:45.071 [Test worker] TRACE org.hibernate.orm.jdbc.bind - binding parameter (2:TIMESTAMP_UTC) <- [2026-09-16T01:45:45.047773Z]
26-09-16 10:45:45.071 [Test worker] TRACE org.hibernate.orm.jdbc.bind - binding parameter (3:INTEGER) <- [11]
26-09-16 10:45:45.085 [Test worker] DEBUG org.hibernate.SQL - 
    /* insert for
        com.sprint.mission.discodeit.entity.User */insert 
    into
        users (created_at, email, password, profile_id, role, username, id) 
    values
        (?, ?, ?, ?, ?, ?, ?)
26-09-16 10:45:45.086 [Test worker] TRACE org.hibernate.orm.jdbc.bind - binding parameter (1:TIMESTAMP_UTC) <- [2026-09-16T01:45:45.084629Z]
26-09-16 10:45:45.086 [Test worker] TRACE org.hibernate.orm.jdbc.bind - binding parameter (2:VARCHAR) <- [writer3@example.com]
26-09-16 10:45:45.086 [Test worker] TRACE org.hibernate.orm.jdbc.bind - binding parameter (3:VARCHAR) <- [pw123456789!]
26-09-16 10:45:45.086 [Test worker] TRACE org.hibernate.orm.jdbc.bind - binding parameter (4:UUID) <- [null]
26-09-16 10:45:45.086 [Test worker] TRACE org.hibernate.orm.jdbc.bind - binding parameter (5:ENUM) <- [USER]
26-09-16 10:45:45.086 [Test worker] TRACE org.hibernate.orm.jdbc.bind - binding parameter (6:VARCHAR) <- [writer3]
26-09-16 10:45:45.086 [Test worker] TRACE org.hibernate.orm.jdbc.bind - binding parameter (7:UUID) <- [82afa06f-928c-4f3d-b4e8-1d1812030f37]
26-09-16 10:45:45.087 [Test worker] DEBUG org.hibernate.SQL - 
    /* insert for
        com.sprint.mission.discodeit.entity.Channel */insert 
    into
        channels (created_at, description, name, type, id) 
    values
        (?, ?, ?, ?, ?)
26-09-16 10:45:45.087 [Test worker] TRACE org.hibernate.orm.jdbc.bind - binding parameter (1:TIMESTAMP_UTC) <- [2026-09-16T01:45:45.085073Z]
26-09-16 10:45:45.088 [Test worker] TRACE org.hibernate.orm.jdbc.bind - binding parameter (2:VARCHAR) <- [설명]
26-09-16 10:45:45.088 [Test worker] TRACE org.hibernate.orm.jdbc.bind - binding parameter (3:VARCHAR) <- [공지3]
26-09-16 10:45:45.088 [Test worker] TRACE org.hibernate.orm.jdbc.bind - binding parameter (4:ENUM) <- [PUBLIC]
26-09-16 10:45:45.088 [Test worker] TRACE org.hibernate.orm.jdbc.bind - binding parameter (5:UUID) <- [33bffce6-980a-406c-a7cc-8ef2ce127e7c]
26-09-16 10:45:45.091 [Test worker] DEBUG org.hibernate.SQL - 
    /* <criteria> */ select
        m1_0.id,
        a1_0.id,
        a1_0.created_at,
        a1_0.email,
        a1_0.password,
        p1_0.id,
        p1_0.content_type,
        p1_0.created_at,
        p1_0.file_name,
        p1_0.size,
        a1_0.role,
        a1_0.username,
        us1_0.id,
        us1_0.created_at,
        us1_0.last_active_at,
        c2_0.id,
        c2_0.created_at,
        c2_0.description,
        c2_0.name,
        c2_0.type,
        m1_0.content,
        m1_0.created_at 
    from
        messages m1_0 
    left join
        users a1_0 
            on a1_0.id=m1_0.author_id 
    left join
        binary_contents p1_0 
            on p1_0.id=a1_0.profile_id 
    left join
        user_statuses us1_0 
            on a1_0.id=us1_0.user_id 
    left join
        channels c2_0 
            on c2_0.id=m1_0.channel_id 
    where
        m1_0.channel_id=? 
        and m1_0.created_at<? 
    fetch
        first ? rows only
26-09-16 10:45:45.093 [Test worker] TRACE org.hibernate.orm.jdbc.bind - binding parameter (1:UUID) <- [33bffce6-980a-406c-a7cc-8ef2ce127e7c]
26-09-16 10:45:45.093 [Test worker] TRACE org.hibernate.orm.jdbc.bind - binding parameter (2:TIMESTAMP_UTC) <- [2026-09-16T00:45:45.088557Z]
26-09-16 10:45:45.094 [Test worker] TRACE org.hibernate.orm.jdbc.bind - binding parameter (3:INTEGER) <- [11]
26-09-16 10:45:45.106 [Test worker] DEBUG org.hibernate.SQL - 
    /* insert for
        com.sprint.mission.discodeit.entity.User */insert 
    into
        users (created_at, email, password, profile_id, role, username, id) 
    values
        (?, ?, ?, ?, ?, ?, ?)
26-09-16 10:45:45.107 [Test worker] TRACE org.hibernate.orm.jdbc.bind - binding parameter (1:TIMESTAMP_UTC) <- [2026-09-16T01:45:45.103183Z]
26-09-16 10:45:45.107 [Test worker] TRACE org.hibernate.orm.jdbc.bind - binding parameter (2:VARCHAR) <- [writer@example.com]
26-09-16 10:45:45.107 [Test worker] TRACE org.hibernate.orm.jdbc.bind - binding parameter (3:VARCHAR) <- [pw123456789!]
26-09-16 10:45:45.107 [Test worker] TRACE org.hibernate.orm.jdbc.bind - binding parameter (4:UUID) <- [null]
26-09-16 10:45:45.107 [Test worker] TRACE org.hibernate.orm.jdbc.bind - binding parameter (5:ENUM) <- [USER]
26-09-16 10:45:45.107 [Test worker] TRACE org.hibernate.orm.jdbc.bind - binding parameter (6:VARCHAR) <- [writer]
26-09-16 10:45:45.107 [Test worker] TRACE org.hibernate.orm.jdbc.bind - binding parameter (7:UUID) <- [6fce044c-ba2c-4fed-9c6b-9d5e002a3360]
26-09-16 10:45:45.108 [Test worker] DEBUG org.hibernate.SQL - 
    /* insert for
        com.sprint.mission.discodeit.entity.Channel */insert 
    into
        channels (created_at, description, name, type, id) 
    values
        (?, ?, ?, ?, ?)
26-09-16 10:45:45.108 [Test worker] TRACE org.hibernate.orm.jdbc.bind - binding parameter (1:TIMESTAMP_UTC) <- [2026-09-16T01:45:45.103526Z]
26-09-16 10:45:45.109 [Test worker] TRACE org.hibernate.orm.jdbc.bind - binding parameter (2:VARCHAR) <- [설명]
26-09-16 10:45:45.109 [Test worker] TRACE org.hibernate.orm.jdbc.bind - binding parameter (3:VARCHAR) <- [공지]
26-09-16 10:45:45.109 [Test worker] TRACE org.hibernate.orm.jdbc.bind - binding parameter (4:ENUM) <- [PUBLIC]
26-09-16 10:45:45.109 [Test worker] TRACE org.hibernate.orm.jdbc.bind - binding parameter (5:UUID) <- [ed2d47be-22f6-44dd-b1b0-fe660f659ece]
26-09-16 10:45:45.109 [Test worker] DEBUG org.hibernate.SQL - 
    /* insert for
        com.sprint.mission.discodeit.entity.Message */insert 
    into
        messages (author_id, channel_id, content, created_at, id) 
    values
        (?, ?, ?, ?, ?)
26-09-16 10:45:45.109 [Test worker] TRACE org.hibernate.orm.jdbc.bind - binding parameter (1:UUID) <- [6fce044c-ba2c-4fed-9c6b-9d5e002a3360]
26-09-16 10:45:45.110 [Test worker] TRACE org.hibernate.orm.jdbc.bind - binding parameter (2:UUID) <- [ed2d47be-22f6-44dd-b1b0-fe660f659ece]
26-09-16 10:45:45.110 [Test worker] TRACE org.hibernate.orm.jdbc.bind - binding parameter (3:VARCHAR) <- [내용0]
26-09-16 10:45:45.110 [Test worker] TRACE org.hibernate.orm.jdbc.bind - binding parameter (4:TIMESTAMP_UTC) <- [2026-09-16T01:45:45.104384Z]
26-09-16 10:45:45.110 [Test worker] TRACE org.hibernate.orm.jdbc.bind - binding parameter (5:UUID) <- [1729de2b-f5d7-441b-bf81-6bf005f28129]
26-09-16 10:45:45.110 [Test worker] DEBUG org.hibernate.SQL - 
    /* insert for
        com.sprint.mission.discodeit.entity.Message */insert 
    into
        messages (author_id, channel_id, content, created_at, id) 
    values
        (?, ?, ?, ?, ?)
26-09-16 10:45:45.111 [Test worker] TRACE org.hibernate.orm.jdbc.bind - binding parameter (1:UUID) <- [6fce044c-ba2c-4fed-9c6b-9d5e002a3360]
26-09-16 10:45:45.111 [Test worker] TRACE org.hibernate.orm.jdbc.bind - binding parameter (2:UUID) <- [ed2d47be-22f6-44dd-b1b0-fe660f659ece]
26-09-16 10:45:45.111 [Test worker] TRACE org.hibernate.orm.jdbc.bind - binding parameter (3:VARCHAR) <- [내용1]
26-09-16 10:45:45.111 [Test worker] TRACE org.hibernate.orm.jdbc.bind - binding parameter (4:TIMESTAMP_UTC) <- [2026-09-16T01:45:45.104651Z]
26-09-16 10:45:45.111 [Test worker] TRACE org.hibernate.orm.jdbc.bind - binding parameter (5:UUID) <- [e39ef5fb-27cc-4f40-ad60-d95b3de32a74]
26-09-16 10:45:45.111 [Test worker] DEBUG org.hibernate.SQL - 
    /* insert for
        com.sprint.mission.discodeit.entity.Message */insert 
    into
        messages (author_id, channel_id, content, created_at, id) 
    values
        (?, ?, ?, ?, ?)
26-09-16 10:45:45.112 [Test worker] TRACE org.hibernate.orm.jdbc.bind - binding parameter (1:UUID) <- [6fce044c-ba2c-4fed-9c6b-9d5e002a3360]
26-09-16 10:45:45.112 [Test worker] TRACE org.hibernate.orm.jdbc.bind - binding parameter (2:UUID) <- [ed2d47be-22f6-44dd-b1b0-fe660f659ece]
26-09-16 10:45:45.112 [Test worker] TRACE org.hibernate.orm.jdbc.bind - binding parameter (3:VARCHAR) <- [내용2]
26-09-16 10:45:45.112 [Test worker] TRACE org.hibernate.orm.jdbc.bind - binding parameter (4:TIMESTAMP_UTC) <- [2026-09-16T01:45:45.104926Z]
26-09-16 10:45:45.112 [Test worker] TRACE org.hibernate.orm.jdbc.bind - binding parameter (5:UUID) <- [187a17cc-2b32-4070-bb5e-3b4b359754de]
26-09-16 10:45:45.116 [Test worker] DEBUG org.hibernate.SQL - 
    /* <criteria> */ select
        m1_0.id,
        a1_0.id,
        a1_0.created_at,
        a1_0.email,
        a1_0.password,
        p1_0.id,
        p1_0.content_type,
        p1_0.created_at,
        p1_0.file_name,
        p1_0.size,
        a1_0.role,
        a1_0.username,
        us1_0.id,
        us1_0.created_at,
        us1_0.last_active_at,
        c2_0.id,
        c2_0.created_at,
        c2_0.description,
        c2_0.name,
        c2_0.type,
        m1_0.content,
        m1_0.created_at 
    from
        messages m1_0 
    left join
        users a1_0 
            on a1_0.id=m1_0.author_id 
    left join
        binary_contents p1_0 
            on p1_0.id=a1_0.profile_id 
    left join
        user_statuses us1_0 
            on a1_0.id=us1_0.user_id 
    left join
        channels c2_0 
            on c2_0.id=m1_0.channel_id 
    where
        m1_0.channel_id=? 
    order by
        m1_0.created_at desc 
    fetch
        first ? rows only
26-09-16 10:45:45.118 [Test worker] TRACE org.hibernate.orm.jdbc.bind - binding parameter (1:UUID) <- [ed2d47be-22f6-44dd-b1b0-fe660f659ece]
26-09-16 10:45:45.118 [Test worker] TRACE org.hibernate.orm.jdbc.bind - binding parameter (2:INTEGER) <- [11]
26-09-16 10:45:45.129 [Test worker] DEBUG org.hibernate.SQL - 
    /* <criteria> */ select
        m1_0.id,
        a1_0.id,
        a1_0.created_at,
        a1_0.email,
        a1_0.password,
        p1_0.id,
        p1_0.content_type,
        p1_0.created_at,
        p1_0.file_name,
        p1_0.size,
        a1_0.role,
        a1_0.username,
        us1_0.id,
        us1_0.created_at,
        us1_0.last_active_at,
        c2_0.id,
        c2_0.created_at,
        c2_0.description,
        c2_0.name,
        c2_0.type,
        m1_0.content,
        m1_0.created_at 
    from
        messages m1_0 
    left join
        users a1_0 
            on a1_0.id=m1_0.author_id 
    left join
        binary_contents p1_0 
            on p1_0.id=a1_0.profile_id 
    left join
        user_statuses us1_0 
            on a1_0.id=us1_0.user_id 
    left join
        channels c2_0 
            on c2_0.id=m1_0.channel_id 
    where
        m1_0.channel_id=? 
    fetch
        first ? rows only
26-09-16 10:45:45.131 [Test worker] TRACE org.hibernate.orm.jdbc.bind - binding parameter (1:UUID) <- [fefae985-0e15-4fac-9023-ed22ce50790e]
26-09-16 10:45:45.131 [Test worker] TRACE org.hibernate.orm.jdbc.bind - binding parameter (2:INTEGER) <- [11]
26-09-16 10:45:45.137 [Test worker] INFO  o.s.t.c.s.AnnotationConfigContextLoaderUtils - Could not detect default configuration classes for test class [com.sprint.mission.discodeit.repository.ReadStatusRepositoryTest]: ReadStatusRepositoryTest does not declare any static, non-private, non-final, nested classes annotated with @Configuration.
26-09-16 10:45:45.145 [Test worker] INFO  o.s.b.t.c.SpringBootTestContextBootstrapper - Found @SpringBootConfiguration com.sprint.mission.discodeit.DiscodeitApplication for test class com.sprint.mission.discodeit.repository.ReadStatusRepositoryTest
26-09-16 10:45:45.152 [Test worker] DEBUG org.hibernate.SQL - 
    /* <criteria> */ select
        rs1_0.id,
        rs1_0.channel_id,
        rs1_0.created_at,
        rs1_0.last_read_at,
        rs1_0.user_id 
    from
        read_statuses rs1_0 
    where
        rs1_0.user_id=? 
    order by
        rs1_0.created_at desc 
    fetch
        first ? rows only
26-09-16 10:45:45.153 [Test worker] TRACE org.hibernate.orm.jdbc.bind - binding parameter (1:UUID) <- [0fa57847-7ab3-4a6b-962a-648290ce3c2e]
26-09-16 10:45:45.153 [Test worker] TRACE org.hibernate.orm.jdbc.bind - binding parameter (2:INTEGER) <- [3]
26-09-16 10:45:45.167 [Test worker] DEBUG org.hibernate.SQL - 
    /* insert for
        com.sprint.mission.discodeit.entity.User */insert 
    into
        users (created_at, email, password, profile_id, role, username, id) 
    values
        (?, ?, ?, ?, ?, ?, ?)
26-09-16 10:45:45.168 [Test worker] TRACE org.hibernate.orm.jdbc.bind - binding parameter (1:TIMESTAMP_UTC) <- [2026-09-16T01:45:45.161721Z]
26-09-16 10:45:45.169 [Test worker] TRACE org.hibernate.orm.jdbc.bind - binding parameter (2:VARCHAR) <- [reader2@example.com]
26-09-16 10:45:45.169 [Test worker] TRACE org.hibernate.orm.jdbc.bind - binding parameter (3:VARCHAR) <- [pw123456789!]
26-09-16 10:45:45.169 [Test worker] TRACE org.hibernate.orm.jdbc.bind - binding parameter (4:UUID) <- [null]
26-09-16 10:45:45.169 [Test worker] TRACE org.hibernate.orm.jdbc.bind - binding parameter (5:ENUM) <- [USER]
26-09-16 10:45:45.170 [Test worker] TRACE org.hibernate.orm.jdbc.bind - binding parameter (6:VARCHAR) <- [reader2]
26-09-16 10:45:45.170 [Test worker] TRACE org.hibernate.orm.jdbc.bind - binding parameter (7:UUID) <- [25ea3680-f1f1-40c2-8de1-47e1a70360ac]
26-09-16 10:45:45.172 [Test worker] DEBUG org.hibernate.SQL - 
    /* insert for
        com.sprint.mission.discodeit.entity.Channel */insert 
    into
        channels (created_at, description, name, type, id) 
    values
        (?, ?, ?, ?, ?)
26-09-16 10:45:45.173 [Test worker] TRACE org.hibernate.orm.jdbc.bind - binding parameter (1:TIMESTAMP_UTC) <- [2026-09-16T01:45:45.162171Z]
26-09-16 10:45:45.173 [Test worker] TRACE org.hibernate.orm.jdbc.bind - binding parameter (2:VARCHAR) <- [설명]
26-09-16 10:45:45.174 [Test worker] TRACE org.hibernate.orm.jdbc.bind - binding parameter (3:VARCHAR) <- [채널0]
26-09-16 10:45:45.174 [Test worker] TRACE org.hibernate.orm.jdbc.bind - binding parameter (4:ENUM) <- [PUBLIC]
26-09-16 10:45:45.174 [Test worker] TRACE org.hibernate.orm.jdbc.bind - binding parameter (5:UUID) <- [a0fb691f-959b-4b81-9991-fa5d8fc3925f]
26-09-16 10:45:45.174 [Test worker] DEBUG org.hibernate.SQL - 
    /* insert for
        com.sprint.mission.discodeit.entity.ReadStatus */insert 
    into
        read_statuses (channel_id, created_at, last_read_at, user_id, id) 
    values
        (?, ?, ?, ?, ?)
26-09-16 10:45:45.175 [Test worker] TRACE org.hibernate.orm.jdbc.bind - binding parameter (1:UUID) <- [a0fb691f-959b-4b81-9991-fa5d8fc3925f]
26-09-16 10:45:45.175 [Test worker] TRACE org.hibernate.orm.jdbc.bind - binding parameter (2:TIMESTAMP_UTC) <- [2026-09-16T01:45:45.162975Z]
26-09-16 10:45:45.175 [Test worker] TRACE org.hibernate.orm.jdbc.bind - binding parameter (3:TIMESTAMP_UTC) <- [2026-09-16T01:45:45.162279Z]
26-09-16 10:45:45.175 [Test worker] TRACE org.hibernate.orm.jdbc.bind - binding parameter (4:UUID) <- [25ea3680-f1f1-40c2-8de1-47e1a70360ac]
26-09-16 10:45:45.175 [Test worker] TRACE org.hibernate.orm.jdbc.bind - binding parameter (5:UUID) <- [6feab429-7860-4b94-a416-4a2b2d59f40b]
26-09-16 10:45:45.176 [Test worker] DEBUG org.hibernate.SQL - 
    /* insert for
        com.sprint.mission.discodeit.entity.Channel */insert 
    into
        channels (created_at, description, name, type, id) 
    values
        (?, ?, ?, ?, ?)
26-09-16 10:45:45.176 [Test worker] TRACE org.hibernate.orm.jdbc.bind - binding parameter (1:TIMESTAMP_UTC) <- [2026-09-16T01:45:45.164951Z]
26-09-16 10:45:45.176 [Test worker] TRACE org.hibernate.orm.jdbc.bind - binding parameter (2:VARCHAR) <- [설명]
26-09-16 10:45:45.176 [Test worker] TRACE org.hibernate.orm.jdbc.bind - binding parameter (3:VARCHAR) <- [채널1]
26-09-16 10:45:45.176 [Test worker] TRACE org.hibernate.orm.jdbc.bind - binding parameter (4:ENUM) <- [PUBLIC]
26-09-16 10:45:45.176 [Test worker] TRACE org.hibernate.orm.jdbc.bind - binding parameter (5:UUID) <- [6b3bc811-f6da-448a-b83f-c8dacc86e92c]
26-09-16 10:45:45.177 [Test worker] DEBUG org.hibernate.SQL - 
    /* insert for
        com.sprint.mission.discodeit.entity.ReadStatus */insert 
    into
        read_statuses (channel_id, created_at, last_read_at, user_id, id) 
    values
        (?, ?, ?, ?, ?)
26-09-16 10:45:45.177 [Test worker] TRACE org.hibernate.orm.jdbc.bind - binding parameter (1:UUID) <- [6b3bc811-f6da-448a-b83f-c8dacc86e92c]
26-09-16 10:45:45.177 [Test worker] TRACE org.hibernate.orm.jdbc.bind - binding parameter (2:TIMESTAMP_UTC) <- [2026-09-16T01:45:45.165111Z]
26-09-16 10:45:45.177 [Test worker] TRACE org.hibernate.orm.jdbc.bind - binding parameter (3:TIMESTAMP_UTC) <- [2026-09-16T01:45:45.165061Z]
26-09-16 10:45:45.177 [Test worker] TRACE org.hibernate.orm.jdbc.bind - binding parameter (4:UUID) <- [25ea3680-f1f1-40c2-8de1-47e1a70360ac]
26-09-16 10:45:45.178 [Test worker] TRACE org.hibernate.orm.jdbc.bind - binding parameter (5:UUID) <- [5c4a0bb9-781b-4422-8199-509da5d4b293]
26-09-16 10:45:45.178 [Test worker] DEBUG org.hibernate.SQL - 
    /* insert for
        com.sprint.mission.discodeit.entity.Channel */insert 
    into
        channels (created_at, description, name, type, id) 
    values
        (?, ?, ?, ?, ?)
26-09-16 10:45:45.178 [Test worker] TRACE org.hibernate.orm.jdbc.bind - binding parameter (1:TIMESTAMP_UTC) <- [2026-09-16T01:45:45.165269Z]
26-09-16 10:45:45.178 [Test worker] TRACE org.hibernate.orm.jdbc.bind - binding parameter (2:VARCHAR) <- [설명]
26-09-16 10:45:45.178 [Test worker] TRACE org.hibernate.orm.jdbc.bind - binding parameter (3:VARCHAR) <- [채널2]
26-09-16 10:45:45.179 [Test worker] TRACE org.hibernate.orm.jdbc.bind - binding parameter (4:ENUM) <- [PUBLIC]
26-09-16 10:45:45.179 [Test worker] TRACE org.hibernate.orm.jdbc.bind - binding parameter (5:UUID) <- [2f10b5b0-87bd-43c2-8866-8fb683273c2f]
26-09-16 10:45:45.179 [Test worker] DEBUG org.hibernate.SQL - 
    /* insert for
        com.sprint.mission.discodeit.entity.ReadStatus */insert 
    into
        read_statuses (channel_id, created_at, last_read_at, user_id, id) 
    values
        (?, ?, ?, ?, ?)
26-09-16 10:45:45.179 [Test worker] TRACE org.hibernate.orm.jdbc.bind - binding parameter (1:UUID) <- [2f10b5b0-87bd-43c2-8866-8fb683273c2f]
26-09-16 10:45:45.179 [Test worker] TRACE org.hibernate.orm.jdbc.bind - binding parameter (2:TIMESTAMP_UTC) <- [2026-09-16T01:45:45.165426Z]
26-09-16 10:45:45.180 [Test worker] TRACE org.hibernate.orm.jdbc.bind - binding parameter (3:TIMESTAMP_UTC) <- [2026-09-16T01:45:45.165370Z]
26-09-16 10:45:45.180 [Test worker] TRACE org.hibernate.orm.jdbc.bind - binding parameter (4:UUID) <- [25ea3680-f1f1-40c2-8de1-47e1a70360ac]
26-09-16 10:45:45.180 [Test worker] TRACE org.hibernate.orm.jdbc.bind - binding parameter (5:UUID) <- [a8b713c5-5954-4669-8f0d-f713c4f8230d]
26-09-16 10:45:45.180 [Test worker] DEBUG org.hibernate.SQL - 
    /* insert for
        com.sprint.mission.discodeit.entity.Channel */insert 
    into
        channels (created_at, description, name, type, id) 
    values
        (?, ?, ?, ?, ?)
26-09-16 10:45:45.181 [Test worker] TRACE org.hibernate.orm.jdbc.bind - binding parameter (1:TIMESTAMP_UTC) <- [2026-09-16T01:45:45.165681Z]
26-09-16 10:45:45.181 [Test worker] TRACE org.hibernate.orm.jdbc.bind - binding parameter (2:VARCHAR) <- [설명]
26-09-16 10:45:45.181 [Test worker] TRACE org.hibernate.orm.jdbc.bind - binding parameter (3:VARCHAR) <- [채널3]
26-09-16 10:45:45.181 [Test worker] TRACE org.hibernate.orm.jdbc.bind - binding parameter (4:ENUM) <- [PUBLIC]
26-09-16 10:45:45.181 [Test worker] TRACE org.hibernate.orm.jdbc.bind - binding parameter (5:UUID) <- [73ee1b76-1e0e-44df-af94-6660a35f2fc7]
26-09-16 10:45:45.181 [Test worker] DEBUG org.hibernate.SQL - 
    /* insert for
        com.sprint.mission.discodeit.entity.ReadStatus */insert 
    into
        read_statuses (channel_id, created_at, last_read_at, user_id, id) 
    values
        (?, ?, ?, ?, ?)
26-09-16 10:45:45.182 [Test worker] TRACE org.hibernate.orm.jdbc.bind - binding parameter (1:UUID) <- [73ee1b76-1e0e-44df-af94-6660a35f2fc7]
26-09-16 10:45:45.182 [Test worker] TRACE org.hibernate.orm.jdbc.bind - binding parameter (2:TIMESTAMP_UTC) <- [2026-09-16T01:45:45.166073Z]
26-09-16 10:45:45.182 [Test worker] TRACE org.hibernate.orm.jdbc.bind - binding parameter (3:TIMESTAMP_UTC) <- [2026-09-16T01:45:45.165982Z]
26-09-16 10:45:45.182 [Test worker] TRACE org.hibernate.orm.jdbc.bind - binding parameter (4:UUID) <- [25ea3680-f1f1-40c2-8de1-47e1a70360ac]
26-09-16 10:45:45.182 [Test worker] TRACE org.hibernate.orm.jdbc.bind - binding parameter (5:UUID) <- [319dddc6-a4e7-4a1b-a7e9-209f806116ec]
26-09-16 10:45:45.182 [Test worker] DEBUG org.hibernate.SQL - 
    /* insert for
        com.sprint.mission.discodeit.entity.Channel */insert 
    into
        channels (created_at, description, name, type, id) 
    values
        (?, ?, ?, ?, ?)
26-09-16 10:45:45.183 [Test worker] TRACE org.hibernate.orm.jdbc.bind - binding parameter (1:TIMESTAMP_UTC) <- [2026-09-16T01:45:45.166248Z]
26-09-16 10:45:45.183 [Test worker] TRACE org.hibernate.orm.jdbc.bind - binding parameter (2:VARCHAR) <- [설명]
26-09-16 10:45:45.183 [Test worker] TRACE org.hibernate.orm.jdbc.bind - binding parameter (3:VARCHAR) <- [채널4]
26-09-16 10:45:45.183 [Test worker] TRACE org.hibernate.orm.jdbc.bind - binding parameter (4:ENUM) <- [PUBLIC]
26-09-16 10:45:45.183 [Test worker] TRACE org.hibernate.orm.jdbc.bind - binding parameter (5:UUID) <- [31d95358-fdff-4c88-ac15-0a126588312e]
26-09-16 10:45:45.184 [Test worker] DEBUG org.hibernate.SQL - 
    /* insert for
        com.sprint.mission.discodeit.entity.ReadStatus */insert 
    into
        read_statuses (channel_id, created_at, last_read_at, user_id, id) 
    values
        (?, ?, ?, ?, ?)
26-09-16 10:45:45.184 [Test worker] TRACE org.hibernate.orm.jdbc.bind - binding parameter (1:UUID) <- [31d95358-fdff-4c88-ac15-0a126588312e]
26-09-16 10:45:45.184 [Test worker] TRACE org.hibernate.orm.jdbc.bind - binding parameter (2:TIMESTAMP_UTC) <- [2026-09-16T01:45:45.166553Z]
26-09-16 10:45:45.184 [Test worker] TRACE org.hibernate.orm.jdbc.bind - binding parameter (3:TIMESTAMP_UTC) <- [2026-09-16T01:45:45.166456Z]
26-09-16 10:45:45.184 [Test worker] TRACE org.hibernate.orm.jdbc.bind - binding parameter (4:UUID) <- [25ea3680-f1f1-40c2-8de1-47e1a70360ac]
26-09-16 10:45:45.184 [Test worker] TRACE org.hibernate.orm.jdbc.bind - binding parameter (5:UUID) <- [27c6f2d9-9a22-4331-9939-34f17790962b]
26-09-16 10:45:45.187 [Test worker] DEBUG org.hibernate.SQL - 
    /* <criteria> */ select
        rs1_0.id,
        rs1_0.channel_id,
        rs1_0.created_at,
        rs1_0.last_read_at,
        rs1_0.user_id 
    from
        read_statuses rs1_0 
    where
        rs1_0.user_id=? 
    order by
        rs1_0.created_at desc 
    fetch
        first ? rows only
26-09-16 10:45:45.188 [Test worker] TRACE org.hibernate.orm.jdbc.bind - binding parameter (1:UUID) <- [25ea3680-f1f1-40c2-8de1-47e1a70360ac]
26-09-16 10:45:45.188 [Test worker] TRACE org.hibernate.orm.jdbc.bind - binding parameter (2:INTEGER) <- [3]
26-09-16 10:45:45.196 [Test worker] DEBUG org.hibernate.SQL - 
    /* insert for
        com.sprint.mission.discodeit.entity.User */insert 
    into
        users (created_at, email, password, profile_id, role, username, id) 
    values
        (?, ?, ?, ?, ?, ?, ?)
26-09-16 10:45:45.196 [Test worker] TRACE org.hibernate.orm.jdbc.bind - binding parameter (1:TIMESTAMP_UTC) <- [2026-09-16T01:45:45.195162Z]
26-09-16 10:45:45.196 [Test worker] TRACE org.hibernate.orm.jdbc.bind - binding parameter (2:VARCHAR) <- [reader@example.com]
26-09-16 10:45:45.196 [Test worker] TRACE org.hibernate.orm.jdbc.bind - binding parameter (3:VARCHAR) <- [pw123456789!]
26-09-16 10:45:45.196 [Test worker] TRACE org.hibernate.orm.jdbc.bind - binding parameter (4:UUID) <- [null]
26-09-16 10:45:45.196 [Test worker] TRACE org.hibernate.orm.jdbc.bind - binding parameter (5:ENUM) <- [USER]
26-09-16 10:45:45.196 [Test worker] TRACE org.hibernate.orm.jdbc.bind - binding parameter (6:VARCHAR) <- [reader]
26-09-16 10:45:45.196 [Test worker] TRACE org.hibernate.orm.jdbc.bind - binding parameter (7:UUID) <- [00203da2-375b-43b7-bba0-e111b6252de9]
26-09-16 10:45:45.197 [Test worker] DEBUG org.hibernate.SQL - 
    /* insert for
        com.sprint.mission.discodeit.entity.Channel */insert 
    into
        channels (created_at, description, name, type, id) 
    values
        (?, ?, ?, ?, ?)
26-09-16 10:45:45.198 [Test worker] TRACE org.hibernate.orm.jdbc.bind - binding parameter (1:TIMESTAMP_UTC) <- [2026-09-16T01:45:45.195405Z]
26-09-16 10:45:45.198 [Test worker] TRACE org.hibernate.orm.jdbc.bind - binding parameter (2:VARCHAR) <- [설명]
26-09-16 10:45:45.198 [Test worker] TRACE org.hibernate.orm.jdbc.bind - binding parameter (3:VARCHAR) <- [공지]
26-09-16 10:45:45.198 [Test worker] TRACE org.hibernate.orm.jdbc.bind - binding parameter (4:ENUM) <- [PUBLIC]
26-09-16 10:45:45.198 [Test worker] TRACE org.hibernate.orm.jdbc.bind - binding parameter (5:UUID) <- [acb548b3-31fe-4232-b7e4-57f81e3d0967]
26-09-16 10:45:45.198 [Test worker] DEBUG org.hibernate.SQL - 
    /* insert for
        com.sprint.mission.discodeit.entity.ReadStatus */insert 
    into
        read_statuses (channel_id, created_at, last_read_at, user_id, id) 
    values
        (?, ?, ?, ?, ?)
26-09-16 10:45:45.198 [Test worker] TRACE org.hibernate.orm.jdbc.bind - binding parameter (1:UUID) <- [acb548b3-31fe-4232-b7e4-57f81e3d0967]
26-09-16 10:45:45.199 [Test worker] TRACE org.hibernate.orm.jdbc.bind - binding parameter (2:TIMESTAMP_UTC) <- [2026-09-16T01:45:45.195547Z]
26-09-16 10:45:45.199 [Test worker] TRACE org.hibernate.orm.jdbc.bind - binding parameter (3:TIMESTAMP_UTC) <- [2026-09-16T01:45:45.195491Z]
26-09-16 10:45:45.199 [Test worker] TRACE org.hibernate.orm.jdbc.bind - binding parameter (4:UUID) <- [00203da2-375b-43b7-bba0-e111b6252de9]
26-09-16 10:45:45.199 [Test worker] TRACE org.hibernate.orm.jdbc.bind - binding parameter (5:UUID) <- [686d52c4-6357-44f4-9ca6-70993f46f1ab]
26-09-16 10:45:45.202 [Test worker] DEBUG org.hibernate.SQL - 
    /* <criteria> */ select
        rs1_0.id 
    from
        read_statuses rs1_0 
    where
        rs1_0.user_id=? 
        and rs1_0.channel_id=? 
    fetch
        first ? rows only
26-09-16 10:45:45.203 [Test worker] TRACE org.hibernate.orm.jdbc.bind - binding parameter (1:UUID) <- [00203da2-375b-43b7-bba0-e111b6252de9]
26-09-16 10:45:45.203 [Test worker] TRACE org.hibernate.orm.jdbc.bind - binding parameter (2:UUID) <- [acb548b3-31fe-4232-b7e4-57f81e3d0967]
26-09-16 10:45:45.204 [Test worker] TRACE org.hibernate.orm.jdbc.bind - binding parameter (3:INTEGER) <- [1]
26-09-16 10:45:45.212 [Test worker] DEBUG org.hibernate.SQL - 
    /* <criteria> */ select
        rs1_0.id 
    from
        read_statuses rs1_0 
    where
        rs1_0.user_id=? 
        and rs1_0.channel_id=? 
    fetch
        first ? rows only
26-09-16 10:45:45.213 [Test worker] TRACE org.hibernate.orm.jdbc.bind - binding parameter (1:UUID) <- [53d6debb-82ca-4146-8652-b168e327b2ed]
26-09-16 10:45:45.213 [Test worker] TRACE org.hibernate.orm.jdbc.bind - binding parameter (2:UUID) <- [8b5ce319-7de8-4e47-96e8-23fb063785fe]
26-09-16 10:45:45.213 [Test worker] TRACE org.hibernate.orm.jdbc.bind - binding parameter (3:INTEGER) <- [1]
26-09-16 10:45:45.218 [Test worker] INFO  o.s.t.c.s.AnnotationConfigContextLoaderUtils - Could not detect default configuration classes for test class [com.sprint.mission.discodeit.repository.UserRepositoryTest]: UserRepositoryTest does not declare any static, non-private, non-final, nested classes annotated with @Configuration.
26-09-16 10:45:45.225 [Test worker] INFO  o.s.b.t.c.SpringBootTestContextBootstrapper - Found @SpringBootConfiguration com.sprint.mission.discodeit.DiscodeitApplication for test class com.sprint.mission.discodeit.repository.UserRepositoryTest
26-09-16 10:45:45.232 [Test worker] DEBUG org.hibernate.SQL - 
    /* <criteria> */ select
        u1_0.id,
        u1_0.created_at,
        u1_0.email,
        u1_0.password,
        u1_0.profile_id,
        u1_0.role,
        u1_0.username 
    from
        users u1_0 
    where
        u1_0.email=?
26-09-16 10:45:45.232 [Test worker] TRACE org.hibernate.orm.jdbc.bind - binding parameter (1:VARCHAR) <- [nobody@example.com]
26-09-16 10:45:45.243 [Test worker] DEBUG org.hibernate.SQL - 
    /* insert for
        com.sprint.mission.discodeit.entity.User */insert 
    into
        users (created_at, email, password, profile_id, role, username, id) 
    values
        (?, ?, ?, ?, ?, ?, ?)
26-09-16 10:45:45.244 [Test worker] TRACE org.hibernate.orm.jdbc.bind - binding parameter (1:TIMESTAMP_UTC) <- [2026-09-16T01:45:45.242676Z]
26-09-16 10:45:45.244 [Test worker] TRACE org.hibernate.orm.jdbc.bind - binding parameter (2:VARCHAR) <- [email@example.com]
26-09-16 10:45:45.244 [Test worker] TRACE org.hibernate.orm.jdbc.bind - binding parameter (3:VARCHAR) <- [password123!]
26-09-16 10:45:45.244 [Test worker] TRACE org.hibernate.orm.jdbc.bind - binding parameter (4:UUID) <- [null]
26-09-16 10:45:45.245 [Test worker] TRACE org.hibernate.orm.jdbc.bind - binding parameter (5:ENUM) <- [USER]
26-09-16 10:45:45.245 [Test worker] TRACE org.hibernate.orm.jdbc.bind - binding parameter (6:VARCHAR) <- [emailuser]
26-09-16 10:45:45.245 [Test worker] TRACE org.hibernate.orm.jdbc.bind - binding parameter (7:UUID) <- [f54514c7-bf78-4922-93c5-75c9d3696003]
26-09-16 10:45:45.247 [Test worker] DEBUG org.hibernate.SQL - 
    /* <criteria> */ select
        u1_0.id,
        u1_0.created_at,
        u1_0.email,
        u1_0.password,
        u1_0.profile_id,
        u1_0.role,
        u1_0.username 
    from
        users u1_0 
    where
        u1_0.email=?
26-09-16 10:45:45.248 [Test worker] TRACE org.hibernate.orm.jdbc.bind - binding parameter (1:VARCHAR) <- [email@example.com]
26-09-16 10:45:45.254 [Test worker] DEBUG org.hibernate.SQL - 
    /* insert for
        com.sprint.mission.discodeit.entity.User */insert 
    into
        users (created_at, email, password, profile_id, role, username, id) 
    values
        (?, ?, ?, ?, ?, ?, ?)
26-09-16 10:45:45.254 [Test worker] TRACE org.hibernate.orm.jdbc.bind - binding parameter (1:TIMESTAMP_UTC) <- [2026-09-16T01:45:45.254065Z]
26-09-16 10:45:45.254 [Test worker] TRACE org.hibernate.orm.jdbc.bind - binding parameter (2:VARCHAR) <- [test@example.com]
26-09-16 10:45:45.255 [Test worker] TRACE org.hibernate.orm.jdbc.bind - binding parameter (3:VARCHAR) <- [password123!]
26-09-16 10:45:45.255 [Test worker] TRACE org.hibernate.orm.jdbc.bind - binding parameter (4:UUID) <- [null]
26-09-16 10:45:45.255 [Test worker] TRACE org.hibernate.orm.jdbc.bind - binding parameter (5:ENUM) <- [USER]
26-09-16 10:45:45.255 [Test worker] TRACE org.hibernate.orm.jdbc.bind - binding parameter (6:VARCHAR) <- [testuser]
26-09-16 10:45:45.255 [Test worker] TRACE org.hibernate.orm.jdbc.bind - binding parameter (7:UUID) <- [0c483144-cbd0-49da-87d5-4d2ef9fb5ae1]
26-09-16 10:45:45.258 [Test worker] DEBUG org.hibernate.SQL - 
    /* <criteria> */ select
        u1_0.id,
        u1_0.created_at,
        u1_0.email,
        u1_0.password,
        u1_0.profile_id,
        u1_0.role,
        u1_0.username 
    from
        users u1_0 
    where
        u1_0.username=?
26-09-16 10:45:45.259 [Test worker] TRACE org.hibernate.orm.jdbc.bind - binding parameter (1:VARCHAR) <- [testuser]
26-09-16 10:45:45.265 [Test worker] DEBUG org.hibernate.SQL - 
    /* <criteria> */ select
        u1_0.id,
        u1_0.created_at,
        u1_0.email,
        u1_0.password,
        u1_0.profile_id,
        u1_0.role,
        u1_0.username 
    from
        users u1_0 
    where
        u1_0.username=?
26-09-16 10:45:45.265 [Test worker] TRACE org.hibernate.orm.jdbc.bind - binding parameter (1:VARCHAR) <- [nonexistent]
26-09-16 10:45:45.740 [Test worker] INFO  c.s.m.d.s.basic.BasicChannelService - 유저의 채널 목록 조회 요청 - userId: 124a3503-e798-42a0-824e-192ff1e6de09
26-09-16 10:45:45.745 [Test worker] INFO  c.s.m.d.s.basic.BasicChannelService - 채널 목록 조회 완료 - 채널 수: 1
26-09-16 10:45:45.756 [Test worker] INFO  c.s.m.d.s.basic.BasicChannelService - 채널 삭제 요청 - channelId: 7554fbac-357c-4f80-a1de-2f0a80ce82df
26-09-16 10:45:45.757 [Test worker] INFO  c.s.m.d.s.basic.BasicChannelService - 채널 삭제 완료 - channelId: 7554fbac-357c-4f80-a1de-2f0a80ce82df
26-09-16 10:45:45.771 [Test worker] INFO  c.s.m.d.s.basic.BasicChannelService - 채널 삭제 요청 - channelId: cee3b577-f96f-4129-8e37-130cb3027f85
26-09-16 10:45:45.777 [Test worker] INFO  c.s.m.d.s.basic.BasicChannelService - PRIVATE 채널 생성 요청 - 참여자 수: 1
26-09-16 10:45:45.781 [Test worker] INFO  c.s.m.d.s.basic.BasicChannelService - PUBLIC 채널 생성 요청 - name: 공지
26-09-16 10:45:45.782 [Test worker] INFO  c.s.m.d.s.basic.BasicChannelService - PUBLIC 채널 생성 완료 - channelId: ae6ec06f-3d7e-444d-87df-8bd0b697b04c
26-09-16 10:45:45.786 [Test worker] INFO  c.s.m.d.s.basic.BasicChannelService - 채널 수정 요청 - channelId: e8fe0456-dffd-473c-ba38-110dd0c7eab5
26-09-16 10:45:45.791 [Test worker] INFO  c.s.m.d.s.basic.BasicChannelService - 채널 수정 요청 - channelId: 52ad5d55-7b67-42cc-82ca-601ff56aedd2
26-09-16 10:45:45.791 [Test worker] INFO  c.s.m.d.s.basic.BasicChannelService - 채널 수정 완료 - channelId: 52ad5d55-7b67-42cc-82ca-601ff56aedd2
26-09-16 10:45:45.951 [Test worker] INFO  c.s.m.d.s.basic.BasicMessageService - 메시지 삭제 요청 - messageId: b76f14ce-9f51-4bd4-9528-78f822c186c9
26-09-16 10:45:45.951 [Test worker] INFO  c.s.m.d.s.basic.BasicMessageService - 메시지 삭제 완료 - messageId: b76f14ce-9f51-4bd4-9528-78f822c186c9
26-09-16 10:45:45.955 [Test worker] INFO  c.s.m.d.s.basic.BasicMessageService - 메시지 수정 요청 - messageId: 193dc6c9-0fb7-4808-9d33-b3d651546b8d
26-09-16 10:45:45.961 [Test worker] INFO  c.s.m.d.s.basic.BasicMessageService - 메시지 삭제 요청 - messageId: c2be490d-18bd-4589-ab8b-92063a9e6433
26-09-16 10:45:45.965 [Test worker] INFO  c.s.m.d.s.basic.BasicMessageService - 메시지 생성 요청 - channelId: 7f11dc24-884a-49eb-8e16-6f39ad345aa7, authorId: 0a6cb1d3-2061-42f2-b4c3-aafa90b47d2c
26-09-16 10:45:45.973 [Test worker] INFO  c.s.m.d.s.basic.BasicMessageService - 채널 메시지 목록 조회 요청 - channelId: df880673-5185-4921-9999-bf24fb536ecf
26-09-16 10:45:45.973 [Test worker] INFO  c.s.m.d.s.basic.BasicMessageService - 채널 메시지 목록 조회 완료 - 페이지: 0, 다음 페이지 여부: false
26-09-16 10:45:45.976 [Test worker] INFO  c.s.m.d.s.basic.BasicMessageService - 메시지 수정 요청 - messageId: 618ed638-2e76-4191-8d0f-538ee0a906b3
26-09-16 10:45:45.976 [Test worker] INFO  c.s.m.d.s.basic.BasicMessageService - 메시지 수정 완료 - messageId: 618ed638-2e76-4191-8d0f-538ee0a906b3
26-09-16 10:45:45.979 [Test worker] INFO  c.s.m.d.s.basic.BasicMessageService - 메시지 생성 요청 - channelId: ca824964-b0d3-48a3-8807-807843910eab, authorId: fc13e9aa-2505-4419-aac0-84a2d5dde1da
26-09-16 10:45:45.980 [Test worker] INFO  c.s.m.d.s.basic.BasicMessageService - 메시지 생성 완료 - messageId: null
26-09-16 10:45:46.154 [Test worker] INFO  c.s.m.d.s.basic.BasicUserService - 유저 삭제 요청 - userId: cad69599-cf9e-421c-866c-be0308642aff
26-09-16 10:45:46.154 [Test worker] INFO  c.s.m.d.s.basic.BasicUserService - 유저 삭제 완료 - userId: cad69599-cf9e-421c-866c-be0308642aff
26-09-16 10:45:46.157 [Test worker] INFO  c.s.m.d.s.basic.BasicUserService - 유저 삭제 요청 - userId: 7dbde504-73b4-42fb-bd55-0a2d11b8e2b0
26-09-16 10:45:46.160 [Test worker] INFO  c.s.m.d.s.basic.BasicUserService - 유저 생성 요청 - username: duplicateUser, email: test@example.com
26-09-16 10:45:46.163 [Test worker] INFO  c.s.m.d.s.basic.BasicUserService - 유저 수정 요청 - userId: 7696cc76-9f61-4730-90b1-f1fedfaaf9db
26-09-16 10:45:46.163 [Test worker] INFO  c.s.m.d.s.basic.BasicUserService - 유저 수정 완료 - userId: 7696cc76-9f61-4730-90b1-f1fedfaaf9db
26-09-16 10:45:46.166 [Test worker] INFO  c.s.m.d.s.basic.BasicUserService - 유저 수정 요청 - userId: b41eb82a-7f46-45b7-b870-20f8f92253b6
26-09-16 10:45:46.166 [Test worker] INFO  c.s.m.d.s.basic.BasicUserService - 유저 수정 완료 - userId: b41eb82a-7f46-45b7-b870-20f8f92253b6
26-09-16 10:45:46.168 [Test worker] INFO  c.s.m.d.s.basic.BasicUserService - 유저 생성 요청 - username: testuser, email: test@example.com
26-09-16 10:45:46.169 [Test worker] INFO  c.s.m.d.s.basic.BasicUserService - 유저 생성 완료 - userId: null
26-09-16 10:45:46.172 [Test worker] INFO  c.s.m.d.s.basic.BasicUserService - 유저 수정 요청 - userId: 2cd0391f-c78b-4183-b349-e38117d54907
26-09-16 10:45:46.205 [SpringApplicationShutdownHook] INFO  o.s.o.j.LocalContainerEntityManagerFactoryBean - Closing JPA EntityManagerFactory for persistence unit 'default'
26-09-16 10:45:46.582 [SpringApplicationShutdownHook] DEBUG org.hibernate.SQL - 
    drop table if exists binary_contents cascade 
26-09-16 10:45:46.585 [SpringApplicationShutdownHook] DEBUG org.hibernate.SQL - 
    drop table if exists channels cascade 
26-09-16 10:45:46.586 [SpringApplicationShutdownHook] DEBUG org.hibernate.SQL - 
    drop table if exists message_attachments cascade 
26-09-16 10:45:46.586 [SpringApplicationShutdownHook] DEBUG org.hibernate.SQL - 
    drop table if exists messages cascade 
26-09-16 10:45:46.587 [SpringApplicationShutdownHook] DEBUG org.hibernate.SQL - 
    drop table if exists read_statuses cascade 
26-09-16 10:45:46.587 [SpringApplicationShutdownHook] DEBUG org.hibernate.SQL - 
    drop table if exists user_statuses cascade 
26-09-16 10:45:46.588 [SpringApplicationShutdownHook] DEBUG org.hibernate.SQL - 
    drop table if exists users cascade 
26-09-16 10:45:46.591 [SpringApplicationShutdownHook] INFO  com.zaxxer.hikari.HikariDataSource - HikariPool-1 - Shutdown initiated...
26-09-16 10:45:46.597 [SpringApplicationShutdownHook] INFO  com.zaxxer.hikari.HikariDataSource - HikariPool-1 - Shutdown completed.
26-09-16 10:45:46.598 [SpringApplicationShutdownHook] INFO  o.s.o.j.LocalContainerEntityManagerFactoryBean - Closing JPA EntityManagerFactory for persistence unit 'default'
26-09-16 10:45:46.599 [SpringApplicationShutdownHook] DEBUG org.hibernate.SQL - 
    drop table if exists binary_contents cascade 
26-09-16 10:45:46.600 [SpringApplicationShutdownHook] DEBUG org.hibernate.SQL - 
    drop table if exists channels cascade 
26-09-16 10:45:46.600 [SpringApplicationShutdownHook] DEBUG org.hibernate.SQL - 
    drop table if exists message_attachments cascade 
26-09-16 10:45:46.600 [SpringApplicationShutdownHook] DEBUG org.hibernate.SQL - 
    drop table if exists messages cascade 
26-09-16 10:45:46.601 [SpringApplicationShutdownHook] DEBUG org.hibernate.SQL - 
    drop table if exists read_statuses cascade 
26-09-16 10:45:46.601 [SpringApplicationShutdownHook] DEBUG org.hibernate.SQL - 
    drop table if exists user_statuses cascade 
26-09-16 10:45:46.602 [SpringApplicationShutdownHook] DEBUG org.hibernate.SQL - 
    drop table if exists users cascade 
26-09-16 11:41:56.327 [background-preinit] INFO  o.h.validator.internal.util.Version - HV000001: Hibernate Validator 8.0.1.Final
26-09-16 11:41:56.397 [main] INFO  c.s.m.discodeit.DiscodeitApplication - Starting DiscodeitApplication using Java 17.0.19 with PID 2615 (/Users/jangjunseo/Desktop/codei_13th_develop/13-sprint-mission/build/classes/java/main started by jangjunseo in /Users/jangjunseo/Desktop/codei_13th_develop/13-sprint-mission)
26-09-16 11:41:56.398 [main] INFO  c.s.m.discodeit.DiscodeitApplication - The following 1 profile is active: "dev"
26-09-16 11:41:58.031 [main] INFO  o.s.d.r.c.RepositoryConfigurationDelegate - Bootstrapping Spring Data JPA repositories in DEFAULT mode.
26-09-16 11:41:58.194 [main] INFO  o.s.d.r.c.RepositoryConfigurationDelegate - Finished Spring Data repository scanning in 137 ms. Found 6 JPA repository interfaces.
26-09-16 11:41:59.487 [main] INFO  o.s.b.w.e.tomcat.TomcatWebServer - Tomcat initialized with port 8080 (http)
26-09-16 11:41:59.496 [main] INFO  o.a.coyote.http11.Http11NioProtocol - Initializing ProtocolHandler ["http-nio-8080"]
26-09-16 11:41:59.498 [main] INFO  o.a.catalina.core.StandardService - Starting service [Tomcat]
26-09-16 11:41:59.498 [main] INFO  o.a.catalina.core.StandardEngine - Starting Servlet engine: [Apache Tomcat/10.1.33]
26-09-16 11:41:59.559 [main] INFO  o.a.c.c.C.[Tomcat].[localhost].[/] - Initializing Spring embedded WebApplicationContext
26-09-16 11:41:59.559 [main] INFO  o.s.b.w.s.c.ServletWebServerApplicationContext - Root WebApplicationContext: initialization completed in 3125 ms
26-09-16 11:41:59.834 [main] INFO  com.zaxxer.hikari.HikariDataSource - HikariPool-1 - Starting...
26-09-16 11:42:00.061 [main] INFO  com.zaxxer.hikari.pool.HikariPool - HikariPool-1 - Added connection org.postgresql.jdbc.PgConnection@8cb7185
26-09-16 11:42:00.063 [main] INFO  com.zaxxer.hikari.HikariDataSource - HikariPool-1 - Start completed.
26-09-16 11:42:00.148 [main] INFO  o.h.jpa.internal.util.LogHelper - HHH000204: Processing PersistenceUnitInfo [name: default]
26-09-16 11:42:00.205 [main] INFO  org.hibernate.Version - HHH000412: Hibernate ORM core version 6.6.2.Final
26-09-16 11:42:00.228 [main] INFO  o.h.c.i.RegionFactoryInitiator - HHH000026: Second-level cache disabled
26-09-16 11:42:00.453 [main] INFO  o.s.o.j.p.SpringPersistenceUnitInfo - No LoadTimeWeaver setup: ignoring JPA class transformer
26-09-16 11:42:00.548 [main] INFO  o.hibernate.orm.connections.pooling - HHH10001005: Database info:
	Database JDBC URL [Connecting through datasource 'HikariDataSource (HikariPool-1)']
	Database driver: undefined/unknown
	Database version: 17.10
	Autocommit mode: undefined/unknown
	Isolation level: undefined/unknown
	Minimum pool size: undefined/unknown
	Maximum pool size: undefined/unknown
26-09-16 11:42:01.352 [main] INFO  o.h.e.t.j.p.i.JtaPlatformInitiator - HHH000489: No JTA platform available (set 'hibernate.transaction.jta.platform' to enable JTA platform integration)
26-09-16 11:42:01.412 [main] INFO  o.s.o.j.LocalContainerEntityManagerFactoryBean - Initialized JPA EntityManagerFactory for persistence unit 'default'
26-09-16 11:42:02.018 [main] TRACE o.s.s.c.a.a.c.AuthenticationConfiguration$EnableGlobalAuthenticationAutowiredConfigurer - Eagerly initializing {securityConfig=com.sprint.mission.discodeit.config.SecurityConfig$$SpringCGLIB$$0@13231e7b}
26-09-16 11:42:02.024 [main] INFO  o.s.s.c.a.a.c.InitializeUserDetailsBeanManagerConfigurer$InitializeUserDetailsManagerConfigurer - Global AuthenticationManager configured with UserDetailsService bean with name discodeitUserDetailsService
26-09-16 11:42:02.095 [main] INFO  o.s.b.a.w.s.WelcomePageHandlerMapping - Adding welcome page: class path resource [static/index.html]
26-09-16 11:42:02.339 [main] INFO  o.s.b.a.e.web.EndpointLinksResolver - Exposing 4 endpoints beneath base path '/actuator'
26-09-16 11:42:02.389 [main] DEBUG o.s.s.web.DefaultSecurityFilterChain - Will secure any request with filters: DisableEncodeUrlFilter, WebAsyncManagerIntegrationFilter, SecurityContextHolderFilter, HeaderWriterFilter, CsrfFilter, LogoutFilter, UsernamePasswordAuthenticationFilter, DefaultResourcesFilter, DefaultLoginPageGeneratingFilter, DefaultLogoutPageGeneratingFilter, RequestCacheAwareFilter, SecurityContextHolderAwareRequestFilter, AnonymousAuthenticationFilter, ExceptionTranslationFilter
26-09-16 11:42:02.776 [main] INFO  o.a.coyote.http11.Http11NioProtocol - Starting ProtocolHandler ["http-nio-8080"]
26-09-16 11:42:02.790 [main] INFO  o.s.b.w.e.tomcat.TomcatWebServer - Tomcat started on port 8080 (http) with context path '/'
26-09-16 11:42:02.802 [main] INFO  c.s.m.discodeit.DiscodeitApplication - Started DiscodeitApplication in 7.138 seconds (process running for 8.104)
26-09-16 11:42:03.093 [RMI TCP Connection(4)-127.0.0.1] INFO  o.a.c.c.C.[Tomcat].[localhost].[/] - Initializing Spring DispatcherServlet 'dispatcherServlet'
26-09-16 11:42:03.094 [RMI TCP Connection(4)-127.0.0.1] INFO  o.s.web.servlet.DispatcherServlet - Initializing Servlet 'dispatcherServlet'
26-09-16 11:42:03.095 [RMI TCP Connection(4)-127.0.0.1] INFO  o.s.web.servlet.DispatcherServlet - Completed initialization in 1 ms
26-09-16 11:42:46.503 [SpringApplicationShutdownHook] INFO  o.s.b.w.e.tomcat.GracefulShutdown - Commencing graceful shutdown. Waiting for active requests to complete
26-09-16 11:42:46.533 [tomcat-shutdown] INFO  o.s.b.w.e.tomcat.GracefulShutdown - Graceful shutdown complete
26-09-16 11:42:46.568 [SpringApplicationShutdownHook] INFO  o.s.o.j.LocalContainerEntityManagerFactoryBean - Closing JPA EntityManagerFactory for persistence unit 'default'
26-09-16 11:42:46.584 [SpringApplicationShutdownHook] INFO  com.zaxxer.hikari.HikariDataSource - HikariPool-1 - Shutdown initiated...
26-09-16 11:42:46.597 [SpringApplicationShutdownHook] INFO  com.zaxxer.hikari.HikariDataSource - HikariPool-1 - Shutdown completed.
26-09-16 13:27:22.236 [background-preinit] INFO  o.h.validator.internal.util.Version - HV000001: Hibernate Validator 8.0.1.Final
26-09-16 13:27:22.285 [main] INFO  c.s.m.discodeit.DiscodeitApplication - Starting DiscodeitApplication using Java 17.0.19 with PID 4901 (/Users/jangjunseo/Desktop/codei_13th_develop/13-sprint-mission/build/classes/java/main started by jangjunseo in /Users/jangjunseo/Desktop/codei_13th_develop/13-sprint-mission)
26-09-16 13:27:22.286 [main] INFO  c.s.m.discodeit.DiscodeitApplication - The following 1 profile is active: "dev"
26-09-16 13:27:23.094 [main] INFO  o.s.d.r.c.RepositoryConfigurationDelegate - Bootstrapping Spring Data JPA repositories in DEFAULT mode.
26-09-16 13:27:23.142 [main] INFO  o.s.d.r.c.RepositoryConfigurationDelegate - Finished Spring Data repository scanning in 40 ms. Found 6 JPA repository interfaces.
26-09-16 13:27:23.816 [main] INFO  o.s.b.w.e.tomcat.TomcatWebServer - Tomcat initialized with port 8080 (http)
26-09-16 13:27:23.832 [main] INFO  o.a.coyote.http11.Http11NioProtocol - Initializing ProtocolHandler ["http-nio-8080"]
26-09-16 13:27:23.834 [main] INFO  o.a.catalina.core.StandardService - Starting service [Tomcat]
26-09-16 13:27:23.835 [main] INFO  o.a.catalina.core.StandardEngine - Starting Servlet engine: [Apache Tomcat/10.1.33]
26-09-16 13:27:23.890 [main] INFO  o.a.c.c.C.[Tomcat].[localhost].[/] - Initializing Spring embedded WebApplicationContext
26-09-16 13:27:23.891 [main] INFO  o.s.b.w.s.c.ServletWebServerApplicationContext - Root WebApplicationContext: initialization completed in 1570 ms
26-09-16 13:27:24.186 [main] INFO  com.zaxxer.hikari.HikariDataSource - HikariPool-1 - Starting...
26-09-16 13:27:24.323 [main] INFO  com.zaxxer.hikari.pool.HikariPool - HikariPool-1 - Added connection org.postgresql.jdbc.PgConnection@d512c1
26-09-16 13:27:24.324 [main] INFO  com.zaxxer.hikari.HikariDataSource - HikariPool-1 - Start completed.
26-09-16 13:27:24.446 [main] INFO  o.h.jpa.internal.util.LogHelper - HHH000204: Processing PersistenceUnitInfo [name: default]
26-09-16 13:27:24.527 [main] INFO  org.hibernate.Version - HHH000412: Hibernate ORM core version 6.6.2.Final
26-09-16 13:27:24.567 [main] INFO  o.h.c.i.RegionFactoryInitiator - HHH000026: Second-level cache disabled
26-09-16 13:27:24.953 [main] INFO  o.s.o.j.p.SpringPersistenceUnitInfo - No LoadTimeWeaver setup: ignoring JPA class transformer
26-09-16 13:27:25.098 [main] INFO  o.hibernate.orm.connections.pooling - HHH10001005: Database info:
	Database JDBC URL [Connecting through datasource 'HikariDataSource (HikariPool-1)']
	Database driver: undefined/unknown
	Database version: 17.10
	Autocommit mode: undefined/unknown
	Isolation level: undefined/unknown
	Minimum pool size: undefined/unknown
	Maximum pool size: undefined/unknown
26-09-16 13:27:25.981 [main] INFO  o.h.e.t.j.p.i.JtaPlatformInitiator - HHH000489: No JTA platform available (set 'hibernate.transaction.jta.platform' to enable JTA platform integration)
26-09-16 13:27:26.046 [main] INFO  o.s.o.j.LocalContainerEntityManagerFactoryBean - Initialized JPA EntityManagerFactory for persistence unit 'default'
26-09-16 13:27:26.290 [main] WARN  o.s.b.w.s.c.AnnotationConfigServletWebServerApplicationContext - Exception encountered during context initialization - cancelling refresh attempt: org.springframework.beans.factory.BeanCreationException: Error creating bean with name 'adminInitializer': Injection of autowired dependencies failed
26-09-16 13:27:26.290 [main] INFO  o.s.o.j.LocalContainerEntityManagerFactoryBean - Closing JPA EntityManagerFactory for persistence unit 'default'
26-09-16 13:27:26.292 [main] INFO  com.zaxxer.hikari.HikariDataSource - HikariPool-1 - Shutdown initiated...
26-09-16 13:27:26.296 [main] INFO  com.zaxxer.hikari.HikariDataSource - HikariPool-1 - Shutdown completed.
26-09-16 13:27:26.298 [main] INFO  o.a.catalina.core.StandardService - Stopping service [Tomcat]
26-09-16 13:27:26.312 [main] INFO  o.s.b.a.l.ConditionEvaluationReportLogger - 

Error starting ApplicationContext. To display the condition evaluation report re-run your application with 'debug' enabled.
26-09-16 13:27:26.321 [main] ERROR o.s.boot.SpringApplication - Application run failed
org.springframework.beans.factory.BeanCreationException: Error creating bean with name 'adminInitializer': Injection of autowired dependencies failed
	at org.springframework.beans.factory.annotation.AutowiredAnnotationBeanPostProcessor.postProcessProperties(AutowiredAnnotationBeanPostProcessor.java:515)
	at org.springframework.beans.factory.support.AbstractAutowireCapableBeanFactory.populateBean(AbstractAutowireCapableBeanFactory.java:1435)
	at org.springframework.beans.factory.support.AbstractAutowireCapableBeanFactory.doCreateBean(AbstractAutowireCapableBeanFactory.java:600)
	at org.springframework.beans.factory.support.AbstractAutowireCapableBeanFactory.createBean(AbstractAutowireCapableBeanFactory.java:523)
	at org.springframework.beans.factory.support.AbstractBeanFactory.lambda$doGetBean$0(AbstractBeanFactory.java:336)
	at org.springframework.beans.factory.support.DefaultSingletonBeanRegistry.getSingleton(DefaultSingletonBeanRegistry.java:288)
	at org.springframework.beans.factory.support.AbstractBeanFactory.doGetBean(AbstractBeanFactory.java:334)
	at org.springframework.beans.factory.support.AbstractBeanFactory.getBean(AbstractBeanFactory.java:199)
	at org.springframework.beans.factory.support.DefaultListableBeanFactory.instantiateSingleton(DefaultListableBeanFactory.java:1122)
	at org.springframework.beans.factory.support.DefaultListableBeanFactory.preInstantiateSingleton(DefaultListableBeanFactory.java:1093)
	at org.springframework.beans.factory.support.DefaultListableBeanFactory.preInstantiateSingletons(DefaultListableBeanFactory.java:1030)
	at org.springframework.context.support.AbstractApplicationContext.finishBeanFactoryInitialization(AbstractApplicationContext.java:987)
	at org.springframework.context.support.AbstractApplicationContext.refresh(AbstractApplicationContext.java:627)
	at org.springframework.boot.web.servlet.context.ServletWebServerApplicationContext.refresh(ServletWebServerApplicationContext.java:146)
	at org.springframework.boot.SpringApplication.refresh(SpringApplication.java:752)
	at org.springframework.boot.SpringApplication.refreshContext(SpringApplication.java:439)
	at org.springframework.boot.SpringApplication.run(SpringApplication.java:318)
	at org.springframework.boot.SpringApplication.run(SpringApplication.java:1361)
	at org.springframework.boot.SpringApplication.run(SpringApplication.java:1350)
	at com.sprint.mission.discodeit.DiscodeitApplication.main(DiscodeitApplication.java:11)
Caused by: org.springframework.util.PlaceholderResolutionException: Could not resolve placeholder 'ADMIN_EMAIL' in value "${ADMIN_EMAIL}" <-- "${discodeit.admin.email}"
	at org.springframework.util.PlaceholderResolutionException.withValue(PlaceholderResolutionException.java:81)
	at org.springframework.util.PlaceholderParser$ParsedValue.resolve(PlaceholderParser.java:416)
	at org.springframework.util.PlaceholderParser.replacePlaceholders(PlaceholderParser.java:128)
	at org.springframework.util.PropertyPlaceholderHelper.parseStringValue(PropertyPlaceholderHelper.java:118)
	at org.springframework.util.PropertyPlaceholderHelper.replacePlaceholders(PropertyPlaceholderHelper.java:114)
	at org.springframework.core.env.AbstractPropertyResolver.doResolvePlaceholders(AbstractPropertyResolver.java:255)
	at org.springframework.core.env.AbstractPropertyResolver.resolveRequiredPlaceholders(AbstractPropertyResolver.java:226)
	at org.springframework.context.support.PropertySourcesPlaceholderConfigurer.lambda$processProperties$0(PropertySourcesPlaceholderConfigurer.java:201)
	at org.springframework.beans.factory.support.AbstractBeanFactory.resolveEmbeddedValue(AbstractBeanFactory.java:963)
	at org.springframework.beans.factory.support.DefaultListableBeanFactory.doResolveDependency(DefaultListableBeanFactory.java:1536)
	at org.springframework.beans.factory.support.DefaultListableBeanFactory.resolveDependency(DefaultListableBeanFactory.java:1514)
	at org.springframework.beans.factory.annotation.AutowiredAnnotationBeanPostProcessor$AutowiredFieldElement.resolveFieldValue(AutowiredAnnotationBeanPostProcessor.java:785)
	at org.springframework.beans.factory.annotation.AutowiredAnnotationBeanPostProcessor$AutowiredFieldElement.inject(AutowiredAnnotationBeanPostProcessor.java:768)
	at org.springframework.beans.factory.annotation.InjectionMetadata.inject(InjectionMetadata.java:146)
	at org.springframework.beans.factory.annotation.AutowiredAnnotationBeanPostProcessor.postProcessProperties(AutowiredAnnotationBeanPostProcessor.java:509)
	... 19 common frames omitted
26-09-16 13:32:51.297 [background-preinit] INFO  o.h.validator.internal.util.Version - HV000001: Hibernate Validator 8.0.1.Final
26-09-16 13:32:51.370 [main] INFO  c.s.m.discodeit.DiscodeitApplication - Starting DiscodeitApplication using Java 17.0.19 with PID 5042 (/Users/jangjunseo/Desktop/codei_13th_develop/13-sprint-mission/build/classes/java/main started by jangjunseo in /Users/jangjunseo/Desktop/codei_13th_develop/13-sprint-mission)
26-09-16 13:32:51.372 [main] INFO  c.s.m.discodeit.DiscodeitApplication - The following 1 profile is active: "dev"
26-09-16 13:32:54.808 [main] INFO  o.s.d.r.c.RepositoryConfigurationDelegate - Bootstrapping Spring Data JPA repositories in DEFAULT mode.
26-09-16 13:32:54.984 [main] INFO  o.s.d.r.c.RepositoryConfigurationDelegate - Finished Spring Data repository scanning in 138 ms. Found 6 JPA repository interfaces.
26-09-16 13:32:56.800 [main] INFO  o.s.b.w.e.tomcat.TomcatWebServer - Tomcat initialized with port 8080 (http)
26-09-16 13:32:56.843 [main] INFO  o.a.coyote.http11.Http11NioProtocol - Initializing ProtocolHandler ["http-nio-8080"]
26-09-16 13:32:56.847 [main] INFO  o.a.catalina.core.StandardService - Starting service [Tomcat]
26-09-16 13:32:56.848 [main] INFO  o.a.catalina.core.StandardEngine - Starting Servlet engine: [Apache Tomcat/10.1.33]
26-09-16 13:32:57.371 [main] INFO  o.a.c.c.C.[Tomcat].[localhost].[/] - Initializing Spring embedded WebApplicationContext
26-09-16 13:32:57.373 [main] INFO  o.s.b.w.s.c.ServletWebServerApplicationContext - Root WebApplicationContext: initialization completed in 5944 ms
26-09-16 13:32:58.281 [main] INFO  com.zaxxer.hikari.HikariDataSource - HikariPool-1 - Starting...
26-09-16 13:32:59.219 [main] INFO  com.zaxxer.hikari.pool.HikariPool - HikariPool-1 - Added connection org.postgresql.jdbc.PgConnection@43ab9ae9
26-09-16 13:32:59.223 [main] INFO  com.zaxxer.hikari.HikariDataSource - HikariPool-1 - Start completed.
26-09-16 13:32:59.431 [main] INFO  o.h.jpa.internal.util.LogHelper - HHH000204: Processing PersistenceUnitInfo [name: default]
26-09-16 13:32:59.569 [main] INFO  org.hibernate.Version - HHH000412: Hibernate ORM core version 6.6.2.Final
26-09-16 13:32:59.646 [main] INFO  o.h.c.i.RegionFactoryInitiator - HHH000026: Second-level cache disabled
26-09-16 13:33:00.366 [main] INFO  o.s.o.j.p.SpringPersistenceUnitInfo - No LoadTimeWeaver setup: ignoring JPA class transformer
26-09-16 13:33:00.995 [main] INFO  o.hibernate.orm.connections.pooling - HHH10001005: Database info:
	Database JDBC URL [Connecting through datasource 'HikariDataSource (HikariPool-1)']
	Database driver: undefined/unknown
	Database version: 17.10
	Autocommit mode: undefined/unknown
	Isolation level: undefined/unknown
	Minimum pool size: undefined/unknown
	Maximum pool size: undefined/unknown
26-09-16 13:33:02.430 [main] INFO  o.h.e.t.j.p.i.JtaPlatformInitiator - HHH000489: No JTA platform available (set 'hibernate.transaction.jta.platform' to enable JTA platform integration)
26-09-16 13:33:02.557 [main] INFO  o.s.o.j.LocalContainerEntityManagerFactoryBean - Initialized JPA EntityManagerFactory for persistence unit 'default'
26-09-16 13:33:03.299 [main] WARN  o.s.b.w.s.c.AnnotationConfigServletWebServerApplicationContext - Exception encountered during context initialization - cancelling refresh attempt: org.springframework.beans.factory.BeanCreationException: Error creating bean with name 'adminInitializer': Injection of autowired dependencies failed
26-09-16 13:33:03.300 [main] INFO  o.s.o.j.LocalContainerEntityManagerFactoryBean - Closing JPA EntityManagerFactory for persistence unit 'default'
26-09-16 13:33:03.306 [main] INFO  com.zaxxer.hikari.HikariDataSource - HikariPool-1 - Shutdown initiated...
26-09-16 13:33:03.318 [main] INFO  com.zaxxer.hikari.HikariDataSource - HikariPool-1 - Shutdown completed.
26-09-16 13:33:03.323 [main] INFO  o.a.catalina.core.StandardService - Stopping service [Tomcat]
26-09-16 13:33:03.388 [main] INFO  o.s.b.a.l.ConditionEvaluationReportLogger - 

Error starting ApplicationContext. To display the condition evaluation report re-run your application with 'debug' enabled.
26-09-16 13:33:03.428 [main] ERROR o.s.boot.SpringApplication - Application run failed
org.springframework.beans.factory.BeanCreationException: Error creating bean with name 'adminInitializer': Injection of autowired dependencies failed
	at org.springframework.beans.factory.annotation.AutowiredAnnotationBeanPostProcessor.postProcessProperties(AutowiredAnnotationBeanPostProcessor.java:515)
	at org.springframework.beans.factory.support.AbstractAutowireCapableBeanFactory.populateBean(AbstractAutowireCapableBeanFactory.java:1435)
	at org.springframework.beans.factory.support.AbstractAutowireCapableBeanFactory.doCreateBean(AbstractAutowireCapableBeanFactory.java:600)
	at org.springframework.beans.factory.support.AbstractAutowireCapableBeanFactory.createBean(AbstractAutowireCapableBeanFactory.java:523)
	at org.springframework.beans.factory.support.AbstractBeanFactory.lambda$doGetBean$0(AbstractBeanFactory.java:336)
	at org.springframework.beans.factory.support.DefaultSingletonBeanRegistry.getSingleton(DefaultSingletonBeanRegistry.java:288)
	at org.springframework.beans.factory.support.AbstractBeanFactory.doGetBean(AbstractBeanFactory.java:334)
	at org.springframework.beans.factory.support.AbstractBeanFactory.getBean(AbstractBeanFactory.java:199)
	at org.springframework.beans.factory.support.DefaultListableBeanFactory.instantiateSingleton(DefaultListableBeanFactory.java:1122)
	at org.springframework.beans.factory.support.DefaultListableBeanFactory.preInstantiateSingleton(DefaultListableBeanFactory.java:1093)
	at org.springframework.beans.factory.support.DefaultListableBeanFactory.preInstantiateSingletons(DefaultListableBeanFactory.java:1030)
	at org.springframework.context.support.AbstractApplicationContext.finishBeanFactoryInitialization(AbstractApplicationContext.java:987)
	at org.springframework.context.support.AbstractApplicationContext.refresh(AbstractApplicationContext.java:627)
	at org.springframework.boot.web.servlet.context.ServletWebServerApplicationContext.refresh(ServletWebServerApplicationContext.java:146)
	at org.springframework.boot.SpringApplication.refresh(SpringApplication.java:752)
	at org.springframework.boot.SpringApplication.refreshContext(SpringApplication.java:439)
	at org.springframework.boot.SpringApplication.run(SpringApplication.java:318)
	at org.springframework.boot.SpringApplication.run(SpringApplication.java:1361)
	at org.springframework.boot.SpringApplication.run(SpringApplication.java:1350)
	at com.sprint.mission.discodeit.DiscodeitApplication.main(DiscodeitApplication.java:11)
Caused by: org.springframework.util.PlaceholderResolutionException: Could not resolve placeholder 'ADMIN_EMAIL' in value "${ADMIN_EMAIL}" <-- "${discodeit.admin.email}"
	at org.springframework.util.PlaceholderResolutionException.withValue(PlaceholderResolutionException.java:81)
	at org.springframework.util.PlaceholderParser$ParsedValue.resolve(PlaceholderParser.java:416)
	at org.springframework.util.PlaceholderParser.replacePlaceholders(PlaceholderParser.java:128)
	at org.springframework.util.PropertyPlaceholderHelper.parseStringValue(PropertyPlaceholderHelper.java:118)
	at org.springframework.util.PropertyPlaceholderHelper.replacePlaceholders(PropertyPlaceholderHelper.java:114)
	at org.springframework.core.env.AbstractPropertyResolver.doResolvePlaceholders(AbstractPropertyResolver.java:255)
	at org.springframework.core.env.AbstractPropertyResolver.resolveRequiredPlaceholders(AbstractPropertyResolver.java:226)
	at org.springframework.context.support.PropertySourcesPlaceholderConfigurer.lambda$processProperties$0(PropertySourcesPlaceholderConfigurer.java:201)
	at org.springframework.beans.factory.support.AbstractBeanFactory.resolveEmbeddedValue(AbstractBeanFactory.java:963)
	at org.springframework.beans.factory.support.DefaultListableBeanFactory.doResolveDependency(DefaultListableBeanFactory.java:1536)
	at org.springframework.beans.factory.support.DefaultListableBeanFactory.resolveDependency(DefaultListableBeanFactory.java:1514)
	at org.springframework.beans.factory.annotation.AutowiredAnnotationBeanPostProcessor$AutowiredFieldElement.resolveFieldValue(AutowiredAnnotationBeanPostProcessor.java:785)
	at org.springframework.beans.factory.annotation.AutowiredAnnotationBeanPostProcessor$AutowiredFieldElement.inject(AutowiredAnnotationBeanPostProcessor.java:768)
	at org.springframework.beans.factory.annotation.InjectionMetadata.inject(InjectionMetadata.java:146)
	at org.springframework.beans.factory.annotation.AutowiredAnnotationBeanPostProcessor.postProcessProperties(AutowiredAnnotationBeanPostProcessor.java:509)
	... 19 common frames omitted
26-09-16 13:33:14.430 [background-preinit] INFO  o.h.validator.internal.util.Version - HV000001: Hibernate Validator 8.0.1.Final
26-09-16 13:33:14.473 [main] INFO  c.s.m.discodeit.DiscodeitApplication - Starting DiscodeitApplication using Java 17.0.19 with PID 5075 (/Users/jangjunseo/Desktop/codei_13th_develop/13-sprint-mission/build/classes/java/main started by jangjunseo in /Users/jangjunseo/Desktop/codei_13th_develop/13-sprint-mission)
26-09-16 13:33:14.474 [main] INFO  c.s.m.discodeit.DiscodeitApplication - The following 1 profile is active: "dev"
26-09-16 13:33:15.448 [main] INFO  o.s.d.r.c.RepositoryConfigurationDelegate - Bootstrapping Spring Data JPA repositories in DEFAULT mode.
26-09-16 13:33:15.505 [main] INFO  o.s.d.r.c.RepositoryConfigurationDelegate - Finished Spring Data repository scanning in 50 ms. Found 6 JPA repository interfaces.
26-09-16 13:33:16.177 [main] INFO  o.s.b.w.e.tomcat.TomcatWebServer - Tomcat initialized with port 8080 (http)
26-09-16 13:33:16.199 [main] INFO  o.a.coyote.http11.Http11NioProtocol - Initializing ProtocolHandler ["http-nio-8080"]
26-09-16 13:33:16.201 [main] INFO  o.a.catalina.core.StandardService - Starting service [Tomcat]
26-09-16 13:33:16.202 [main] INFO  o.a.catalina.core.StandardEngine - Starting Servlet engine: [Apache Tomcat/10.1.33]
26-09-16 13:33:16.285 [main] INFO  o.a.c.c.C.[Tomcat].[localhost].[/] - Initializing Spring embedded WebApplicationContext
26-09-16 13:33:16.285 [main] INFO  o.s.b.w.s.c.ServletWebServerApplicationContext - Root WebApplicationContext: initialization completed in 1783 ms
26-09-16 13:33:16.509 [main] INFO  com.zaxxer.hikari.HikariDataSource - HikariPool-1 - Starting...
26-09-16 13:33:16.598 [main] INFO  com.zaxxer.hikari.pool.HikariPool - HikariPool-1 - Added connection org.postgresql.jdbc.PgConnection@77cd235b
26-09-16 13:33:16.598 [main] INFO  com.zaxxer.hikari.HikariDataSource - HikariPool-1 - Start completed.
26-09-16 13:33:16.666 [main] INFO  o.h.jpa.internal.util.LogHelper - HHH000204: Processing PersistenceUnitInfo [name: default]
26-09-16 13:33:16.720 [main] INFO  org.hibernate.Version - HHH000412: Hibernate ORM core version 6.6.2.Final
26-09-16 13:33:16.753 [main] INFO  o.h.c.i.RegionFactoryInitiator - HHH000026: Second-level cache disabled
26-09-16 13:33:17.000 [main] INFO  o.s.o.j.p.SpringPersistenceUnitInfo - No LoadTimeWeaver setup: ignoring JPA class transformer
26-09-16 13:33:17.077 [main] INFO  o.hibernate.orm.connections.pooling - HHH10001005: Database info:
	Database JDBC URL [Connecting through datasource 'HikariDataSource (HikariPool-1)']
	Database driver: undefined/unknown
	Database version: 17.10
	Autocommit mode: undefined/unknown
	Isolation level: undefined/unknown
	Minimum pool size: undefined/unknown
	Maximum pool size: undefined/unknown
26-09-16 13:33:17.830 [main] INFO  o.h.e.t.j.p.i.JtaPlatformInitiator - HHH000489: No JTA platform available (set 'hibernate.transaction.jta.platform' to enable JTA platform integration)
26-09-16 13:33:17.874 [main] INFO  o.s.o.j.LocalContainerEntityManagerFactoryBean - Initialized JPA EntityManagerFactory for persistence unit 'default'
26-09-16 13:33:18.461 [main] TRACE o.s.s.c.a.a.c.AuthenticationConfiguration$EnableGlobalAuthenticationAutowiredConfigurer - Eagerly initializing {securityConfig=com.sprint.mission.discodeit.config.SecurityConfig$$SpringCGLIB$$0@25a81f28}
26-09-16 13:33:18.467 [main] INFO  o.s.s.c.a.a.c.InitializeUserDetailsBeanManagerConfigurer$InitializeUserDetailsManagerConfigurer - Global AuthenticationManager configured with UserDetailsService bean with name discodeitUserDetailsService
26-09-16 13:33:18.540 [main] INFO  o.s.b.a.w.s.WelcomePageHandlerMapping - Adding welcome page: class path resource [static/index.html]
26-09-16 13:33:18.788 [main] INFO  o.s.b.a.e.web.EndpointLinksResolver - Exposing 4 endpoints beneath base path '/actuator'
26-09-16 13:33:18.842 [main] DEBUG o.s.s.web.DefaultSecurityFilterChain - Will secure any request with filters: DisableEncodeUrlFilter, WebAsyncManagerIntegrationFilter, SecurityContextHolderFilter, HeaderWriterFilter, CsrfFilter, LogoutFilter, UsernamePasswordAuthenticationFilter, DefaultResourcesFilter, DefaultLoginPageGeneratingFilter, DefaultLogoutPageGeneratingFilter, RequestCacheAwareFilter, SecurityContextHolderAwareRequestFilter, AnonymousAuthenticationFilter, ExceptionTranslationFilter
26-09-16 13:33:19.265 [main] INFO  o.a.coyote.http11.Http11NioProtocol - Starting ProtocolHandler ["http-nio-8080"]
26-09-16 13:33:19.276 [main] INFO  o.s.b.w.e.tomcat.TomcatWebServer - Tomcat started on port 8080 (http) with context path '/'
26-09-16 13:33:19.290 [main] INFO  c.s.m.discodeit.DiscodeitApplication - Started DiscodeitApplication in 5.436 seconds (process running for 6.493)
26-09-16 13:33:19.329 [main] INFO  o.s.b.a.l.ConditionEvaluationReportLogger - 

Error starting ApplicationContext. To display the condition evaluation report re-run your application with 'debug' enabled.
26-09-16 13:33:19.341 [main] ERROR o.s.boot.SpringApplication - Application run failed
org.springframework.orm.jpa.JpaSystemException: Specified result type [boolean] did not match Query selection type [com.sprint.mission.discodeit.entity.User] - multiple selections: use Tuple or array
	at org.springframework.orm.jpa.vendor.HibernateJpaDialect.convertHibernateAccessException(HibernateJpaDialect.java:341)
	at org.springframework.orm.jpa.vendor.HibernateJpaDialect.translateExceptionIfPossible(HibernateJpaDialect.java:241)
	at org.springframework.orm.jpa.AbstractEntityManagerFactoryBean.translateExceptionIfPossible(AbstractEntityManagerFactoryBean.java:560)
	at org.springframework.dao.support.ChainedPersistenceExceptionTranslator.translateExceptionIfPossible(ChainedPersistenceExceptionTranslator.java:61)
	at org.springframework.dao.support.DataAccessUtils.translateIfNecessary(DataAccessUtils.java:343)
	at org.springframework.dao.support.PersistenceExceptionTranslationInterceptor.invoke(PersistenceExceptionTranslationInterceptor.java:160)
	at org.springframework.aop.framework.ReflectiveMethodInvocation.proceed(ReflectiveMethodInvocation.java:184)
	at org.springframework.data.jpa.repository.support.CrudMethodMetadataPostProcessor$CrudMethodMetadataPopulatingMethodInterceptor.invoke(CrudMethodMetadataPostProcessor.java:136)
	at org.springframework.aop.framework.ReflectiveMethodInvocation.proceed(ReflectiveMethodInvocation.java:184)
	at org.springframework.aop.framework.JdkDynamicAopProxy.invoke(JdkDynamicAopProxy.java:223)
	at jdk.proxy2/jdk.proxy2.$Proxy172.findByRole(Unknown Source)
	at com.sprint.mission.discodeit.config.AdminInitializer.run(AdminInitializer.java:27)
	at org.springframework.boot.SpringApplication.lambda$callRunner$5(SpringApplication.java:788)
	at org.springframework.util.function.ThrowingConsumer$1.acceptWithException(ThrowingConsumer.java:82)
	at org.springframework.util.function.ThrowingConsumer.accept(ThrowingConsumer.java:60)
	at org.springframework.util.function.ThrowingConsumer$1.accept(ThrowingConsumer.java:86)
	at org.springframework.boot.SpringApplication.callRunner(SpringApplication.java:796)
	at org.springframework.boot.SpringApplication.callRunner(SpringApplication.java:787)
	at org.springframework.boot.SpringApplication.lambda$callRunners$3(SpringApplication.java:772)
	at java.base/java.util.stream.ForEachOps$ForEachOp$OfRef.accept(ForEachOps.java:183)
	at java.base/java.util.stream.SortedOps$SizedRefSortingSink.end(SortedOps.java:357)
	at java.base/java.util.stream.AbstractPipeline.copyInto(AbstractPipeline.java:510)
	at java.base/java.util.stream.AbstractPipeline.wrapAndCopyInto(AbstractPipeline.java:499)
	at java.base/java.util.stream.ForEachOps$ForEachOp.evaluateSequential(ForEachOps.java:150)
	at java.base/java.util.stream.ForEachOps$ForEachOp$OfRef.evaluateSequential(ForEachOps.java:173)
	at java.base/java.util.stream.AbstractPipeline.evaluate(AbstractPipeline.java:234)
	at java.base/java.util.stream.ReferencePipeline.forEach(ReferencePipeline.java:596)
	at org.springframework.boot.SpringApplication.callRunners(SpringApplication.java:772)
	at org.springframework.boot.SpringApplication.run(SpringApplication.java:325)
	at org.springframework.boot.SpringApplication.run(SpringApplication.java:1361)
	at org.springframework.boot.SpringApplication.run(SpringApplication.java:1350)
	at com.sprint.mission.discodeit.DiscodeitApplication.main(DiscodeitApplication.java:11)
Caused by: org.hibernate.query.QueryTypeMismatchException: Specified result type [boolean] did not match Query selection type [com.sprint.mission.discodeit.entity.User] - multiple selections: use Tuple or array
	at org.hibernate.query.sqm.internal.SqmUtil.throwQueryTypeMismatchException(SqmUtil.java:1224)
	at org.hibernate.query.sqm.internal.SqmUtil.verifyResultType(SqmUtil.java:1161)
	at org.hibernate.query.sqm.internal.SqmUtil.verifySelectionType(SqmUtil.java:1111)
	at org.hibernate.query.sqm.internal.SqmUtil.verifySingularSelectionType(SqmUtil.java:1066)
	at org.hibernate.query.sqm.internal.SqmUtil.checkQueryReturnType(SqmUtil.java:1040)
	at org.hibernate.query.sqm.internal.SqmUtil.checkQueryReturnType(SqmUtil.java:1001)
	at org.hibernate.query.sqm.internal.SqmUtil.validateQueryReturnType(SqmUtil.java:992)
	at org.hibernate.query.sqm.tree.select.SqmSelectStatement.validateResultType(SqmSelectStatement.java:153)
	at org.hibernate.query.sqm.internal.QuerySqmImpl.<init>(QuerySqmImpl.java:240)
	at org.hibernate.internal.AbstractSharedSessionContract.createCriteriaQuery(AbstractSharedSessionContract.java:1480)
	at org.hibernate.internal.AbstractSharedSessionContract.createQuery(AbstractSharedSessionContract.java:1440)
	at org.hibernate.internal.AbstractSharedSessionContract.createQuery(AbstractSharedSessionContract.java:142)
	at java.base/jdk.internal.reflect.NativeMethodAccessorImpl.invoke0(Native Method)
	at java.base/jdk.internal.reflect.NativeMethodAccessorImpl.invoke(NativeMethodAccessorImpl.java:77)
	at java.base/jdk.internal.reflect.DelegatingMethodAccessorImpl.invoke(DelegatingMethodAccessorImpl.java:43)
	at java.base/java.lang.reflect.Method.invoke(Method.java:569)
	at org.springframework.orm.jpa.ExtendedEntityManagerCreator$ExtendedEntityManagerInvocationHandler.invoke(ExtendedEntityManagerCreator.java:364)
	at jdk.proxy2/jdk.proxy2.$Proxy167.createQuery(Unknown Source)
	at java.base/jdk.internal.reflect.NativeMethodAccessorImpl.invoke0(Native Method)
	at java.base/jdk.internal.reflect.NativeMethodAccessorImpl.invoke(NativeMethodAccessorImpl.java:77)
	at java.base/jdk.internal.reflect.DelegatingMethodAccessorImpl.invoke(DelegatingMethodAccessorImpl.java:43)
	at java.base/java.lang.reflect.Method.invoke(Method.java:569)
	at org.springframework.orm.jpa.SharedEntityManagerCreator$SharedEntityManagerInvocationHandler.invoke(SharedEntityManagerCreator.java:320)
	at jdk.proxy2/jdk.proxy2.$Proxy167.createQuery(Unknown Source)
	at org.springframework.data.jpa.repository.query.PartTreeJpaQuery$QueryPreparer.createQuery(PartTreeJpaQuery.java:304)
	at org.springframework.data.jpa.repository.query.PartTreeJpaQuery$QueryPreparer.createQuery(PartTreeJpaQuery.java:248)
	at org.springframework.data.jpa.repository.query.PartTreeJpaQuery.doCreateQuery(PartTreeJpaQuery.java:114)
	at org.springframework.data.jpa.repository.query.AbstractJpaQuery.createQuery(AbstractJpaQuery.java:243)
	at org.springframework.data.jpa.repository.query.JpaQueryExecution$SingleEntityExecution.doExecute(JpaQueryExecution.java:224)
	at org.springframework.data.jpa.repository.query.JpaQueryExecution.execute(JpaQueryExecution.java:93)
	at org.springframework.data.jpa.repository.query.AbstractJpaQuery.doExecute(AbstractJpaQuery.java:152)
	at org.springframework.data.jpa.repository.query.AbstractJpaQuery.execute(AbstractJpaQuery.java:140)
	at org.springframework.data.repository.core.support.RepositoryMethodInvoker.doInvoke(RepositoryMethodInvoker.java:170)
	at org.springframework.data.repository.core.support.RepositoryMethodInvoker.invoke(RepositoryMethodInvoker.java:158)
	at org.springframework.data.repository.core.support.QueryExecutorMethodInterceptor.doInvoke(QueryExecutorMethodInterceptor.java:170)
	at org.springframework.data.repository.core.support.QueryExecutorMethodInterceptor.invoke(QueryExecutorMethodInterceptor.java:149)
	at org.springframework.aop.framework.ReflectiveMethodInvocation.proceed(ReflectiveMethodInvocation.java:184)
	at org.springframework.data.projection.DefaultMethodInvokingMethodInterceptor.invoke(DefaultMethodInvokingMethodInterceptor.java:69)
	at org.springframework.aop.framework.ReflectiveMethodInvocation.proceed(ReflectiveMethodInvocation.java:184)
	at org.springframework.transaction.interceptor.TransactionAspectSupport.invokeWithinTransaction(TransactionAspectSupport.java:380)
	at org.springframework.transaction.interceptor.TransactionInterceptor.invoke(TransactionInterceptor.java:119)
	at org.springframework.aop.framework.ReflectiveMethodInvocation.proceed(ReflectiveMethodInvocation.java:184)
	at org.springframework.dao.support.PersistenceExceptionTranslationInterceptor.invoke(PersistenceExceptionTranslationInterceptor.java:138)
	... 26 common frames omitted
26-09-16 13:33:19.345 [main] INFO  o.s.b.w.e.tomcat.GracefulShutdown - Commencing graceful shutdown. Waiting for active requests to complete
26-09-16 13:33:19.351 [tomcat-shutdown] INFO  o.s.b.w.e.tomcat.GracefulShutdown - Graceful shutdown complete
26-09-16 13:33:19.360 [main] INFO  o.s.o.j.LocalContainerEntityManagerFactoryBean - Closing JPA EntityManagerFactory for persistence unit 'default'
26-09-16 13:33:19.364 [main] INFO  com.zaxxer.hikari.HikariDataSource - HikariPool-1 - Shutdown initiated...
26-09-16 13:33:19.369 [main] INFO  com.zaxxer.hikari.HikariDataSource - HikariPool-1 - Shutdown completed.
26-09-16 13:37:23.505 [background-preinit] INFO  o.h.validator.internal.util.Version - HV000001: Hibernate Validator 8.0.1.Final
26-09-16 13:37:23.555 [main] INFO  c.s.m.discodeit.DiscodeitApplication - Starting DiscodeitApplication using Java 17.0.19 with PID 5203 (/Users/jangjunseo/Desktop/codei_13th_develop/13-sprint-mission/build/classes/java/main started by jangjunseo in /Users/jangjunseo/Desktop/codei_13th_develop/13-sprint-mission)
26-09-16 13:37:23.556 [main] INFO  c.s.m.discodeit.DiscodeitApplication - The following 1 profile is active: "dev"
26-09-16 13:37:24.388 [main] INFO  o.s.d.r.c.RepositoryConfigurationDelegate - Bootstrapping Spring Data JPA repositories in DEFAULT mode.
26-09-16 13:37:24.438 [main] INFO  o.s.d.r.c.RepositoryConfigurationDelegate - Finished Spring Data repository scanning in 42 ms. Found 6 JPA repository interfaces.
26-09-16 13:37:25.078 [main] INFO  o.s.b.w.e.tomcat.TomcatWebServer - Tomcat initialized with port 8080 (http)
26-09-16 13:37:25.091 [main] INFO  o.a.coyote.http11.Http11NioProtocol - Initializing ProtocolHandler ["http-nio-8080"]
26-09-16 13:37:25.095 [main] INFO  o.a.catalina.core.StandardService - Starting service [Tomcat]
26-09-16 13:37:25.095 [main] INFO  o.a.catalina.core.StandardEngine - Starting Servlet engine: [Apache Tomcat/10.1.33]
26-09-16 13:37:25.150 [main] INFO  o.a.c.c.C.[Tomcat].[localhost].[/] - Initializing Spring embedded WebApplicationContext
26-09-16 13:37:25.151 [main] INFO  o.s.b.w.s.c.ServletWebServerApplicationContext - Root WebApplicationContext: initialization completed in 1570 ms
26-09-16 13:37:25.344 [main] INFO  com.zaxxer.hikari.HikariDataSource - HikariPool-1 - Starting...
26-09-16 13:37:25.615 [main] INFO  com.zaxxer.hikari.pool.HikariPool - HikariPool-1 - Added connection org.postgresql.jdbc.PgConnection@63c84d31
26-09-16 13:37:25.616 [main] INFO  com.zaxxer.hikari.HikariDataSource - HikariPool-1 - Start completed.
26-09-16 13:37:25.696 [main] INFO  o.h.jpa.internal.util.LogHelper - HHH000204: Processing PersistenceUnitInfo [name: default]
26-09-16 13:37:25.746 [main] INFO  org.hibernate.Version - HHH000412: Hibernate ORM core version 6.6.2.Final
26-09-16 13:37:25.770 [main] INFO  o.h.c.i.RegionFactoryInitiator - HHH000026: Second-level cache disabled
26-09-16 13:37:25.980 [main] INFO  o.s.o.j.p.SpringPersistenceUnitInfo - No LoadTimeWeaver setup: ignoring JPA class transformer
26-09-16 13:37:26.082 [main] INFO  o.hibernate.orm.connections.pooling - HHH10001005: Database info:
	Database JDBC URL [Connecting through datasource 'HikariDataSource (HikariPool-1)']
	Database driver: undefined/unknown
	Database version: 17.10
	Autocommit mode: undefined/unknown
	Isolation level: undefined/unknown
	Minimum pool size: undefined/unknown
	Maximum pool size: undefined/unknown
26-09-16 13:37:26.736 [main] INFO  o.h.e.t.j.p.i.JtaPlatformInitiator - HHH000489: No JTA platform available (set 'hibernate.transaction.jta.platform' to enable JTA platform integration)
26-09-16 13:37:26.777 [main] INFO  o.s.o.j.LocalContainerEntityManagerFactoryBean - Initialized JPA EntityManagerFactory for persistence unit 'default'
26-09-16 13:37:27.001 [main] WARN  o.s.b.w.s.c.AnnotationConfigServletWebServerApplicationContext - Exception encountered during context initialization - cancelling refresh attempt: org.springframework.beans.factory.UnsatisfiedDependencyException: Error creating bean with name 'adminInitializer' defined in file [/Users/jangjunseo/Desktop/codei_13th_develop/13-sprint-mission/build/classes/java/main/com/sprint/mission/discodeit/config/AdminInitializer.class]: Unsatisfied dependency expressed through constructor parameter 0: Error creating bean with name 'userRepository' defined in com.sprint.mission.discodeit.repository.UserRepository defined in @EnableJpaRepositories declared on JpaRepositoriesRegistrar.EnableJpaRepositoriesConfiguration: Could not create query for public abstract boolean com.sprint.mission.discodeit.repository.UserRepository.existsBy(com.sprint.mission.discodeit.entity.Role); Reason: Failed to create query for method public abstract boolean com.sprint.mission.discodeit.repository.UserRepository.existsBy(com.sprint.mission.discodeit.entity.Role); At least 1 parameter(s) provided but only 0 parameter(s) present in query
26-09-16 13:37:27.002 [main] INFO  o.s.o.j.LocalContainerEntityManagerFactoryBean - Closing JPA EntityManagerFactory for persistence unit 'default'
26-09-16 13:37:27.004 [main] INFO  com.zaxxer.hikari.HikariDataSource - HikariPool-1 - Shutdown initiated...
26-09-16 13:37:27.007 [main] INFO  com.zaxxer.hikari.HikariDataSource - HikariPool-1 - Shutdown completed.
26-09-16 13:37:27.008 [main] INFO  o.a.catalina.core.StandardService - Stopping service [Tomcat]
26-09-16 13:37:27.025 [main] INFO  o.s.b.a.l.ConditionEvaluationReportLogger - 

Error starting ApplicationContext. To display the condition evaluation report re-run your application with 'debug' enabled.
26-09-16 13:37:27.035 [main] ERROR o.s.boot.SpringApplication - Application run failed
org.springframework.beans.factory.UnsatisfiedDependencyException: Error creating bean with name 'adminInitializer' defined in file [/Users/jangjunseo/Desktop/codei_13th_develop/13-sprint-mission/build/classes/java/main/com/sprint/mission/discodeit/config/AdminInitializer.class]: Unsatisfied dependency expressed through constructor parameter 0: Error creating bean with name 'userRepository' defined in com.sprint.mission.discodeit.repository.UserRepository defined in @EnableJpaRepositories declared on JpaRepositoriesRegistrar.EnableJpaRepositoriesConfiguration: Could not create query for public abstract boolean com.sprint.mission.discodeit.repository.UserRepository.existsBy(com.sprint.mission.discodeit.entity.Role); Reason: Failed to create query for method public abstract boolean com.sprint.mission.discodeit.repository.UserRepository.existsBy(com.sprint.mission.discodeit.entity.Role); At least 1 parameter(s) provided but only 0 parameter(s) present in query
	at org.springframework.beans.factory.support.ConstructorResolver.createArgumentArray(ConstructorResolver.java:804)
	at org.springframework.beans.factory.support.ConstructorResolver.autowireConstructor(ConstructorResolver.java:240)
	at org.springframework.beans.factory.support.AbstractAutowireCapableBeanFactory.autowireConstructor(AbstractAutowireCapableBeanFactory.java:1371)
	at org.springframework.beans.factory.support.AbstractAutowireCapableBeanFactory.createBeanInstance(AbstractAutowireCapableBeanFactory.java:1208)
	at org.springframework.beans.factory.support.AbstractAutowireCapableBeanFactory.doCreateBean(AbstractAutowireCapableBeanFactory.java:563)
	at org.springframework.beans.factory.support.AbstractAutowireCapableBeanFactory.createBean(AbstractAutowireCapableBeanFactory.java:523)
	at org.springframework.beans.factory.support.AbstractBeanFactory.lambda$doGetBean$0(AbstractBeanFactory.java:336)
	at org.springframework.beans.factory.support.DefaultSingletonBeanRegistry.getSingleton(DefaultSingletonBeanRegistry.java:288)
	at org.springframework.beans.factory.support.AbstractBeanFactory.doGetBean(AbstractBeanFactory.java:334)
	at org.springframework.beans.factory.support.AbstractBeanFactory.getBean(AbstractBeanFactory.java:199)
	at org.springframework.beans.factory.support.DefaultListableBeanFactory.instantiateSingleton(DefaultListableBeanFactory.java:1122)
	at org.springframework.beans.factory.support.DefaultListableBeanFactory.preInstantiateSingleton(DefaultListableBeanFactory.java:1093)
	at org.springframework.beans.factory.support.DefaultListableBeanFactory.preInstantiateSingletons(DefaultListableBeanFactory.java:1030)
	at org.springframework.context.support.AbstractApplicationContext.finishBeanFactoryInitialization(AbstractApplicationContext.java:987)
	at org.springframework.context.support.AbstractApplicationContext.refresh(AbstractApplicationContext.java:627)
	at org.springframework.boot.web.servlet.context.ServletWebServerApplicationContext.refresh(ServletWebServerApplicationContext.java:146)
	at org.springframework.boot.SpringApplication.refresh(SpringApplication.java:752)
	at org.springframework.boot.SpringApplication.refreshContext(SpringApplication.java:439)
	at org.springframework.boot.SpringApplication.run(SpringApplication.java:318)
	at org.springframework.boot.SpringApplication.run(SpringApplication.java:1361)
	at org.springframework.boot.SpringApplication.run(SpringApplication.java:1350)
	at com.sprint.mission.discodeit.DiscodeitApplication.main(DiscodeitApplication.java:11)
Caused by: org.springframework.beans.factory.BeanCreationException: Error creating bean with name 'userRepository' defined in com.sprint.mission.discodeit.repository.UserRepository defined in @EnableJpaRepositories declared on JpaRepositoriesRegistrar.EnableJpaRepositoriesConfiguration: Could not create query for public abstract boolean com.sprint.mission.discodeit.repository.UserRepository.existsBy(com.sprint.mission.discodeit.entity.Role); Reason: Failed to create query for method public abstract boolean com.sprint.mission.discodeit.repository.UserRepository.existsBy(com.sprint.mission.discodeit.entity.Role); At least 1 parameter(s) provided but only 0 parameter(s) present in query
	at org.springframework.beans.factory.support.AbstractAutowireCapableBeanFactory.initializeBean(AbstractAutowireCapableBeanFactory.java:1802)
	at org.springframework.beans.factory.support.AbstractAutowireCapableBeanFactory.doCreateBean(AbstractAutowireCapableBeanFactory.java:601)
	at org.springframework.beans.factory.support.AbstractAutowireCapableBeanFactory.createBean(AbstractAutowireCapableBeanFactory.java:523)
	at org.springframework.beans.factory.support.AbstractBeanFactory.lambda$doGetBean$0(AbstractBeanFactory.java:336)
	at org.springframework.beans.factory.support.DefaultSingletonBeanRegistry.getSingleton(DefaultSingletonBeanRegistry.java:288)
	at org.springframework.beans.factory.support.AbstractBeanFactory.doGetBean(AbstractBeanFactory.java:334)
	at org.springframework.beans.factory.support.AbstractBeanFactory.getBean(AbstractBeanFactory.java:199)
	at org.springframework.beans.factory.support.DefaultListableBeanFactory.doResolveDependency(DefaultListableBeanFactory.java:1568)
	at org.springframework.beans.factory.support.DefaultListableBeanFactory.resolveDependency(DefaultListableBeanFactory.java:1514)
	at org.springframework.beans.factory.support.ConstructorResolver.resolveAutowiredArgument(ConstructorResolver.java:913)
	at org.springframework.beans.factory.support.ConstructorResolver.createArgumentArray(ConstructorResolver.java:791)
	... 21 common frames omitted
Caused by: org.springframework.data.repository.query.QueryCreationException: Could not create query for public abstract boolean com.sprint.mission.discodeit.repository.UserRepository.existsBy(com.sprint.mission.discodeit.entity.Role); Reason: Failed to create query for method public abstract boolean com.sprint.mission.discodeit.repository.UserRepository.existsBy(com.sprint.mission.discodeit.entity.Role); At least 1 parameter(s) provided but only 0 parameter(s) present in query
	at org.springframework.data.repository.query.QueryCreationException.create(QueryCreationException.java:101)
	at org.springframework.data.repository.core.support.QueryExecutorMethodInterceptor.lookupQuery(QueryExecutorMethodInterceptor.java:120)
	at org.springframework.data.repository.core.support.QueryExecutorMethodInterceptor.mapMethodsToQuery(QueryExecutorMethodInterceptor.java:104)
	at org.springframework.data.repository.core.support.QueryExecutorMethodInterceptor.lambda$new$0(QueryExecutorMethodInterceptor.java:92)
	at java.base/java.util.Optional.map(Optional.java:260)
	at org.springframework.data.repository.core.support.QueryExecutorMethodInterceptor.<init>(QueryExecutorMethodInterceptor.java:92)
	at org.springframework.data.repository.core.support.RepositoryFactorySupport.getRepository(RepositoryFactorySupport.java:440)
	at org.springframework.data.repository.core.support.RepositoryFactoryBeanSupport.lambda$afterPropertiesSet$4(RepositoryFactoryBeanSupport.java:350)
	at org.springframework.data.util.Lazy.getNullable(Lazy.java:135)
	at org.springframework.data.util.Lazy.get(Lazy.java:113)
	at org.springframework.data.repository.core.support.RepositoryFactoryBeanSupport.afterPropertiesSet(RepositoryFactoryBeanSupport.java:356)
	at org.springframework.data.jpa.repository.support.JpaRepositoryFactoryBean.afterPropertiesSet(JpaRepositoryFactoryBean.java:132)
	at org.springframework.beans.factory.support.AbstractAutowireCapableBeanFactory.invokeInitMethods(AbstractAutowireCapableBeanFactory.java:1849)
	at org.springframework.beans.factory.support.AbstractAutowireCapableBeanFactory.initializeBean(AbstractAutowireCapableBeanFactory.java:1798)
	... 31 common frames omitted
Caused by: java.lang.IllegalArgumentException: Failed to create query for method public abstract boolean com.sprint.mission.discodeit.repository.UserRepository.existsBy(com.sprint.mission.discodeit.entity.Role); At least 1 parameter(s) provided but only 0 parameter(s) present in query
	at org.springframework.data.jpa.repository.query.PartTreeJpaQuery.<init>(PartTreeJpaQuery.java:107)
	at org.springframework.data.jpa.repository.query.JpaQueryLookupStrategy$CreateQueryLookupStrategy.resolveQuery(JpaQueryLookupStrategy.java:128)
	at org.springframework.data.jpa.repository.query.JpaQueryLookupStrategy$CreateIfNotFoundQueryLookupStrategy.resolveQuery(JpaQueryLookupStrategy.java:262)
	at org.springframework.data.jpa.repository.query.JpaQueryLookupStrategy$AbstractQueryLookupStrategy.resolveQuery(JpaQueryLookupStrategy.java:99)
	at org.springframework.data.repository.core.support.QueryExecutorMethodInterceptor.lookupQuery(QueryExecutorMethodInterceptor.java:116)
	... 43 common frames omitted
Caused by: java.lang.IllegalArgumentException: At least 1 parameter(s) provided but only 0 parameter(s) present in query
	at org.springframework.util.Assert.isTrue(Assert.java:135)
	at org.springframework.data.jpa.repository.query.QueryParameterSetterFactory$CriteriaQueryParameterSetterFactory.create(QueryParameterSetterFactory.java:291)
	at org.springframework.data.jpa.repository.query.ParameterBinderFactory.createQueryParameterSetter(ParameterBinderFactory.java:146)
	at org.springframework.data.jpa.repository.query.ParameterBinderFactory.createSetters(ParameterBinderFactory.java:135)
	at org.springframework.data.jpa.repository.query.ParameterBinderFactory.createSetters(ParameterBinderFactory.java:127)
	at org.springframework.data.jpa.repository.query.ParameterBinderFactory.createCriteriaBinder(ParameterBinderFactory.java:73)
	at org.springframework.data.jpa.repository.query.PartTreeJpaQuery$QueryPreparer.getBinder(PartTreeJpaQuery.java:350)
	at org.springframework.data.jpa.repository.query.PartTreeJpaQuery$QueryPreparer.<init>(PartTreeJpaQuery.java:225)
	at org.springframework.data.jpa.repository.query.PartTreeJpaQuery$CountQueryPreparer.<init>(PartTreeJpaQuery.java:370)
	at org.springframework.data.jpa.repository.query.PartTreeJpaQuery.<init>(PartTreeJpaQuery.java:103)
	... 47 common frames omitted
26-09-16 13:38:09.049 [background-preinit] INFO  o.h.validator.internal.util.Version - HV000001: Hibernate Validator 8.0.1.Final
26-09-16 13:38:09.106 [main] INFO  c.s.m.discodeit.DiscodeitApplication - Starting DiscodeitApplication using Java 17.0.19 with PID 5244 (/Users/jangjunseo/Desktop/codei_13th_develop/13-sprint-mission/build/classes/java/main started by jangjunseo in /Users/jangjunseo/Desktop/codei_13th_develop/13-sprint-mission)
26-09-16 13:38:09.106 [main] INFO  c.s.m.discodeit.DiscodeitApplication - The following 1 profile is active: "dev"
26-09-16 13:38:09.956 [main] INFO  o.s.d.r.c.RepositoryConfigurationDelegate - Bootstrapping Spring Data JPA repositories in DEFAULT mode.
26-09-16 13:38:10.014 [main] INFO  o.s.d.r.c.RepositoryConfigurationDelegate - Finished Spring Data repository scanning in 49 ms. Found 6 JPA repository interfaces.
26-09-16 13:38:10.581 [main] INFO  o.s.b.w.e.tomcat.TomcatWebServer - Tomcat initialized with port 8080 (http)
26-09-16 13:38:10.588 [main] INFO  o.a.coyote.http11.Http11NioProtocol - Initializing ProtocolHandler ["http-nio-8080"]
26-09-16 13:38:10.589 [main] INFO  o.a.catalina.core.StandardService - Starting service [Tomcat]
26-09-16 13:38:10.590 [main] INFO  o.a.catalina.core.StandardEngine - Starting Servlet engine: [Apache Tomcat/10.1.33]
26-09-16 13:38:10.623 [main] INFO  o.a.c.c.C.[Tomcat].[localhost].[/] - Initializing Spring embedded WebApplicationContext
26-09-16 13:38:10.623 [main] INFO  o.s.b.w.s.c.ServletWebServerApplicationContext - Root WebApplicationContext: initialization completed in 1496 ms
26-09-16 13:38:10.789 [main] INFO  com.zaxxer.hikari.HikariDataSource - HikariPool-1 - Starting...
26-09-16 13:38:10.945 [main] INFO  com.zaxxer.hikari.pool.HikariPool - HikariPool-1 - Added connection org.postgresql.jdbc.PgConnection@6e794f53
26-09-16 13:38:10.946 [main] INFO  com.zaxxer.hikari.HikariDataSource - HikariPool-1 - Start completed.
26-09-16 13:38:11.017 [main] INFO  o.h.jpa.internal.util.LogHelper - HHH000204: Processing PersistenceUnitInfo [name: default]
26-09-16 13:38:11.065 [main] INFO  org.hibernate.Version - HHH000412: Hibernate ORM core version 6.6.2.Final
26-09-16 13:38:11.089 [main] INFO  o.h.c.i.RegionFactoryInitiator - HHH000026: Second-level cache disabled
26-09-16 13:38:11.279 [main] INFO  o.s.o.j.p.SpringPersistenceUnitInfo - No LoadTimeWeaver setup: ignoring JPA class transformer
26-09-16 13:38:11.365 [main] INFO  o.hibernate.orm.connections.pooling - HHH10001005: Database info:
	Database JDBC URL [Connecting through datasource 'HikariDataSource (HikariPool-1)']
	Database driver: undefined/unknown
	Database version: 17.10
	Autocommit mode: undefined/unknown
	Isolation level: undefined/unknown
	Minimum pool size: undefined/unknown
	Maximum pool size: undefined/unknown
26-09-16 13:38:11.993 [main] INFO  o.h.e.t.j.p.i.JtaPlatformInitiator - HHH000489: No JTA platform available (set 'hibernate.transaction.jta.platform' to enable JTA platform integration)
26-09-16 13:38:12.025 [main] INFO  o.s.o.j.LocalContainerEntityManagerFactoryBean - Initialized JPA EntityManagerFactory for persistence unit 'default'
26-09-16 13:38:12.548 [main] TRACE o.s.s.c.a.a.c.AuthenticationConfiguration$EnableGlobalAuthenticationAutowiredConfigurer - Eagerly initializing {securityConfig=com.sprint.mission.discodeit.config.SecurityConfig$$SpringCGLIB$$0@2fedaa2e}
26-09-16 13:38:12.552 [main] INFO  o.s.s.c.a.a.c.InitializeUserDetailsBeanManagerConfigurer$InitializeUserDetailsManagerConfigurer - Global AuthenticationManager configured with UserDetailsService bean with name discodeitUserDetailsService
26-09-16 13:38:12.618 [main] INFO  o.s.b.a.w.s.WelcomePageHandlerMapping - Adding welcome page: class path resource [static/index.html]
26-09-16 13:38:12.827 [main] INFO  o.s.b.a.e.web.EndpointLinksResolver - Exposing 4 endpoints beneath base path '/actuator'
26-09-16 13:38:12.871 [main] DEBUG o.s.s.web.DefaultSecurityFilterChain - Will secure any request with filters: DisableEncodeUrlFilter, WebAsyncManagerIntegrationFilter, SecurityContextHolderFilter, HeaderWriterFilter, CsrfFilter, LogoutFilter, UsernamePasswordAuthenticationFilter, DefaultResourcesFilter, DefaultLoginPageGeneratingFilter, DefaultLogoutPageGeneratingFilter, RequestCacheAwareFilter, SecurityContextHolderAwareRequestFilter, AnonymousAuthenticationFilter, ExceptionTranslationFilter
26-09-16 13:38:13.215 [main] INFO  o.a.coyote.http11.Http11NioProtocol - Starting ProtocolHandler ["http-nio-8080"]
26-09-16 13:38:13.230 [main] INFO  o.s.b.w.e.tomcat.TomcatWebServer - Tomcat started on port 8080 (http) with context path '/'
26-09-16 13:38:13.242 [main] INFO  c.s.m.discodeit.DiscodeitApplication - Started DiscodeitApplication in 4.649 seconds (process running for 5.631)
26-09-16 13:38:13.666 [RMI TCP Connection(3)-127.0.0.1] INFO  o.a.c.c.C.[Tomcat].[localhost].[/] - Initializing Spring DispatcherServlet 'dispatcherServlet'
26-09-16 13:38:13.666 [RMI TCP Connection(3)-127.0.0.1] INFO  o.s.web.servlet.DispatcherServlet - Initializing Servlet 'dispatcherServlet'
26-09-16 13:38:13.669 [RMI TCP Connection(3)-127.0.0.1] INFO  o.s.web.servlet.DispatcherServlet - Completed initialization in 2 ms
26-09-16 13:40:34.527 [SpringApplicationShutdownHook] INFO  o.s.b.w.e.tomcat.GracefulShutdown - Commencing graceful shutdown. Waiting for active requests to complete
26-09-16 13:40:34.581 [tomcat-shutdown] INFO  o.s.b.w.e.tomcat.GracefulShutdown - Graceful shutdown complete
26-09-16 13:40:34.630 [SpringApplicationShutdownHook] INFO  o.s.o.j.LocalContainerEntityManagerFactoryBean - Closing JPA EntityManagerFactory for persistence unit 'default'
26-09-16 13:40:34.638 [SpringApplicationShutdownHook] INFO  com.zaxxer.hikari.HikariDataSource - HikariPool-1 - Shutdown initiated...
26-09-16 13:40:34.644 [SpringApplicationShutdownHook] INFO  com.zaxxer.hikari.HikariDataSource - HikariPool-1 - Shutdown completed.
26-09-16 13:41:12.359 [background-preinit] INFO  o.h.validator.internal.util.Version - HV000001: Hibernate Validator 8.0.1.Final
26-09-16 13:41:12.424 [main] INFO  c.s.m.discodeit.DiscodeitApplication - Starting DiscodeitApplication using Java 17.0.19 with PID 5326 (/Users/jangjunseo/Desktop/codei_13th_develop/13-sprint-mission/build/classes/java/main started by jangjunseo in /Users/jangjunseo/Desktop/codei_13th_develop/13-sprint-mission)
26-09-16 13:41:12.425 [main] INFO  c.s.m.discodeit.DiscodeitApplication - The following 1 profile is active: "dev"
26-09-16 13:41:13.232 [main] INFO  o.s.d.r.c.RepositoryConfigurationDelegate - Bootstrapping Spring Data JPA repositories in DEFAULT mode.
26-09-16 13:41:13.282 [main] INFO  o.s.d.r.c.RepositoryConfigurationDelegate - Finished Spring Data repository scanning in 43 ms. Found 6 JPA repository interfaces.
26-09-16 13:41:13.816 [main] INFO  o.s.b.w.e.tomcat.TomcatWebServer - Tomcat initialized with port 8080 (http)
26-09-16 13:41:13.824 [main] INFO  o.a.coyote.http11.Http11NioProtocol - Initializing ProtocolHandler ["http-nio-8080"]
26-09-16 13:41:13.825 [main] INFO  o.a.catalina.core.StandardService - Starting service [Tomcat]
26-09-16 13:41:13.825 [main] INFO  o.a.catalina.core.StandardEngine - Starting Servlet engine: [Apache Tomcat/10.1.33]
26-09-16 13:41:13.858 [main] INFO  o.a.c.c.C.[Tomcat].[localhost].[/] - Initializing Spring embedded WebApplicationContext
26-09-16 13:41:13.859 [main] INFO  o.s.b.w.s.c.ServletWebServerApplicationContext - Root WebApplicationContext: initialization completed in 1407 ms
26-09-16 13:41:14.026 [main] INFO  com.zaxxer.hikari.HikariDataSource - HikariPool-1 - Starting...
26-09-16 13:41:14.124 [main] INFO  com.zaxxer.hikari.pool.HikariPool - HikariPool-1 - Added connection org.postgresql.jdbc.PgConnection@3c743d40
26-09-16 13:41:14.125 [main] INFO  com.zaxxer.hikari.HikariDataSource - HikariPool-1 - Start completed.
26-09-16 13:41:14.184 [main] INFO  o.h.jpa.internal.util.LogHelper - HHH000204: Processing PersistenceUnitInfo [name: default]
26-09-16 13:41:14.233 [main] INFO  org.hibernate.Version - HHH000412: Hibernate ORM core version 6.6.2.Final
26-09-16 13:41:14.258 [main] INFO  o.h.c.i.RegionFactoryInitiator - HHH000026: Second-level cache disabled
26-09-16 13:41:14.437 [main] INFO  o.s.o.j.p.SpringPersistenceUnitInfo - No LoadTimeWeaver setup: ignoring JPA class transformer
26-09-16 13:41:14.519 [main] INFO  o.hibernate.orm.connections.pooling - HHH10001005: Database info:
	Database JDBC URL [Connecting through datasource 'HikariDataSource (HikariPool-1)']
	Database driver: undefined/unknown
	Database version: 17.10
	Autocommit mode: undefined/unknown
	Isolation level: undefined/unknown
	Minimum pool size: undefined/unknown
	Maximum pool size: undefined/unknown
26-09-16 13:41:15.134 [main] INFO  o.h.e.t.j.p.i.JtaPlatformInitiator - HHH000489: No JTA platform available (set 'hibernate.transaction.jta.platform' to enable JTA platform integration)
26-09-16 13:41:15.252 [main] INFO  o.s.o.j.LocalContainerEntityManagerFactoryBean - Initialized JPA EntityManagerFactory for persistence unit 'default'
26-09-16 13:41:16.387 [main] TRACE o.s.s.c.a.a.c.AuthenticationConfiguration$EnableGlobalAuthenticationAutowiredConfigurer - Eagerly initializing {securityConfig=com.sprint.mission.discodeit.config.SecurityConfig$$SpringCGLIB$$0@724a80d2}
26-09-16 13:41:16.402 [main] INFO  o.s.s.c.a.a.c.InitializeUserDetailsBeanManagerConfigurer$InitializeUserDetailsManagerConfigurer - Global AuthenticationManager configured with UserDetailsService bean with name discodeitUserDetailsService
26-09-16 13:41:16.529 [main] INFO  o.s.b.a.w.s.WelcomePageHandlerMapping - Adding welcome page: class path resource [static/index.html]
26-09-16 13:41:17.074 [main] INFO  o.s.b.a.e.web.EndpointLinksResolver - Exposing 4 endpoints beneath base path '/actuator'
26-09-16 13:41:17.179 [main] DEBUG o.s.s.web.DefaultSecurityFilterChain - Will secure any request with filters: DisableEncodeUrlFilter, WebAsyncManagerIntegrationFilter, SecurityContextHolderFilter, HeaderWriterFilter, CsrfFilter, LogoutFilter, UsernamePasswordAuthenticationFilter, DefaultResourcesFilter, DefaultLoginPageGeneratingFilter, DefaultLogoutPageGeneratingFilter, RequestCacheAwareFilter, SecurityContextHolderAwareRequestFilter, AnonymousAuthenticationFilter, ExceptionTranslationFilter
26-09-16 13:41:17.878 [main] INFO  o.a.coyote.http11.Http11NioProtocol - Starting ProtocolHandler ["http-nio-8080"]
26-09-16 13:41:17.892 [main] INFO  o.s.b.w.e.tomcat.TomcatWebServer - Tomcat started on port 8080 (http) with context path '/'
26-09-16 13:41:17.906 [main] INFO  c.s.m.discodeit.DiscodeitApplication - Started DiscodeitApplication in 5.971 seconds (process running for 6.659)
26-09-16 13:41:18.214 [RMI TCP Connection(1)-127.0.0.1] INFO  o.a.c.c.C.[Tomcat].[localhost].[/] - Initializing Spring DispatcherServlet 'dispatcherServlet'
26-09-16 13:41:18.215 [RMI TCP Connection(1)-127.0.0.1] INFO  o.s.web.servlet.DispatcherServlet - Initializing Servlet 'dispatcherServlet'
26-09-16 13:41:18.218 [RMI TCP Connection(1)-127.0.0.1] INFO  o.s.web.servlet.DispatcherServlet - Completed initialization in 2 ms
26-09-16 13:41:41.884 [SpringApplicationShutdownHook] INFO  o.s.b.w.e.tomcat.GracefulShutdown - Commencing graceful shutdown. Waiting for active requests to complete
26-09-16 13:41:41.900 [tomcat-shutdown] INFO  o.s.b.w.e.tomcat.GracefulShutdown - Graceful shutdown complete
26-09-16 13:41:41.907 [SpringApplicationShutdownHook] INFO  o.s.o.j.LocalContainerEntityManagerFactoryBean - Closing JPA EntityManagerFactory for persistence unit 'default'
26-09-16 13:41:41.910 [SpringApplicationShutdownHook] INFO  com.zaxxer.hikari.HikariDataSource - HikariPool-1 - Shutdown initiated...
26-09-16 13:41:41.914 [SpringApplicationShutdownHook] INFO  com.zaxxer.hikari.HikariDataSource - HikariPool-1 - Shutdown completed.
26-09-16 13:43:38.583 [background-preinit] INFO  o.h.validator.internal.util.Version - HV000001: Hibernate Validator 8.0.1.Final
26-09-16 13:43:38.627 [main] INFO  c.s.m.discodeit.DiscodeitApplication - Starting DiscodeitApplication using Java 17.0.19 with PID 5414 (/Users/jangjunseo/Desktop/codei_13th_develop/13-sprint-mission/build/classes/java/main started by jangjunseo in /Users/jangjunseo/Desktop/codei_13th_develop/13-sprint-mission)
26-09-16 13:43:38.627 [main] INFO  c.s.m.discodeit.DiscodeitApplication - The following 1 profile is active: "dev"
26-09-16 13:43:39.455 [main] INFO  o.s.d.r.c.RepositoryConfigurationDelegate - Bootstrapping Spring Data JPA repositories in DEFAULT mode.
26-09-16 13:43:39.505 [main] INFO  o.s.d.r.c.RepositoryConfigurationDelegate - Finished Spring Data repository scanning in 43 ms. Found 6 JPA repository interfaces.
26-09-16 13:43:40.030 [main] INFO  o.s.b.w.e.tomcat.TomcatWebServer - Tomcat initialized with port 8080 (http)
26-09-16 13:43:40.036 [main] INFO  o.a.coyote.http11.Http11NioProtocol - Initializing ProtocolHandler ["http-nio-8080"]
26-09-16 13:43:40.037 [main] INFO  o.a.catalina.core.StandardService - Starting service [Tomcat]
26-09-16 13:43:40.037 [main] INFO  o.a.catalina.core.StandardEngine - Starting Servlet engine: [Apache Tomcat/10.1.33]
26-09-16 13:43:40.077 [main] INFO  o.a.c.c.C.[Tomcat].[localhost].[/] - Initializing Spring embedded WebApplicationContext
26-09-16 13:43:40.077 [main] INFO  o.s.b.w.s.c.ServletWebServerApplicationContext - Root WebApplicationContext: initialization completed in 1423 ms
26-09-16 13:43:40.224 [main] INFO  com.zaxxer.hikari.HikariDataSource - HikariPool-1 - Starting...
26-09-16 13:43:40.303 [main] INFO  com.zaxxer.hikari.pool.HikariPool - HikariPool-1 - Added connection org.postgresql.jdbc.PgConnection@25f7cc38
26-09-16 13:43:40.303 [main] INFO  com.zaxxer.hikari.HikariDataSource - HikariPool-1 - Start completed.
26-09-16 13:43:40.373 [main] INFO  o.h.jpa.internal.util.LogHelper - HHH000204: Processing PersistenceUnitInfo [name: default]
26-09-16 13:43:40.419 [main] INFO  org.hibernate.Version - HHH000412: Hibernate ORM core version 6.6.2.Final
26-09-16 13:43:40.443 [main] INFO  o.h.c.i.RegionFactoryInitiator - HHH000026: Second-level cache disabled
26-09-16 13:43:40.630 [main] INFO  o.s.o.j.p.SpringPersistenceUnitInfo - No LoadTimeWeaver setup: ignoring JPA class transformer
26-09-16 13:43:40.693 [main] INFO  o.hibernate.orm.connections.pooling - HHH10001005: Database info:
	Database JDBC URL [Connecting through datasource 'HikariDataSource (HikariPool-1)']
	Database driver: undefined/unknown
	Database version: 17.10
	Autocommit mode: undefined/unknown
	Isolation level: undefined/unknown
	Minimum pool size: undefined/unknown
	Maximum pool size: undefined/unknown
26-09-16 13:43:41.701 [main] INFO  o.h.e.t.j.p.i.JtaPlatformInitiator - HHH000489: No JTA platform available (set 'hibernate.transaction.jta.platform' to enable JTA platform integration)
26-09-16 13:43:41.818 [main] INFO  o.s.o.j.LocalContainerEntityManagerFactoryBean - Initialized JPA EntityManagerFactory for persistence unit 'default'
26-09-16 13:43:42.988 [main] TRACE o.s.s.c.a.a.c.AuthenticationConfiguration$EnableGlobalAuthenticationAutowiredConfigurer - Eagerly initializing {securityConfig=com.sprint.mission.discodeit.config.SecurityConfig$$SpringCGLIB$$0@828e2d8}
26-09-16 13:43:42.998 [main] INFO  o.s.s.c.a.a.c.InitializeUserDetailsBeanManagerConfigurer$InitializeUserDetailsManagerConfigurer - Global AuthenticationManager configured with UserDetailsService bean with name discodeitUserDetailsService
26-09-16 13:43:43.143 [main] INFO  o.s.b.a.w.s.WelcomePageHandlerMapping - Adding welcome page: class path resource [static/index.html]
26-09-16 13:43:43.682 [main] INFO  o.s.b.a.e.web.EndpointLinksResolver - Exposing 4 endpoints beneath base path '/actuator'
26-09-16 13:43:43.771 [main] DEBUG o.s.s.web.DefaultSecurityFilterChain - Will secure any request with filters: DisableEncodeUrlFilter, WebAsyncManagerIntegrationFilter, SecurityContextHolderFilter, HeaderWriterFilter, CsrfFilter, LogoutFilter, UsernamePasswordAuthenticationFilter, DefaultResourcesFilter, DefaultLoginPageGeneratingFilter, DefaultLogoutPageGeneratingFilter, RequestCacheAwareFilter, SecurityContextHolderAwareRequestFilter, AnonymousAuthenticationFilter, ExceptionTranslationFilter
26-09-16 13:43:44.272 [main] INFO  o.a.coyote.http11.Http11NioProtocol - Starting ProtocolHandler ["http-nio-8080"]
26-09-16 13:43:44.284 [main] INFO  o.s.b.w.e.tomcat.TomcatWebServer - Tomcat started on port 8080 (http) with context path '/'
26-09-16 13:43:44.298 [main] INFO  c.s.m.discodeit.DiscodeitApplication - Started DiscodeitApplication in 6.071 seconds (process running for 6.787)
26-09-16 13:43:44.923 [RMI TCP Connection(1)-127.0.0.1] INFO  o.a.c.c.C.[Tomcat].[localhost].[/] - Initializing Spring DispatcherServlet 'dispatcherServlet'
26-09-16 13:43:44.923 [RMI TCP Connection(1)-127.0.0.1] INFO  o.s.web.servlet.DispatcherServlet - Initializing Servlet 'dispatcherServlet'
26-09-16 13:43:44.926 [RMI TCP Connection(1)-127.0.0.1] INFO  o.s.web.servlet.DispatcherServlet - Completed initialization in 3 ms
26-09-16 13:45:09.784 [http-nio-8080-exec-1] TRACE o.s.security.web.FilterChainProxy - Trying to match request against DefaultSecurityFilterChain defined as 'filterChain' in [class path resource [com/sprint/mission/discodeit/config/SecurityConfig.class]] matching [any request] and having filters [DisableEncodeUrl, WebAsyncManagerIntegration, SecurityContextHolder, HeaderWriter, Csrf, Logout, UsernamePasswordAuthentication, DefaultResources, DefaultLoginPageGenerating, DefaultLogoutPageGenerating, RequestCacheAware, SecurityContextHolderAwareRequest, AnonymousAuthentication, ExceptionTranslation] (1/1)
26-09-16 13:45:09.791 [http-nio-8080-exec-1] DEBUG o.s.security.web.FilterChainProxy - Securing GET /api/auth/csrf-token
26-09-16 13:45:09.797 [http-nio-8080-exec-1] TRACE o.s.security.web.FilterChainProxy - Invoking DisableEncodeUrlFilter (1/14)
26-09-16 13:45:09.805 [http-nio-8080-exec-1] TRACE o.s.security.web.FilterChainProxy - Invoking WebAsyncManagerIntegrationFilter (2/14)
26-09-16 13:45:09.810 [http-nio-8080-exec-1] TRACE o.s.security.web.FilterChainProxy - Invoking SecurityContextHolderFilter (3/14)
26-09-16 13:45:09.815 [http-nio-8080-exec-1] TRACE o.s.security.web.FilterChainProxy - Invoking HeaderWriterFilter (4/14)
26-09-16 13:45:09.818 [http-nio-8080-exec-1] TRACE o.s.security.web.FilterChainProxy - Invoking CsrfFilter (5/14)
26-09-16 13:45:09.821 [http-nio-8080-exec-1] TRACE o.s.security.web.csrf.CsrfFilter - Did not protect against CSRF since request did not match CsrfNotRequired [TRACE, HEAD, GET, OPTIONS]
26-09-16 13:45:09.821 [http-nio-8080-exec-1] TRACE o.s.security.web.FilterChainProxy - Invoking LogoutFilter (6/14)
26-09-16 13:45:09.822 [http-nio-8080-exec-1] TRACE o.s.s.w.a.logout.LogoutFilter - Did not match request to Ant [pattern='/api/auth/logout', POST]
26-09-16 13:45:09.822 [http-nio-8080-exec-1] TRACE o.s.security.web.FilterChainProxy - Invoking UsernamePasswordAuthenticationFilter (7/14)
26-09-16 13:45:09.822 [http-nio-8080-exec-1] TRACE o.s.s.w.a.UsernamePasswordAuthenticationFilter - Did not match request to Ant [pattern='/api/auth/login', POST]
26-09-16 13:45:09.822 [http-nio-8080-exec-1] TRACE o.s.security.web.FilterChainProxy - Invoking DefaultResourcesFilter (8/14)
26-09-16 13:45:09.825 [http-nio-8080-exec-1] TRACE o.s.security.web.FilterChainProxy - Invoking DefaultLoginPageGeneratingFilter (9/14)
26-09-16 13:45:09.826 [http-nio-8080-exec-1] TRACE o.s.security.web.FilterChainProxy - Invoking DefaultLogoutPageGeneratingFilter (10/14)
26-09-16 13:45:09.827 [http-nio-8080-exec-1] TRACE o.s.s.w.a.u.DefaultLogoutPageGeneratingFilter - Did not render default logout page since request did not match [Ant [pattern='/logout', GET]]
26-09-16 13:45:09.827 [http-nio-8080-exec-1] TRACE o.s.security.web.FilterChainProxy - Invoking RequestCacheAwareFilter (11/14)
26-09-16 13:45:09.828 [http-nio-8080-exec-1] TRACE o.s.s.w.s.HttpSessionRequestCache - matchingRequestParameterName is required for getMatchingRequest to lookup a value, but not provided
26-09-16 13:45:09.830 [http-nio-8080-exec-1] TRACE o.s.security.web.FilterChainProxy - Invoking SecurityContextHolderAwareRequestFilter (12/14)
26-09-16 13:45:09.835 [http-nio-8080-exec-1] TRACE o.s.security.web.FilterChainProxy - Invoking AnonymousAuthenticationFilter (13/14)
26-09-16 13:45:09.835 [http-nio-8080-exec-1] TRACE o.s.security.web.FilterChainProxy - Invoking ExceptionTranslationFilter (14/14)
26-09-16 13:45:09.839 [http-nio-8080-exec-1] DEBUG o.s.security.web.FilterChainProxy - Secured GET /api/auth/csrf-token
26-09-16 13:45:09.929 [http-nio-8080-exec-1] TRACE o.s.s.w.c.HttpSessionSecurityContextRepository - No HttpSession currently exists
26-09-16 13:45:09.929 [http-nio-8080-exec-1] TRACE o.s.s.w.c.SupplierDeferredSecurityContext - Created SecurityContextImpl [Null authentication]
26-09-16 13:45:09.930 [http-nio-8080-exec-1] TRACE o.s.s.w.c.SupplierDeferredSecurityContext - Created SecurityContextImpl [Null authentication]
26-09-16 13:45:09.932 [http-nio-8080-exec-1] TRACE o.s.s.w.a.AnonymousAuthenticationFilter - Set SecurityContextHolder to AnonymousAuthenticationToken [Principal=anonymousUser, Credentials=[PROTECTED], Authenticated=true, Details=WebAuthenticationDetails [RemoteIpAddress=0:0:0:0:0:0:0:1, SessionId=null], Granted Authorities=[ROLE_ANONYMOUS]]
26-09-16 13:45:09.935 [http-nio-8080-exec-1] TRACE o.s.s.w.h.writers.HstsHeaderWriter - Not injecting HSTS header since it did not match request to [Is Secure]
26-09-16 13:46:21.258 [http-nio-8080-exec-3] TRACE o.s.security.web.FilterChainProxy - Trying to match request against DefaultSecurityFilterChain defined as 'filterChain' in [class path resource [com/sprint/mission/discodeit/config/SecurityConfig.class]] matching [any request] and having filters [DisableEncodeUrl, WebAsyncManagerIntegration, SecurityContextHolder, HeaderWriter, Csrf, Logout, UsernamePasswordAuthentication, DefaultResources, DefaultLoginPageGenerating, DefaultLogoutPageGenerating, RequestCacheAware, SecurityContextHolderAwareRequest, AnonymousAuthentication, ExceptionTranslation] (1/1)
26-09-16 13:46:21.268 [http-nio-8080-exec-3] DEBUG o.s.security.web.FilterChainProxy - Securing POST /api/auth/login
26-09-16 13:46:21.270 [http-nio-8080-exec-3] TRACE o.s.security.web.FilterChainProxy - Invoking DisableEncodeUrlFilter (1/14)
26-09-16 13:46:21.272 [http-nio-8080-exec-3] TRACE o.s.security.web.FilterChainProxy - Invoking WebAsyncManagerIntegrationFilter (2/14)
26-09-16 13:46:21.273 [http-nio-8080-exec-3] TRACE o.s.security.web.FilterChainProxy - Invoking SecurityContextHolderFilter (3/14)
26-09-16 13:46:21.275 [http-nio-8080-exec-3] TRACE o.s.security.web.FilterChainProxy - Invoking HeaderWriterFilter (4/14)
26-09-16 13:46:21.275 [http-nio-8080-exec-3] TRACE o.s.security.web.FilterChainProxy - Invoking CsrfFilter (5/14)
26-09-16 13:46:21.277 [http-nio-8080-exec-3] TRACE o.s.security.web.FilterChainProxy - Invoking LogoutFilter (6/14)
26-09-16 13:46:21.277 [http-nio-8080-exec-3] TRACE o.s.s.w.a.logout.LogoutFilter - Did not match request to Ant [pattern='/api/auth/logout', POST]
26-09-16 13:46:21.277 [http-nio-8080-exec-3] TRACE o.s.security.web.FilterChainProxy - Invoking UsernamePasswordAuthenticationFilter (7/14)
26-09-16 13:46:21.288 [http-nio-8080-exec-3] TRACE o.s.s.authentication.ProviderManager - Authenticating request with DaoAuthenticationProvider (1/1)
26-09-16 13:46:21.693 [http-nio-8080-exec-3] DEBUG o.s.s.a.d.DaoAuthenticationProvider - Authenticated user
26-09-16 13:46:21.697 [http-nio-8080-exec-3] TRACE o.s.s.w.a.s.CompositeSessionAuthenticationStrategy - Preparing session with ChangeSessionIdAuthenticationStrategy (1/2)
26-09-16 13:46:21.697 [http-nio-8080-exec-3] TRACE o.s.s.w.a.s.CompositeSessionAuthenticationStrategy - Preparing session with CsrfAuthenticationStrategy (2/2)
26-09-16 13:46:21.699 [http-nio-8080-exec-3] DEBUG o.s.s.w.c.CsrfAuthenticationStrategy - Replaced CSRF Token
26-09-16 13:46:21.736 [http-nio-8080-exec-3] DEBUG o.s.s.w.c.HttpSessionSecurityContextRepository - Stored SecurityContextImpl [Authentication=UsernamePasswordAuthenticationToken [Principal=com.sprint.mission.discodeit.security.DiscodeitUserDetails@58527dda, Credentials=[PROTECTED], Authenticated=true, Details=WebAuthenticationDetails [RemoteIpAddress=0:0:0:0:0:0:0:1, SessionId=null], Granted Authorities=[ROLE_ADMIN]]] to HttpSession [org.apache.catalina.session.StandardSessionFacade@7575fac8]
26-09-16 13:46:21.736 [http-nio-8080-exec-3] DEBUG o.s.s.w.a.UsernamePasswordAuthenticationFilter - Set SecurityContextHolder to UsernamePasswordAuthenticationToken [Principal=com.sprint.mission.discodeit.security.DiscodeitUserDetails@58527dda, Credentials=[PROTECTED], Authenticated=true, Details=WebAuthenticationDetails [RemoteIpAddress=0:0:0:0:0:0:0:1, SessionId=null], Granted Authorities=[ROLE_ADMIN]]
26-09-16 13:46:21.776 [http-nio-8080-exec-3] TRACE o.s.s.w.h.writers.HstsHeaderWriter - Not injecting HSTS header since it did not match request to [Is Secure]
26-09-16 13:46:56.678 [http-nio-8080-exec-4] TRACE o.s.security.web.FilterChainProxy - Trying to match request against DefaultSecurityFilterChain defined as 'filterChain' in [class path resource [com/sprint/mission/discodeit/config/SecurityConfig.class]] matching [any request] and having filters [DisableEncodeUrl, WebAsyncManagerIntegration, SecurityContextHolder, HeaderWriter, Csrf, Logout, UsernamePasswordAuthentication, DefaultResources, DefaultLoginPageGenerating, DefaultLogoutPageGenerating, RequestCacheAware, SecurityContextHolderAwareRequest, AnonymousAuthentication, ExceptionTranslation] (1/1)
26-09-16 13:46:56.681 [http-nio-8080-exec-4] DEBUG o.s.security.web.FilterChainProxy - Securing GET /api/auth/csrf-token
26-09-16 13:46:56.681 [http-nio-8080-exec-4] TRACE o.s.security.web.FilterChainProxy - Invoking DisableEncodeUrlFilter (1/14)
26-09-16 13:46:56.682 [http-nio-8080-exec-4] TRACE o.s.security.web.FilterChainProxy - Invoking WebAsyncManagerIntegrationFilter (2/14)
26-09-16 13:46:56.682 [http-nio-8080-exec-4] TRACE o.s.security.web.FilterChainProxy - Invoking SecurityContextHolderFilter (3/14)
26-09-16 13:46:56.682 [http-nio-8080-exec-4] TRACE o.s.security.web.FilterChainProxy - Invoking HeaderWriterFilter (4/14)
26-09-16 13:46:56.682 [http-nio-8080-exec-4] TRACE o.s.security.web.FilterChainProxy - Invoking CsrfFilter (5/14)
26-09-16 13:46:56.682 [http-nio-8080-exec-4] TRACE o.s.security.web.csrf.CsrfFilter - Did not protect against CSRF since request did not match CsrfNotRequired [TRACE, HEAD, GET, OPTIONS]
26-09-16 13:46:56.682 [http-nio-8080-exec-4] TRACE o.s.security.web.FilterChainProxy - Invoking LogoutFilter (6/14)
26-09-16 13:46:56.682 [http-nio-8080-exec-4] TRACE o.s.s.w.a.logout.LogoutFilter - Did not match request to Ant [pattern='/api/auth/logout', POST]
26-09-16 13:46:56.682 [http-nio-8080-exec-4] TRACE o.s.security.web.FilterChainProxy - Invoking UsernamePasswordAuthenticationFilter (7/14)
26-09-16 13:46:56.682 [http-nio-8080-exec-4] TRACE o.s.s.w.a.UsernamePasswordAuthenticationFilter - Did not match request to Ant [pattern='/api/auth/login', POST]
26-09-16 13:46:56.682 [http-nio-8080-exec-4] TRACE o.s.security.web.FilterChainProxy - Invoking DefaultResourcesFilter (8/14)
26-09-16 13:46:56.683 [http-nio-8080-exec-4] TRACE o.s.security.web.FilterChainProxy - Invoking DefaultLoginPageGeneratingFilter (9/14)
26-09-16 13:46:56.689 [http-nio-8080-exec-4] TRACE o.s.security.web.FilterChainProxy - Invoking DefaultLogoutPageGeneratingFilter (10/14)
26-09-16 13:46:56.689 [http-nio-8080-exec-4] TRACE o.s.s.w.a.u.DefaultLogoutPageGeneratingFilter - Did not render default logout page since request did not match [Ant [pattern='/logout', GET]]
26-09-16 13:46:56.690 [http-nio-8080-exec-4] TRACE o.s.security.web.FilterChainProxy - Invoking RequestCacheAwareFilter (11/14)
26-09-16 13:46:56.690 [http-nio-8080-exec-4] TRACE o.s.s.w.s.HttpSessionRequestCache - matchingRequestParameterName is required for getMatchingRequest to lookup a value, but not provided
26-09-16 13:46:56.690 [http-nio-8080-exec-4] TRACE o.s.security.web.FilterChainProxy - Invoking SecurityContextHolderAwareRequestFilter (12/14)
26-09-16 13:46:56.690 [http-nio-8080-exec-4] TRACE o.s.security.web.FilterChainProxy - Invoking AnonymousAuthenticationFilter (13/14)
26-09-16 13:46:56.690 [http-nio-8080-exec-4] TRACE o.s.security.web.FilterChainProxy - Invoking ExceptionTranslationFilter (14/14)
26-09-16 13:46:56.690 [http-nio-8080-exec-4] DEBUG o.s.security.web.FilterChainProxy - Secured GET /api/auth/csrf-token
26-09-16 13:46:56.701 [http-nio-8080-exec-4] TRACE o.s.s.w.c.HttpSessionSecurityContextRepository - Retrieved SecurityContextImpl [Authentication=UsernamePasswordAuthenticationToken [Principal=com.sprint.mission.discodeit.security.DiscodeitUserDetails@58527dda, Credentials=[PROTECTED], Authenticated=true, Details=WebAuthenticationDetails [RemoteIpAddress=0:0:0:0:0:0:0:1, SessionId=null], Granted Authorities=[ROLE_ADMIN]]] from SPRING_SECURITY_CONTEXT
26-09-16 13:46:56.706 [http-nio-8080-exec-4] TRACE o.s.s.w.a.AnonymousAuthenticationFilter - Did not set SecurityContextHolder since already authenticated UsernamePasswordAuthenticationToken [Principal=com.sprint.mission.discodeit.security.DiscodeitUserDetails@58527dda, Credentials=[PROTECTED], Authenticated=true, Details=WebAuthenticationDetails [RemoteIpAddress=0:0:0:0:0:0:0:1, SessionId=null], Granted Authorities=[ROLE_ADMIN]]
26-09-16 13:46:56.707 [http-nio-8080-exec-4] TRACE o.s.s.w.h.writers.HstsHeaderWriter - Not injecting HSTS header since it did not match request to [Is Secure]
26-09-16 13:48:41.634 [http-nio-8080-exec-6] TRACE o.s.security.web.FilterChainProxy - Trying to match request against DefaultSecurityFilterChain defined as 'filterChain' in [class path resource [com/sprint/mission/discodeit/config/SecurityConfig.class]] matching [any request] and having filters [DisableEncodeUrl, WebAsyncManagerIntegration, SecurityContextHolder, HeaderWriter, Csrf, Logout, UsernamePasswordAuthentication, DefaultResources, DefaultLoginPageGenerating, DefaultLogoutPageGenerating, RequestCacheAware, SecurityContextHolderAwareRequest, AnonymousAuthentication, ExceptionTranslation] (1/1)
26-09-16 13:48:41.637 [http-nio-8080-exec-6] DEBUG o.s.security.web.FilterChainProxy - Securing GET /api/auth/csrf-token
26-09-16 13:48:41.637 [http-nio-8080-exec-6] TRACE o.s.security.web.FilterChainProxy - Invoking DisableEncodeUrlFilter (1/14)
26-09-16 13:48:41.638 [http-nio-8080-exec-6] TRACE o.s.security.web.FilterChainProxy - Invoking WebAsyncManagerIntegrationFilter (2/14)
26-09-16 13:48:41.638 [http-nio-8080-exec-6] TRACE o.s.security.web.FilterChainProxy - Invoking SecurityContextHolderFilter (3/14)
26-09-16 13:48:41.638 [http-nio-8080-exec-6] TRACE o.s.security.web.FilterChainProxy - Invoking HeaderWriterFilter (4/14)
26-09-16 13:48:41.638 [http-nio-8080-exec-6] TRACE o.s.security.web.FilterChainProxy - Invoking CsrfFilter (5/14)
26-09-16 13:48:41.639 [http-nio-8080-exec-6] TRACE o.s.security.web.csrf.CsrfFilter - Did not protect against CSRF since request did not match CsrfNotRequired [TRACE, HEAD, GET, OPTIONS]
26-09-16 13:48:41.639 [http-nio-8080-exec-6] TRACE o.s.security.web.FilterChainProxy - Invoking LogoutFilter (6/14)
26-09-16 13:48:41.639 [http-nio-8080-exec-6] TRACE o.s.s.w.a.logout.LogoutFilter - Did not match request to Ant [pattern='/api/auth/logout', POST]
26-09-16 13:48:41.639 [http-nio-8080-exec-6] TRACE o.s.security.web.FilterChainProxy - Invoking UsernamePasswordAuthenticationFilter (7/14)
26-09-16 13:48:41.639 [http-nio-8080-exec-6] TRACE o.s.s.w.a.UsernamePasswordAuthenticationFilter - Did not match request to Ant [pattern='/api/auth/login', POST]
26-09-16 13:48:41.639 [http-nio-8080-exec-6] TRACE o.s.security.web.FilterChainProxy - Invoking DefaultResourcesFilter (8/14)
26-09-16 13:48:41.639 [http-nio-8080-exec-6] TRACE o.s.security.web.FilterChainProxy - Invoking DefaultLoginPageGeneratingFilter (9/14)
26-09-16 13:48:41.640 [http-nio-8080-exec-6] TRACE o.s.security.web.FilterChainProxy - Invoking DefaultLogoutPageGeneratingFilter (10/14)
26-09-16 13:48:41.640 [http-nio-8080-exec-6] TRACE o.s.s.w.a.u.DefaultLogoutPageGeneratingFilter - Did not render default logout page since request did not match [Ant [pattern='/logout', GET]]
26-09-16 13:48:41.640 [http-nio-8080-exec-6] TRACE o.s.security.web.FilterChainProxy - Invoking RequestCacheAwareFilter (11/14)
26-09-16 13:48:41.640 [http-nio-8080-exec-6] TRACE o.s.s.w.s.HttpSessionRequestCache - matchingRequestParameterName is required for getMatchingRequest to lookup a value, but not provided
26-09-16 13:48:41.640 [http-nio-8080-exec-6] TRACE o.s.security.web.FilterChainProxy - Invoking SecurityContextHolderAwareRequestFilter (12/14)
26-09-16 13:48:41.640 [http-nio-8080-exec-6] TRACE o.s.security.web.FilterChainProxy - Invoking AnonymousAuthenticationFilter (13/14)
26-09-16 13:48:41.640 [http-nio-8080-exec-6] TRACE o.s.security.web.FilterChainProxy - Invoking ExceptionTranslationFilter (14/14)
26-09-16 13:48:41.640 [http-nio-8080-exec-6] DEBUG o.s.security.web.FilterChainProxy - Secured GET /api/auth/csrf-token
26-09-16 13:48:41.643 [http-nio-8080-exec-6] TRACE o.s.s.w.c.HttpSessionSecurityContextRepository - Retrieved SecurityContextImpl [Authentication=UsernamePasswordAuthenticationToken [Principal=com.sprint.mission.discodeit.security.DiscodeitUserDetails@58527dda, Credentials=[PROTECTED], Authenticated=true, Details=WebAuthenticationDetails [RemoteIpAddress=0:0:0:0:0:0:0:1, SessionId=null], Granted Authorities=[ROLE_ADMIN]]] from SPRING_SECURITY_CONTEXT
26-09-16 13:48:41.643 [http-nio-8080-exec-6] TRACE o.s.s.w.a.AnonymousAuthenticationFilter - Did not set SecurityContextHolder since already authenticated UsernamePasswordAuthenticationToken [Principal=com.sprint.mission.discodeit.security.DiscodeitUserDetails@58527dda, Credentials=[PROTECTED], Authenticated=true, Details=WebAuthenticationDetails [RemoteIpAddress=0:0:0:0:0:0:0:1, SessionId=null], Granted Authorities=[ROLE_ADMIN]]
26-09-16 13:48:41.644 [http-nio-8080-exec-6] TRACE o.s.s.w.h.writers.HstsHeaderWriter - Not injecting HSTS header since it did not match request to [Is Secure]
26-09-16 13:50:28.714 [http-nio-8080-exec-8] TRACE o.s.security.web.FilterChainProxy - Trying to match request against DefaultSecurityFilterChain defined as 'filterChain' in [class path resource [com/sprint/mission/discodeit/config/SecurityConfig.class]] matching [any request] and having filters [DisableEncodeUrl, WebAsyncManagerIntegration, SecurityContextHolder, HeaderWriter, Csrf, Logout, UsernamePasswordAuthentication, DefaultResources, DefaultLoginPageGenerating, DefaultLogoutPageGenerating, RequestCacheAware, SecurityContextHolderAwareRequest, AnonymousAuthentication, ExceptionTranslation] (1/1)
26-09-16 13:50:28.714 [http-nio-8080-exec-8] DEBUG o.s.security.web.FilterChainProxy - Securing GET /api/auth/me
26-09-16 13:50:28.715 [http-nio-8080-exec-8] TRACE o.s.security.web.FilterChainProxy - Invoking DisableEncodeUrlFilter (1/14)
26-09-16 13:50:28.715 [http-nio-8080-exec-8] TRACE o.s.security.web.FilterChainProxy - Invoking WebAsyncManagerIntegrationFilter (2/14)
26-09-16 13:50:28.715 [http-nio-8080-exec-8] TRACE o.s.security.web.FilterChainProxy - Invoking SecurityContextHolderFilter (3/14)
26-09-16 13:50:28.715 [http-nio-8080-exec-8] TRACE o.s.security.web.FilterChainProxy - Invoking HeaderWriterFilter (4/14)
26-09-16 13:50:28.715 [http-nio-8080-exec-8] TRACE o.s.security.web.FilterChainProxy - Invoking CsrfFilter (5/14)
26-09-16 13:50:28.715 [http-nio-8080-exec-8] TRACE o.s.security.web.csrf.CsrfFilter - Did not protect against CSRF since request did not match CsrfNotRequired [TRACE, HEAD, GET, OPTIONS]
26-09-16 13:50:28.715 [http-nio-8080-exec-8] TRACE o.s.security.web.FilterChainProxy - Invoking LogoutFilter (6/14)
26-09-16 13:50:28.715 [http-nio-8080-exec-8] TRACE o.s.s.w.a.logout.LogoutFilter - Did not match request to Ant [pattern='/api/auth/logout', POST]
26-09-16 13:50:28.715 [http-nio-8080-exec-8] TRACE o.s.security.web.FilterChainProxy - Invoking UsernamePasswordAuthenticationFilter (7/14)
26-09-16 13:50:28.715 [http-nio-8080-exec-8] TRACE o.s.s.w.a.UsernamePasswordAuthenticationFilter - Did not match request to Ant [pattern='/api/auth/login', POST]
26-09-16 13:50:28.715 [http-nio-8080-exec-8] TRACE o.s.security.web.FilterChainProxy - Invoking DefaultResourcesFilter (8/14)
26-09-16 13:50:28.715 [http-nio-8080-exec-8] TRACE o.s.security.web.FilterChainProxy - Invoking DefaultLoginPageGeneratingFilter (9/14)
26-09-16 13:50:28.716 [http-nio-8080-exec-8] TRACE o.s.security.web.FilterChainProxy - Invoking DefaultLogoutPageGeneratingFilter (10/14)
26-09-16 13:50:28.716 [http-nio-8080-exec-8] TRACE o.s.s.w.a.u.DefaultLogoutPageGeneratingFilter - Did not render default logout page since request did not match [Ant [pattern='/logout', GET]]
26-09-16 13:50:28.716 [http-nio-8080-exec-8] TRACE o.s.security.web.FilterChainProxy - Invoking RequestCacheAwareFilter (11/14)
26-09-16 13:50:28.716 [http-nio-8080-exec-8] TRACE o.s.s.w.s.HttpSessionRequestCache - matchingRequestParameterName is required for getMatchingRequest to lookup a value, but not provided
26-09-16 13:50:28.716 [http-nio-8080-exec-8] TRACE o.s.security.web.FilterChainProxy - Invoking SecurityContextHolderAwareRequestFilter (12/14)
26-09-16 13:50:28.716 [http-nio-8080-exec-8] TRACE o.s.security.web.FilterChainProxy - Invoking AnonymousAuthenticationFilter (13/14)
26-09-16 13:50:28.716 [http-nio-8080-exec-8] TRACE o.s.security.web.FilterChainProxy - Invoking ExceptionTranslationFilter (14/14)
26-09-16 13:50:28.716 [http-nio-8080-exec-8] DEBUG o.s.security.web.FilterChainProxy - Secured GET /api/auth/me
26-09-16 13:50:28.723 [http-nio-8080-exec-8] TRACE o.s.s.w.c.HttpSessionSecurityContextRepository - Retrieved SecurityContextImpl [Authentication=UsernamePasswordAuthenticationToken [Principal=com.sprint.mission.discodeit.security.DiscodeitUserDetails@58527dda, Credentials=[PROTECTED], Authenticated=true, Details=WebAuthenticationDetails [RemoteIpAddress=0:0:0:0:0:0:0:1, SessionId=null], Granted Authorities=[ROLE_ADMIN]]] from SPRING_SECURITY_CONTEXT
26-09-16 13:50:28.723 [http-nio-8080-exec-8] TRACE o.s.s.w.a.AnonymousAuthenticationFilter - Did not set SecurityContextHolder since already authenticated UsernamePasswordAuthenticationToken [Principal=com.sprint.mission.discodeit.security.DiscodeitUserDetails@58527dda, Credentials=[PROTECTED], Authenticated=true, Details=WebAuthenticationDetails [RemoteIpAddress=0:0:0:0:0:0:0:1, SessionId=null], Granted Authorities=[ROLE_ADMIN]]
26-09-16 13:50:28.764 [http-nio-8080-exec-8] TRACE o.s.s.w.h.writers.HstsHeaderWriter - Not injecting HSTS header since it did not match request to [Is Secure]
26-09-16 13:52:43.043 [http-nio-8080-exec-9] TRACE o.s.security.web.FilterChainProxy - Trying to match request against DefaultSecurityFilterChain defined as 'filterChain' in [class path resource [com/sprint/mission/discodeit/config/SecurityConfig.class]] matching [any request] and having filters [DisableEncodeUrl, WebAsyncManagerIntegration, SecurityContextHolder, HeaderWriter, Csrf, Logout, UsernamePasswordAuthentication, DefaultResources, DefaultLoginPageGenerating, DefaultLogoutPageGenerating, RequestCacheAware, SecurityContextHolderAwareRequest, AnonymousAuthentication, ExceptionTranslation] (1/1)
26-09-16 13:52:43.044 [http-nio-8080-exec-9] DEBUG o.s.security.web.FilterChainProxy - Securing POST /api/users
26-09-16 13:52:43.044 [http-nio-8080-exec-9] TRACE o.s.security.web.FilterChainProxy - Invoking DisableEncodeUrlFilter (1/14)
26-09-16 13:52:43.044 [http-nio-8080-exec-9] TRACE o.s.security.web.FilterChainProxy - Invoking WebAsyncManagerIntegrationFilter (2/14)
26-09-16 13:52:43.044 [http-nio-8080-exec-9] TRACE o.s.security.web.FilterChainProxy - Invoking SecurityContextHolderFilter (3/14)
26-09-16 13:52:43.044 [http-nio-8080-exec-9] TRACE o.s.security.web.FilterChainProxy - Invoking HeaderWriterFilter (4/14)
26-09-16 13:52:43.044 [http-nio-8080-exec-9] TRACE o.s.security.web.FilterChainProxy - Invoking CsrfFilter (5/14)
26-09-16 13:52:43.045 [http-nio-8080-exec-9] TRACE o.s.security.web.FilterChainProxy - Invoking LogoutFilter (6/14)
26-09-16 13:52:43.045 [http-nio-8080-exec-9] TRACE o.s.s.w.a.logout.LogoutFilter - Did not match request to Ant [pattern='/api/auth/logout', POST]
26-09-16 13:52:43.045 [http-nio-8080-exec-9] TRACE o.s.security.web.FilterChainProxy - Invoking UsernamePasswordAuthenticationFilter (7/14)
26-09-16 13:52:43.045 [http-nio-8080-exec-9] TRACE o.s.s.w.a.UsernamePasswordAuthenticationFilter - Did not match request to Ant [pattern='/api/auth/login', POST]
26-09-16 13:52:43.045 [http-nio-8080-exec-9] TRACE o.s.security.web.FilterChainProxy - Invoking DefaultResourcesFilter (8/14)
26-09-16 13:52:43.045 [http-nio-8080-exec-9] TRACE o.s.security.web.FilterChainProxy - Invoking DefaultLoginPageGeneratingFilter (9/14)
26-09-16 13:52:43.045 [http-nio-8080-exec-9] TRACE o.s.security.web.FilterChainProxy - Invoking DefaultLogoutPageGeneratingFilter (10/14)
26-09-16 13:52:43.045 [http-nio-8080-exec-9] TRACE o.s.s.w.a.u.DefaultLogoutPageGeneratingFilter - Did not render default logout page since request did not match [Ant [pattern='/logout', GET]]
26-09-16 13:52:43.046 [http-nio-8080-exec-9] TRACE o.s.security.web.FilterChainProxy - Invoking RequestCacheAwareFilter (11/14)
26-09-16 13:52:43.046 [http-nio-8080-exec-9] TRACE o.s.s.w.s.HttpSessionRequestCache - matchingRequestParameterName is required for getMatchingRequest to lookup a value, but not provided
26-09-16 13:52:43.046 [http-nio-8080-exec-9] TRACE o.s.security.web.FilterChainProxy - Invoking SecurityContextHolderAwareRequestFilter (12/14)
26-09-16 13:52:43.046 [http-nio-8080-exec-9] TRACE o.s.security.web.FilterChainProxy - Invoking AnonymousAuthenticationFilter (13/14)
26-09-16 13:52:43.046 [http-nio-8080-exec-9] TRACE o.s.security.web.FilterChainProxy - Invoking ExceptionTranslationFilter (14/14)
26-09-16 13:52:43.046 [http-nio-8080-exec-9] DEBUG o.s.security.web.FilterChainProxy - Secured POST /api/users
26-09-16 13:52:43.367 [http-nio-8080-exec-9] INFO  c.s.m.d.s.basic.BasicUserService - 유저 생성 요청 - username: testuser, email: test@example.com
26-09-16 13:52:43.521 [http-nio-8080-exec-9] INFO  c.s.m.d.s.basic.BasicUserService - 유저 생성 완료 - userId: 0a274451-e6ab-4bb2-a60c-7331ce99c30e
26-09-16 13:52:43.536 [http-nio-8080-exec-9] INFO  c.s.m.d.controller.UserController - [User 생성 완료] userId: 0a274451-e6ab-4bb2-a60c-7331ce99c30e
26-09-16 13:52:43.537 [http-nio-8080-exec-9] TRACE o.s.s.w.h.writers.HstsHeaderWriter - Not injecting HSTS header since it did not match request to [Is Secure]
26-09-16 13:52:43.538 [http-nio-8080-exec-9] TRACE o.s.s.w.c.HttpSessionSecurityContextRepository - Retrieved SecurityContextImpl [Authentication=UsernamePasswordAuthenticationToken [Principal=com.sprint.mission.discodeit.security.DiscodeitUserDetails@58527dda, Credentials=[PROTECTED], Authenticated=true, Details=WebAuthenticationDetails [RemoteIpAddress=0:0:0:0:0:0:0:1, SessionId=null], Granted Authorities=[ROLE_ADMIN]]] from SPRING_SECURITY_CONTEXT
26-09-16 13:52:43.539 [http-nio-8080-exec-9] TRACE o.s.s.w.a.AnonymousAuthenticationFilter - Did not set SecurityContextHolder since already authenticated UsernamePasswordAuthenticationToken [Principal=com.sprint.mission.discodeit.security.DiscodeitUserDetails@58527dda, Credentials=[PROTECTED], Authenticated=true, Details=WebAuthenticationDetails [RemoteIpAddress=0:0:0:0:0:0:0:1, SessionId=null], Granted Authorities=[ROLE_ADMIN]]
26-09-16 13:54:08.294 [http-nio-8080-exec-2] TRACE o.s.security.web.FilterChainProxy - Trying to match request against DefaultSecurityFilterChain defined as 'filterChain' in [class path resource [com/sprint/mission/discodeit/config/SecurityConfig.class]] matching [any request] and having filters [DisableEncodeUrl, WebAsyncManagerIntegration, SecurityContextHolder, HeaderWriter, Csrf, Logout, UsernamePasswordAuthentication, DefaultResources, DefaultLoginPageGenerating, DefaultLogoutPageGenerating, RequestCacheAware, SecurityContextHolderAwareRequest, AnonymousAuthentication, ExceptionTranslation] (1/1)
26-09-16 13:54:08.295 [http-nio-8080-exec-2] DEBUG o.s.security.web.FilterChainProxy - Securing POST /api/auth/role
26-09-16 13:54:08.295 [http-nio-8080-exec-2] TRACE o.s.security.web.FilterChainProxy - Invoking DisableEncodeUrlFilter (1/14)
26-09-16 13:54:08.296 [http-nio-8080-exec-2] TRACE o.s.security.web.FilterChainProxy - Invoking WebAsyncManagerIntegrationFilter (2/14)
26-09-16 13:54:08.296 [http-nio-8080-exec-2] TRACE o.s.security.web.FilterChainProxy - Invoking SecurityContextHolderFilter (3/14)
26-09-16 13:54:08.296 [http-nio-8080-exec-2] TRACE o.s.security.web.FilterChainProxy - Invoking HeaderWriterFilter (4/14)
26-09-16 13:54:08.296 [http-nio-8080-exec-2] TRACE o.s.security.web.FilterChainProxy - Invoking CsrfFilter (5/14)
26-09-16 13:54:08.296 [http-nio-8080-exec-2] TRACE o.s.security.web.FilterChainProxy - Invoking LogoutFilter (6/14)
26-09-16 13:54:08.296 [http-nio-8080-exec-2] TRACE o.s.s.w.a.logout.LogoutFilter - Did not match request to Ant [pattern='/api/auth/logout', POST]
26-09-16 13:54:08.296 [http-nio-8080-exec-2] TRACE o.s.security.web.FilterChainProxy - Invoking UsernamePasswordAuthenticationFilter (7/14)
26-09-16 13:54:08.296 [http-nio-8080-exec-2] TRACE o.s.s.w.a.UsernamePasswordAuthenticationFilter - Did not match request to Ant [pattern='/api/auth/login', POST]
26-09-16 13:54:08.296 [http-nio-8080-exec-2] TRACE o.s.security.web.FilterChainProxy - Invoking DefaultResourcesFilter (8/14)
26-09-16 13:54:08.296 [http-nio-8080-exec-2] TRACE o.s.security.web.FilterChainProxy - Invoking DefaultLoginPageGeneratingFilter (9/14)
26-09-16 13:54:08.296 [http-nio-8080-exec-2] TRACE o.s.security.web.FilterChainProxy - Invoking DefaultLogoutPageGeneratingFilter (10/14)
26-09-16 13:54:08.296 [http-nio-8080-exec-2] TRACE o.s.s.w.a.u.DefaultLogoutPageGeneratingFilter - Did not render default logout page since request did not match [Ant [pattern='/logout', GET]]
26-09-16 13:54:08.297 [http-nio-8080-exec-2] TRACE o.s.security.web.FilterChainProxy - Invoking RequestCacheAwareFilter (11/14)
26-09-16 13:54:08.297 [http-nio-8080-exec-2] TRACE o.s.s.w.s.HttpSessionRequestCache - matchingRequestParameterName is required for getMatchingRequest to lookup a value, but not provided
26-09-16 13:54:08.297 [http-nio-8080-exec-2] TRACE o.s.security.web.FilterChainProxy - Invoking SecurityContextHolderAwareRequestFilter (12/14)
26-09-16 13:54:08.297 [http-nio-8080-exec-2] TRACE o.s.security.web.FilterChainProxy - Invoking AnonymousAuthenticationFilter (13/14)
26-09-16 13:54:08.297 [http-nio-8080-exec-2] TRACE o.s.security.web.FilterChainProxy - Invoking ExceptionTranslationFilter (14/14)
26-09-16 13:54:08.297 [http-nio-8080-exec-2] DEBUG o.s.security.web.FilterChainProxy - Secured POST /api/auth/role
26-09-16 13:54:08.304 [http-nio-8080-exec-2] ERROR c.s.m.d.e.GlobalExceptionHandler - [예상치 못한 예외 발생] type=HttpRequestMethodNotSupportedException, message=Request method 'POST' is not supported
org.springframework.web.HttpRequestMethodNotSupportedException: Request method 'POST' is not supported
	at org.springframework.web.servlet.mvc.method.RequestMappingInfoHandlerMapping.handleNoMatch(RequestMappingInfoHandlerMapping.java:267)
	at org.springframework.web.servlet.handler.AbstractHandlerMethodMapping.lookupHandlerMethod(AbstractHandlerMethodMapping.java:441)
	at org.springframework.web.servlet.handler.AbstractHandlerMethodMapping.getHandlerInternal(AbstractHandlerMethodMapping.java:382)
	at org.springframework.web.servlet.mvc.method.RequestMappingInfoHandlerMapping.getHandlerInternal(RequestMappingInfoHandlerMapping.java:127)
	at org.springframework.web.servlet.mvc.method.RequestMappingInfoHandlerMapping.getHandlerInternal(RequestMappingInfoHandlerMapping.java:68)
	at org.springframework.web.servlet.handler.AbstractHandlerMapping.getHandler(AbstractHandlerMapping.java:509)
	at org.springframework.web.servlet.DispatcherServlet.getHandler(DispatcherServlet.java:1283)
	at org.springframework.web.servlet.DispatcherServlet.doDispatch(DispatcherServlet.java:1064)
	at org.springframework.web.servlet.DispatcherServlet.doService(DispatcherServlet.java:978)
	at org.springframework.web.servlet.FrameworkServlet.processRequest(FrameworkServlet.java:1014)
	at org.springframework.web.servlet.FrameworkServlet.doPost(FrameworkServlet.java:914)
	at jakarta.servlet.http.HttpServlet.service(HttpServlet.java:590)
	at org.springframework.web.servlet.FrameworkServlet.service(FrameworkServlet.java:885)
	at jakarta.servlet.http.HttpServlet.service(HttpServlet.java:658)
	at org.apache.catalina.core.ApplicationFilterChain.internalDoFilter(ApplicationFilterChain.java:195)
	at org.apache.catalina.core.ApplicationFilterChain.doFilter(ApplicationFilterChain.java:140)
	at org.apache.tomcat.websocket.server.WsFilter.doFilter(WsFilter.java:51)
	at org.apache.catalina.core.ApplicationFilterChain.internalDoFilter(ApplicationFilterChain.java:164)
	at org.apache.catalina.core.ApplicationFilterChain.doFilter(ApplicationFilterChain.java:140)
	at org.springframework.web.filter.CompositeFilter$VirtualFilterChain.doFilter(CompositeFilter.java:108)
	at org.springframework.security.web.FilterChainProxy.lambda$doFilterInternal$3(FilterChainProxy.java:231)
	at org.springframework.security.web.ObservationFilterChainDecorator$FilterObservation$SimpleFilterObservation.lambda$wrap$1(ObservationFilterChainDecorator.java:479)
	at org.springframework.security.web.ObservationFilterChainDecorator$AroundFilterObservation$SimpleAroundFilterObservation.lambda$wrap$1(ObservationFilterChainDecorator.java:340)
	at org.springframework.security.web.ObservationFilterChainDecorator.lambda$wrapSecured$0(ObservationFilterChainDecorator.java:82)
	at org.springframework.security.web.ObservationFilterChainDecorator$VirtualFilterChain.doFilter(ObservationFilterChainDecorator.java:128)
	at org.springframework.security.web.access.ExceptionTranslationFilter.doFilter(ExceptionTranslationFilter.java:126)
	at org.springframework.security.web.access.ExceptionTranslationFilter.doFilter(ExceptionTranslationFilter.java:120)
	at org.springframework.security.web.ObservationFilterChainDecorator$ObservationFilter.wrapFilter(ObservationFilterChainDecorator.java:240)
	at org.springframework.security.web.ObservationFilterChainDecorator$ObservationFilter.doFilter(ObservationFilterChainDecorator.java:227)
	at org.springframework.security.web.ObservationFilterChainDecorator$VirtualFilterChain.doFilter(ObservationFilterChainDecorator.java:137)
	at org.springframework.security.web.authentication.AnonymousAuthenticationFilter.doFilter(AnonymousAuthenticationFilter.java:100)
	at org.springframework.security.web.ObservationFilterChainDecorator$ObservationFilter.wrapFilter(ObservationFilterChainDecorator.java:240)
	at org.springframework.security.web.ObservationFilterChainDecorator$ObservationFilter.doFilter(ObservationFilterChainDecorator.java:227)
	at org.springframework.security.web.ObservationFilterChainDecorator$VirtualFilterChain.doFilter(ObservationFilterChainDecorator.java:137)
	at org.springframework.security.web.servletapi.SecurityContextHolderAwareRequestFilter.doFilter(SecurityContextHolderAwareRequestFilter.java:179)
	at org.springframework.security.web.ObservationFilterChainDecorator$ObservationFilter.wrapFilter(ObservationFilterChainDecorator.java:240)
	at org.springframework.security.web.ObservationFilterChainDecorator$ObservationFilter.doFilter(ObservationFilterChainDecorator.java:227)
	at org.springframework.security.web.ObservationFilterChainDecorator$VirtualFilterChain.doFilter(ObservationFilterChainDecorator.java:137)
	at org.springframework.security.web.savedrequest.RequestCacheAwareFilter.doFilter(RequestCacheAwareFilter.java:63)
	at org.springframework.security.web.ObservationFilterChainDecorator$ObservationFilter.wrapFilter(ObservationFilterChainDecorator.java:240)
	at org.springframework.security.web.ObservationFilterChainDecorator$ObservationFilter.doFilter(ObservationFilterChainDecorator.java:227)
	at org.springframework.security.web.ObservationFilterChainDecorator$VirtualFilterChain.doFilter(ObservationFilterChainDecorator.java:137)
	at org.springframework.security.web.authentication.ui.DefaultLogoutPageGeneratingFilter.doFilterInternal(DefaultLogoutPageGeneratingFilter.java:58)
	at org.springframework.web.filter.OncePerRequestFilter.doFilter(OncePerRequestFilter.java:116)
	at org.springframework.security.web.ObservationFilterChainDecorator$ObservationFilter.wrapFilter(ObservationFilterChainDecorator.java:240)
	at org.springframework.security.web.ObservationFilterChainDecorator$ObservationFilter.doFilter(ObservationFilterChainDecorator.java:227)
	at org.springframework.security.web.ObservationFilterChainDecorator$VirtualFilterChain.doFilter(ObservationFilterChainDecorator.java:137)
	at org.springframework.security.web.authentication.ui.DefaultLoginPageGeneratingFilter.doFilter(DefaultLoginPageGeneratingFilter.java:220)
	at org.springframework.security.web.authentication.ui.DefaultLoginPageGeneratingFilter.doFilter(DefaultLoginPageGeneratingFilter.java:206)
	at org.springframework.security.web.ObservationFilterChainDecorator$ObservationFilter.wrapFilter(ObservationFilterChainDecorator.java:240)
	at org.springframework.security.web.ObservationFilterChainDecorator$ObservationFilter.doFilter(ObservationFilterChainDecorator.java:227)
	at org.springframework.security.web.ObservationFilterChainDecorator$VirtualFilterChain.doFilter(ObservationFilterChainDecorator.java:137)
	at org.springframework.security.web.authentication.ui.DefaultResourcesFilter.doFilter(DefaultResourcesFilter.java:72)
	at org.springframework.security.web.ObservationFilterChainDecorator$ObservationFilter.wrapFilter(ObservationFilterChainDecorator.java:240)
	at org.springframework.security.web.ObservationFilterChainDecorator$ObservationFilter.doFilter(ObservationFilterChainDecorator.java:227)
	at org.springframework.security.web.ObservationFilterChainDecorator$VirtualFilterChain.doFilter(ObservationFilterChainDecorator.java:137)
	at org.springframework.security.web.authentication.AbstractAuthenticationProcessingFilter.doFilter(AbstractAuthenticationProcessingFilter.java:227)
	at org.springframework.security.web.authentication.AbstractAuthenticationProcessingFilter.doFilter(AbstractAuthenticationProcessingFilter.java:221)
	at org.springframework.security.web.ObservationFilterChainDecorator$ObservationFilter.wrapFilter(ObservationFilterChainDecorator.java:240)
	at org.springframework.security.web.ObservationFilterChainDecorator$ObservationFilter.doFilter(ObservationFilterChainDecorator.java:227)
	at org.springframework.security.web.ObservationFilterChainDecorator$VirtualFilterChain.doFilter(ObservationFilterChainDecorator.java:137)
	at org.springframework.security.web.authentication.logout.LogoutFilter.doFilter(LogoutFilter.java:107)
	at org.springframework.security.web.authentication.logout.LogoutFilter.doFilter(LogoutFilter.java:93)
	at org.springframework.security.web.ObservationFilterChainDecorator$ObservationFilter.wrapFilter(ObservationFilterChainDecorator.java:240)
	at org.springframework.security.web.ObservationFilterChainDecorator$ObservationFilter.doFilter(ObservationFilterChainDecorator.java:227)
	at org.springframework.security.web.ObservationFilterChainDecorator$VirtualFilterChain.doFilter(ObservationFilterChainDecorator.java:137)
	at org.springframework.security.web.csrf.CsrfFilter.doFilterInternal(CsrfFilter.java:131)
	at org.springframework.web.filter.OncePerRequestFilter.doFilter(OncePerRequestFilter.java:116)
	at org.springframework.security.web.ObservationFilterChainDecorator$ObservationFilter.wrapFilter(ObservationFilterChainDecorator.java:240)
	at org.springframework.security.web.ObservationFilterChainDecorator$ObservationFilter.doFilter(ObservationFilterChainDecorator.java:227)
	at org.springframework.security.web.ObservationFilterChainDecorator$VirtualFilterChain.doFilter(ObservationFilterChainDecorator.java:137)
	at org.springframework.security.web.header.HeaderWriterFilter.doHeadersAfter(HeaderWriterFilter.java:90)
	at org.springframework.security.web.header.HeaderWriterFilter.doFilterInternal(HeaderWriterFilter.java:75)
	at org.springframework.web.filter.OncePerRequestFilter.doFilter(OncePerRequestFilter.java:116)
	at org.springframework.security.web.ObservationFilterChainDecorator$ObservationFilter.wrapFilter(ObservationFilterChainDecorator.java:240)
	at org.springframework.security.web.ObservationFilterChainDecorator$ObservationFilter.doFilter(ObservationFilterChainDecorator.java:227)
	at org.springframework.security.web.ObservationFilterChainDecorator$VirtualFilterChain.doFilter(ObservationFilterChainDecorator.java:137)
	at org.springframework.security.web.context.SecurityContextHolderFilter.doFilter(SecurityContextHolderFilter.java:82)
	at org.springframework.security.web.context.SecurityContextHolderFilter.doFilter(SecurityContextHolderFilter.java:69)
	at org.springframework.security.web.ObservationFilterChainDecorator$ObservationFilter.wrapFilter(ObservationFilterChainDecorator.java:240)
	at org.springframework.security.web.ObservationFilterChainDecorator$ObservationFilter.doFilter(ObservationFilterChainDecorator.java:227)
	at org.springframework.security.web.ObservationFilterChainDecorator$VirtualFilterChain.doFilter(ObservationFilterChainDecorator.java:137)
	at org.springframework.security.web.context.request.async.WebAsyncManagerIntegrationFilter.doFilterInternal(WebAsyncManagerIntegrationFilter.java:62)
	at org.springframework.web.filter.OncePerRequestFilter.doFilter(OncePerRequestFilter.java:116)
	at org.springframework.security.web.ObservationFilterChainDecorator$ObservationFilter.wrapFilter(ObservationFilterChainDecorator.java:240)
	at org.springframework.security.web.ObservationFilterChainDecorator$ObservationFilter.doFilter(ObservationFilterChainDecorator.java:227)
	at org.springframework.security.web.ObservationFilterChainDecorator$VirtualFilterChain.doFilter(ObservationFilterChainDecorator.java:137)
	at org.springframework.security.web.session.DisableEncodeUrlFilter.doFilterInternal(DisableEncodeUrlFilter.java:42)
	at org.springframework.web.filter.OncePerRequestFilter.doFilter(OncePerRequestFilter.java:116)
	at org.springframework.security.web.ObservationFilterChainDecorator$ObservationFilter.wrapFilter(ObservationFilterChainDecorator.java:240)
	at org.springframework.security.web.ObservationFilterChainDecorator$AroundFilterObservation$SimpleAroundFilterObservation.lambda$wrap$0(ObservationFilterChainDecorator.java:323)
	at org.springframework.security.web.ObservationFilterChainDecorator$ObservationFilter.doFilter(ObservationFilterChainDecorator.java:224)
	at org.springframework.security.web.ObservationFilterChainDecorator$VirtualFilterChain.doFilter(ObservationFilterChainDecorator.java:137)
	at org.springframework.security.web.FilterChainProxy.doFilterInternal(FilterChainProxy.java:233)
	at org.springframework.security.web.FilterChainProxy.doFilter(FilterChainProxy.java:191)
	at org.springframework.web.filter.CompositeFilter$VirtualFilterChain.doFilter(CompositeFilter.java:113)
	at org.springframework.web.servlet.handler.HandlerMappingIntrospector.lambda$createCacheFilter$3(HandlerMappingIntrospector.java:243)
	at org.springframework.web.filter.CompositeFilter$VirtualFilterChain.doFilter(CompositeFilter.java:113)
	at org.springframework.web.filter.CompositeFilter.doFilter(CompositeFilter.java:74)
	at org.springframework.security.config.annotation.web.configuration.WebMvcSecurityConfiguration$CompositeFilterChainProxy.doFilter(WebMvcSecurityConfiguration.java:238)
	at org.springframework.web.filter.DelegatingFilterProxy.invokeDelegate(DelegatingFilterProxy.java:362)
	at org.springframework.web.filter.DelegatingFilterProxy.doFilter(DelegatingFilterProxy.java:278)
	at org.apache.catalina.core.ApplicationFilterChain.internalDoFilter(ApplicationFilterChain.java:164)
	at org.apache.catalina.core.ApplicationFilterChain.doFilter(ApplicationFilterChain.java:140)
	at org.springframework.web.filter.RequestContextFilter.doFilterInternal(RequestContextFilter.java:100)
	at org.springframework.web.filter.OncePerRequestFilter.doFilter(OncePerRequestFilter.java:116)
	at org.apache.catalina.core.ApplicationFilterChain.internalDoFilter(ApplicationFilterChain.java:164)
	at org.apache.catalina.core.ApplicationFilterChain.doFilter(ApplicationFilterChain.java:140)
	at org.springframework.web.filter.FormContentFilter.doFilterInternal(FormContentFilter.java:93)
	at org.springframework.web.filter.OncePerRequestFilter.doFilter(OncePerRequestFilter.java:116)
	at org.apache.catalina.core.ApplicationFilterChain.internalDoFilter(ApplicationFilterChain.java:164)
	at org.apache.catalina.core.ApplicationFilterChain.doFilter(ApplicationFilterChain.java:140)
	at org.springframework.web.filter.ServerHttpObservationFilter.doFilterInternal(ServerHttpObservationFilter.java:114)
	at org.springframework.web.filter.OncePerRequestFilter.doFilter(OncePerRequestFilter.java:116)
	at org.apache.catalina.core.ApplicationFilterChain.internalDoFilter(ApplicationFilterChain.java:164)
	at org.apache.catalina.core.ApplicationFilterChain.doFilter(ApplicationFilterChain.java:140)
	at org.springframework.web.filter.CharacterEncodingFilter.doFilterInternal(CharacterEncodingFilter.java:201)
	at org.springframework.web.filter.OncePerRequestFilter.doFilter(OncePerRequestFilter.java:116)
	at org.apache.catalina.core.ApplicationFilterChain.internalDoFilter(ApplicationFilterChain.java:164)
	at org.apache.catalina.core.ApplicationFilterChain.doFilter(ApplicationFilterChain.java:140)
	at org.apache.catalina.core.StandardWrapperValve.invoke(StandardWrapperValve.java:167)
	at org.apache.catalina.core.StandardContextValve.invoke(StandardContextValve.java:90)
	at org.apache.catalina.authenticator.AuthenticatorBase.invoke(AuthenticatorBase.java:483)
	at org.apache.catalina.core.StandardHostValve.invoke(StandardHostValve.java:115)
	at org.apache.catalina.valves.ErrorReportValve.invoke(ErrorReportValve.java:93)
	at org.apache.catalina.core.StandardEngineValve.invoke(StandardEngineValve.java:74)
	at org.apache.catalina.connector.CoyoteAdapter.service(CoyoteAdapter.java:344)
	at org.apache.coyote.http11.Http11Processor.service(Http11Processor.java:397)
	at org.apache.coyote.AbstractProcessorLight.process(AbstractProcessorLight.java:63)
	at org.apache.coyote.AbstractProtocol$ConnectionHandler.process(AbstractProtocol.java:905)
	at org.apache.tomcat.util.net.NioEndpoint$SocketProcessor.doRun(NioEndpoint.java:1741)
	at org.apache.tomcat.util.net.SocketProcessorBase.run(SocketProcessorBase.java:52)
	at org.apache.tomcat.util.threads.ThreadPoolExecutor.runWorker(ThreadPoolExecutor.java:1190)
	at org.apache.tomcat.util.threads.ThreadPoolExecutor$Worker.run(ThreadPoolExecutor.java:659)
	at org.apache.tomcat.util.threads.TaskThread$WrappingRunnable.run(TaskThread.java:63)
	at java.base/java.lang.Thread.run(Thread.java:840)
26-09-16 13:54:08.327 [http-nio-8080-exec-2] TRACE o.s.s.w.h.writers.HstsHeaderWriter - Not injecting HSTS header since it did not match request to [Is Secure]
26-09-16 13:54:08.330 [http-nio-8080-exec-2] TRACE o.s.s.w.c.HttpSessionSecurityContextRepository - Retrieved SecurityContextImpl [Authentication=UsernamePasswordAuthenticationToken [Principal=com.sprint.mission.discodeit.security.DiscodeitUserDetails@58527dda, Credentials=[PROTECTED], Authenticated=true, Details=WebAuthenticationDetails [RemoteIpAddress=0:0:0:0:0:0:0:1, SessionId=null], Granted Authorities=[ROLE_ADMIN]]] from SPRING_SECURITY_CONTEXT
26-09-16 13:54:08.330 [http-nio-8080-exec-2] TRACE o.s.s.w.a.AnonymousAuthenticationFilter - Did not set SecurityContextHolder since already authenticated UsernamePasswordAuthenticationToken [Principal=com.sprint.mission.discodeit.security.DiscodeitUserDetails@58527dda, Credentials=[PROTECTED], Authenticated=true, Details=WebAuthenticationDetails [RemoteIpAddress=0:0:0:0:0:0:0:1, SessionId=null], Granted Authorities=[ROLE_ADMIN]]
26-09-16 13:54:40.090 [http-nio-8080-exec-3] TRACE o.s.security.web.FilterChainProxy - Trying to match request against DefaultSecurityFilterChain defined as 'filterChain' in [class path resource [com/sprint/mission/discodeit/config/SecurityConfig.class]] matching [any request] and having filters [DisableEncodeUrl, WebAsyncManagerIntegration, SecurityContextHolder, HeaderWriter, Csrf, Logout, UsernamePasswordAuthentication, DefaultResources, DefaultLoginPageGenerating, DefaultLogoutPageGenerating, RequestCacheAware, SecurityContextHolderAwareRequest, AnonymousAuthentication, ExceptionTranslation] (1/1)
26-09-16 13:54:40.091 [http-nio-8080-exec-3] DEBUG o.s.security.web.FilterChainProxy - Securing POST /api/auth/role
26-09-16 13:54:40.091 [http-nio-8080-exec-3] TRACE o.s.security.web.FilterChainProxy - Invoking DisableEncodeUrlFilter (1/14)
26-09-16 13:54:40.091 [http-nio-8080-exec-3] TRACE o.s.security.web.FilterChainProxy - Invoking WebAsyncManagerIntegrationFilter (2/14)
26-09-16 13:54:40.091 [http-nio-8080-exec-3] TRACE o.s.security.web.FilterChainProxy - Invoking SecurityContextHolderFilter (3/14)
26-09-16 13:54:40.091 [http-nio-8080-exec-3] TRACE o.s.security.web.FilterChainProxy - Invoking HeaderWriterFilter (4/14)
26-09-16 13:54:40.091 [http-nio-8080-exec-3] TRACE o.s.security.web.FilterChainProxy - Invoking CsrfFilter (5/14)
26-09-16 13:54:40.092 [http-nio-8080-exec-3] TRACE o.s.security.web.FilterChainProxy - Invoking LogoutFilter (6/14)
26-09-16 13:54:40.092 [http-nio-8080-exec-3] TRACE o.s.s.w.a.logout.LogoutFilter - Did not match request to Ant [pattern='/api/auth/logout', POST]
26-09-16 13:54:40.092 [http-nio-8080-exec-3] TRACE o.s.security.web.FilterChainProxy - Invoking UsernamePasswordAuthenticationFilter (7/14)
26-09-16 13:54:40.092 [http-nio-8080-exec-3] TRACE o.s.s.w.a.UsernamePasswordAuthenticationFilter - Did not match request to Ant [pattern='/api/auth/login', POST]
26-09-16 13:54:40.092 [http-nio-8080-exec-3] TRACE o.s.security.web.FilterChainProxy - Invoking DefaultResourcesFilter (8/14)
26-09-16 13:54:40.092 [http-nio-8080-exec-3] TRACE o.s.security.web.FilterChainProxy - Invoking DefaultLoginPageGeneratingFilter (9/14)
26-09-16 13:54:40.092 [http-nio-8080-exec-3] TRACE o.s.security.web.FilterChainProxy - Invoking DefaultLogoutPageGeneratingFilter (10/14)
26-09-16 13:54:40.093 [http-nio-8080-exec-3] TRACE o.s.s.w.a.u.DefaultLogoutPageGeneratingFilter - Did not render default logout page since request did not match [Ant [pattern='/logout', GET]]
26-09-16 13:54:40.093 [http-nio-8080-exec-3] TRACE o.s.security.web.FilterChainProxy - Invoking RequestCacheAwareFilter (11/14)
26-09-16 13:54:40.093 [http-nio-8080-exec-3] TRACE o.s.s.w.s.HttpSessionRequestCache - matchingRequestParameterName is required for getMatchingRequest to lookup a value, but not provided
26-09-16 13:54:40.093 [http-nio-8080-exec-3] TRACE o.s.security.web.FilterChainProxy - Invoking SecurityContextHolderAwareRequestFilter (12/14)
26-09-16 13:54:40.093 [http-nio-8080-exec-3] TRACE o.s.security.web.FilterChainProxy - Invoking AnonymousAuthenticationFilter (13/14)
26-09-16 13:54:40.094 [http-nio-8080-exec-3] TRACE o.s.security.web.FilterChainProxy - Invoking ExceptionTranslationFilter (14/14)
26-09-16 13:54:40.095 [http-nio-8080-exec-3] DEBUG o.s.security.web.FilterChainProxy - Secured POST /api/auth/role
26-09-16 13:54:40.098 [http-nio-8080-exec-3] ERROR c.s.m.d.e.GlobalExceptionHandler - [예상치 못한 예외 발생] type=HttpRequestMethodNotSupportedException, message=Request method 'POST' is not supported
org.springframework.web.HttpRequestMethodNotSupportedException: Request method 'POST' is not supported
	at org.springframework.web.servlet.mvc.method.RequestMappingInfoHandlerMapping.handleNoMatch(RequestMappingInfoHandlerMapping.java:267)
	at org.springframework.web.servlet.handler.AbstractHandlerMethodMapping.lookupHandlerMethod(AbstractHandlerMethodMapping.java:441)
	at org.springframework.web.servlet.handler.AbstractHandlerMethodMapping.getHandlerInternal(AbstractHandlerMethodMapping.java:382)
	at org.springframework.web.servlet.mvc.method.RequestMappingInfoHandlerMapping.getHandlerInternal(RequestMappingInfoHandlerMapping.java:127)
	at org.springframework.web.servlet.mvc.method.RequestMappingInfoHandlerMapping.getHandlerInternal(RequestMappingInfoHandlerMapping.java:68)
	at org.springframework.web.servlet.handler.AbstractHandlerMapping.getHandler(AbstractHandlerMapping.java:509)
	at org.springframework.web.servlet.DispatcherServlet.getHandler(DispatcherServlet.java:1283)
	at org.springframework.web.servlet.DispatcherServlet.doDispatch(DispatcherServlet.java:1064)
	at org.springframework.web.servlet.DispatcherServlet.doService(DispatcherServlet.java:978)
	at org.springframework.web.servlet.FrameworkServlet.processRequest(FrameworkServlet.java:1014)
	at org.springframework.web.servlet.FrameworkServlet.doPost(FrameworkServlet.java:914)
	at jakarta.servlet.http.HttpServlet.service(HttpServlet.java:590)
	at org.springframework.web.servlet.FrameworkServlet.service(FrameworkServlet.java:885)
	at jakarta.servlet.http.HttpServlet.service(HttpServlet.java:658)
	at org.apache.catalina.core.ApplicationFilterChain.internalDoFilter(ApplicationFilterChain.java:195)
	at org.apache.catalina.core.ApplicationFilterChain.doFilter(ApplicationFilterChain.java:140)
	at org.apache.tomcat.websocket.server.WsFilter.doFilter(WsFilter.java:51)
	at org.apache.catalina.core.ApplicationFilterChain.internalDoFilter(ApplicationFilterChain.java:164)
	at org.apache.catalina.core.ApplicationFilterChain.doFilter(ApplicationFilterChain.java:140)
	at org.springframework.web.filter.CompositeFilter$VirtualFilterChain.doFilter(CompositeFilter.java:108)
	at org.springframework.security.web.FilterChainProxy.lambda$doFilterInternal$3(FilterChainProxy.java:231)
	at org.springframework.security.web.ObservationFilterChainDecorator$FilterObservation$SimpleFilterObservation.lambda$wrap$1(ObservationFilterChainDecorator.java:479)
	at org.springframework.security.web.ObservationFilterChainDecorator$AroundFilterObservation$SimpleAroundFilterObservation.lambda$wrap$1(ObservationFilterChainDecorator.java:340)
	at org.springframework.security.web.ObservationFilterChainDecorator.lambda$wrapSecured$0(ObservationFilterChainDecorator.java:82)
	at org.springframework.security.web.ObservationFilterChainDecorator$VirtualFilterChain.doFilter(ObservationFilterChainDecorator.java:128)
	at org.springframework.security.web.access.ExceptionTranslationFilter.doFilter(ExceptionTranslationFilter.java:126)
	at org.springframework.security.web.access.ExceptionTranslationFilter.doFilter(ExceptionTranslationFilter.java:120)
	at org.springframework.security.web.ObservationFilterChainDecorator$ObservationFilter.wrapFilter(ObservationFilterChainDecorator.java:240)
	at org.springframework.security.web.ObservationFilterChainDecorator$ObservationFilter.doFilter(ObservationFilterChainDecorator.java:227)
	at org.springframework.security.web.ObservationFilterChainDecorator$VirtualFilterChain.doFilter(ObservationFilterChainDecorator.java:137)
	at org.springframework.security.web.authentication.AnonymousAuthenticationFilter.doFilter(AnonymousAuthenticationFilter.java:100)
	at org.springframework.security.web.ObservationFilterChainDecorator$ObservationFilter.wrapFilter(ObservationFilterChainDecorator.java:240)
	at org.springframework.security.web.ObservationFilterChainDecorator$ObservationFilter.doFilter(ObservationFilterChainDecorator.java:227)
	at org.springframework.security.web.ObservationFilterChainDecorator$VirtualFilterChain.doFilter(ObservationFilterChainDecorator.java:137)
	at org.springframework.security.web.servletapi.SecurityContextHolderAwareRequestFilter.doFilter(SecurityContextHolderAwareRequestFilter.java:179)
	at org.springframework.security.web.ObservationFilterChainDecorator$ObservationFilter.wrapFilter(ObservationFilterChainDecorator.java:240)
	at org.springframework.security.web.ObservationFilterChainDecorator$ObservationFilter.doFilter(ObservationFilterChainDecorator.java:227)
	at org.springframework.security.web.ObservationFilterChainDecorator$VirtualFilterChain.doFilter(ObservationFilterChainDecorator.java:137)
	at org.springframework.security.web.savedrequest.RequestCacheAwareFilter.doFilter(RequestCacheAwareFilter.java:63)
	at org.springframework.security.web.ObservationFilterChainDecorator$ObservationFilter.wrapFilter(ObservationFilterChainDecorator.java:240)
	at org.springframework.security.web.ObservationFilterChainDecorator$ObservationFilter.doFilter(ObservationFilterChainDecorator.java:227)
	at org.springframework.security.web.ObservationFilterChainDecorator$VirtualFilterChain.doFilter(ObservationFilterChainDecorator.java:137)
	at org.springframework.security.web.authentication.ui.DefaultLogoutPageGeneratingFilter.doFilterInternal(DefaultLogoutPageGeneratingFilter.java:58)
	at org.springframework.web.filter.OncePerRequestFilter.doFilter(OncePerRequestFilter.java:116)
	at org.springframework.security.web.ObservationFilterChainDecorator$ObservationFilter.wrapFilter(ObservationFilterChainDecorator.java:240)
	at org.springframework.security.web.ObservationFilterChainDecorator$ObservationFilter.doFilter(ObservationFilterChainDecorator.java:227)
	at org.springframework.security.web.ObservationFilterChainDecorator$VirtualFilterChain.doFilter(ObservationFilterChainDecorator.java:137)
	at org.springframework.security.web.authentication.ui.DefaultLoginPageGeneratingFilter.doFilter(DefaultLoginPageGeneratingFilter.java:220)
	at org.springframework.security.web.authentication.ui.DefaultLoginPageGeneratingFilter.doFilter(DefaultLoginPageGeneratingFilter.java:206)
	at org.springframework.security.web.ObservationFilterChainDecorator$ObservationFilter.wrapFilter(ObservationFilterChainDecorator.java:240)
	at org.springframework.security.web.ObservationFilterChainDecorator$ObservationFilter.doFilter(ObservationFilterChainDecorator.java:227)
	at org.springframework.security.web.ObservationFilterChainDecorator$VirtualFilterChain.doFilter(ObservationFilterChainDecorator.java:137)
	at org.springframework.security.web.authentication.ui.DefaultResourcesFilter.doFilter(DefaultResourcesFilter.java:72)
	at org.springframework.security.web.ObservationFilterChainDecorator$ObservationFilter.wrapFilter(ObservationFilterChainDecorator.java:240)
	at org.springframework.security.web.ObservationFilterChainDecorator$ObservationFilter.doFilter(ObservationFilterChainDecorator.java:227)
	at org.springframework.security.web.ObservationFilterChainDecorator$VirtualFilterChain.doFilter(ObservationFilterChainDecorator.java:137)
	at org.springframework.security.web.authentication.AbstractAuthenticationProcessingFilter.doFilter(AbstractAuthenticationProcessingFilter.java:227)
	at org.springframework.security.web.authentication.AbstractAuthenticationProcessingFilter.doFilter(AbstractAuthenticationProcessingFilter.java:221)
	at org.springframework.security.web.ObservationFilterChainDecorator$ObservationFilter.wrapFilter(ObservationFilterChainDecorator.java:240)
	at org.springframework.security.web.ObservationFilterChainDecorator$ObservationFilter.doFilter(ObservationFilterChainDecorator.java:227)
	at org.springframework.security.web.ObservationFilterChainDecorator$VirtualFilterChain.doFilter(ObservationFilterChainDecorator.java:137)
	at org.springframework.security.web.authentication.logout.LogoutFilter.doFilter(LogoutFilter.java:107)
	at org.springframework.security.web.authentication.logout.LogoutFilter.doFilter(LogoutFilter.java:93)
	at org.springframework.security.web.ObservationFilterChainDecorator$ObservationFilter.wrapFilter(ObservationFilterChainDecorator.java:240)
	at org.springframework.security.web.ObservationFilterChainDecorator$ObservationFilter.doFilter(ObservationFilterChainDecorator.java:227)
	at org.springframework.security.web.ObservationFilterChainDecorator$VirtualFilterChain.doFilter(ObservationFilterChainDecorator.java:137)
	at org.springframework.security.web.csrf.CsrfFilter.doFilterInternal(CsrfFilter.java:131)
	at org.springframework.web.filter.OncePerRequestFilter.doFilter(OncePerRequestFilter.java:116)
	at org.springframework.security.web.ObservationFilterChainDecorator$ObservationFilter.wrapFilter(ObservationFilterChainDecorator.java:240)
	at org.springframework.security.web.ObservationFilterChainDecorator$ObservationFilter.doFilter(ObservationFilterChainDecorator.java:227)
	at org.springframework.security.web.ObservationFilterChainDecorator$VirtualFilterChain.doFilter(ObservationFilterChainDecorator.java:137)
	at org.springframework.security.web.header.HeaderWriterFilter.doHeadersAfter(HeaderWriterFilter.java:90)
	at org.springframework.security.web.header.HeaderWriterFilter.doFilterInternal(HeaderWriterFilter.java:75)
	at org.springframework.web.filter.OncePerRequestFilter.doFilter(OncePerRequestFilter.java:116)
	at org.springframework.security.web.ObservationFilterChainDecorator$ObservationFilter.wrapFilter(ObservationFilterChainDecorator.java:240)
	at org.springframework.security.web.ObservationFilterChainDecorator$ObservationFilter.doFilter(ObservationFilterChainDecorator.java:227)
	at org.springframework.security.web.ObservationFilterChainDecorator$VirtualFilterChain.doFilter(ObservationFilterChainDecorator.java:137)
	at org.springframework.security.web.context.SecurityContextHolderFilter.doFilter(SecurityContextHolderFilter.java:82)
	at org.springframework.security.web.context.SecurityContextHolderFilter.doFilter(SecurityContextHolderFilter.java:69)
	at org.springframework.security.web.ObservationFilterChainDecorator$ObservationFilter.wrapFilter(ObservationFilterChainDecorator.java:240)
	at org.springframework.security.web.ObservationFilterChainDecorator$ObservationFilter.doFilter(ObservationFilterChainDecorator.java:227)
	at org.springframework.security.web.ObservationFilterChainDecorator$VirtualFilterChain.doFilter(ObservationFilterChainDecorator.java:137)
	at org.springframework.security.web.context.request.async.WebAsyncManagerIntegrationFilter.doFilterInternal(WebAsyncManagerIntegrationFilter.java:62)
	at org.springframework.web.filter.OncePerRequestFilter.doFilter(OncePerRequestFilter.java:116)
	at org.springframework.security.web.ObservationFilterChainDecorator$ObservationFilter.wrapFilter(ObservationFilterChainDecorator.java:240)
	at org.springframework.security.web.ObservationFilterChainDecorator$ObservationFilter.doFilter(ObservationFilterChainDecorator.java:227)
	at org.springframework.security.web.ObservationFilterChainDecorator$VirtualFilterChain.doFilter(ObservationFilterChainDecorator.java:137)
	at org.springframework.security.web.session.DisableEncodeUrlFilter.doFilterInternal(DisableEncodeUrlFilter.java:42)
	at org.springframework.web.filter.OncePerRequestFilter.doFilter(OncePerRequestFilter.java:116)
	at org.springframework.security.web.ObservationFilterChainDecorator$ObservationFilter.wrapFilter(ObservationFilterChainDecorator.java:240)
	at org.springframework.security.web.ObservationFilterChainDecorator$AroundFilterObservation$SimpleAroundFilterObservation.lambda$wrap$0(ObservationFilterChainDecorator.java:323)
	at org.springframework.security.web.ObservationFilterChainDecorator$ObservationFilter.doFilter(ObservationFilterChainDecorator.java:224)
	at org.springframework.security.web.ObservationFilterChainDecorator$VirtualFilterChain.doFilter(ObservationFilterChainDecorator.java:137)
	at org.springframework.security.web.FilterChainProxy.doFilterInternal(FilterChainProxy.java:233)
	at org.springframework.security.web.FilterChainProxy.doFilter(FilterChainProxy.java:191)
	at org.springframework.web.filter.CompositeFilter$VirtualFilterChain.doFilter(CompositeFilter.java:113)
	at org.springframework.web.servlet.handler.HandlerMappingIntrospector.lambda$createCacheFilter$3(HandlerMappingIntrospector.java:243)
	at org.springframework.web.filter.CompositeFilter$VirtualFilterChain.doFilter(CompositeFilter.java:113)
	at org.springframework.web.filter.CompositeFilter.doFilter(CompositeFilter.java:74)
	at org.springframework.security.config.annotation.web.configuration.WebMvcSecurityConfiguration$CompositeFilterChainProxy.doFilter(WebMvcSecurityConfiguration.java:238)
	at org.springframework.web.filter.DelegatingFilterProxy.invokeDelegate(DelegatingFilterProxy.java:362)
	at org.springframework.web.filter.DelegatingFilterProxy.doFilter(DelegatingFilterProxy.java:278)
	at org.apache.catalina.core.ApplicationFilterChain.internalDoFilter(ApplicationFilterChain.java:164)
	at org.apache.catalina.core.ApplicationFilterChain.doFilter(ApplicationFilterChain.java:140)
	at org.springframework.web.filter.RequestContextFilter.doFilterInternal(RequestContextFilter.java:100)
	at org.springframework.web.filter.OncePerRequestFilter.doFilter(OncePerRequestFilter.java:116)
	at org.apache.catalina.core.ApplicationFilterChain.internalDoFilter(ApplicationFilterChain.java:164)
	at org.apache.catalina.core.ApplicationFilterChain.doFilter(ApplicationFilterChain.java:140)
	at org.springframework.web.filter.FormContentFilter.doFilterInternal(FormContentFilter.java:93)
	at org.springframework.web.filter.OncePerRequestFilter.doFilter(OncePerRequestFilter.java:116)
	at org.apache.catalina.core.ApplicationFilterChain.internalDoFilter(ApplicationFilterChain.java:164)
	at org.apache.catalina.core.ApplicationFilterChain.doFilter(ApplicationFilterChain.java:140)
	at org.springframework.web.filter.ServerHttpObservationFilter.doFilterInternal(ServerHttpObservationFilter.java:114)
	at org.springframework.web.filter.OncePerRequestFilter.doFilter(OncePerRequestFilter.java:116)
	at org.apache.catalina.core.ApplicationFilterChain.internalDoFilter(ApplicationFilterChain.java:164)
	at org.apache.catalina.core.ApplicationFilterChain.doFilter(ApplicationFilterChain.java:140)
	at org.springframework.web.filter.CharacterEncodingFilter.doFilterInternal(CharacterEncodingFilter.java:201)
	at org.springframework.web.filter.OncePerRequestFilter.doFilter(OncePerRequestFilter.java:116)
	at org.apache.catalina.core.ApplicationFilterChain.internalDoFilter(ApplicationFilterChain.java:164)
	at org.apache.catalina.core.ApplicationFilterChain.doFilter(ApplicationFilterChain.java:140)
	at org.apache.catalina.core.StandardWrapperValve.invoke(StandardWrapperValve.java:167)
	at org.apache.catalina.core.StandardContextValve.invoke(StandardContextValve.java:90)
	at org.apache.catalina.authenticator.AuthenticatorBase.invoke(AuthenticatorBase.java:483)
	at org.apache.catalina.core.StandardHostValve.invoke(StandardHostValve.java:115)
	at org.apache.catalina.valves.ErrorReportValve.invoke(ErrorReportValve.java:93)
	at org.apache.catalina.core.StandardEngineValve.invoke(StandardEngineValve.java:74)
	at org.apache.catalina.connector.CoyoteAdapter.service(CoyoteAdapter.java:344)
	at org.apache.coyote.http11.Http11Processor.service(Http11Processor.java:397)
	at org.apache.coyote.AbstractProcessorLight.process(AbstractProcessorLight.java:63)
	at org.apache.coyote.AbstractProtocol$ConnectionHandler.process(AbstractProtocol.java:905)
	at org.apache.tomcat.util.net.NioEndpoint$SocketProcessor.doRun(NioEndpoint.java:1741)
	at org.apache.tomcat.util.net.SocketProcessorBase.run(SocketProcessorBase.java:52)
	at org.apache.tomcat.util.threads.ThreadPoolExecutor.runWorker(ThreadPoolExecutor.java:1190)
	at org.apache.tomcat.util.threads.ThreadPoolExecutor$Worker.run(ThreadPoolExecutor.java:659)
	at org.apache.tomcat.util.threads.TaskThread$WrappingRunnable.run(TaskThread.java:63)
	at java.base/java.lang.Thread.run(Thread.java:840)
26-09-16 13:54:40.107 [http-nio-8080-exec-3] TRACE o.s.s.w.h.writers.HstsHeaderWriter - Not injecting HSTS header since it did not match request to [Is Secure]
26-09-16 13:54:40.107 [http-nio-8080-exec-3] TRACE o.s.s.w.c.HttpSessionSecurityContextRepository - Retrieved SecurityContextImpl [Authentication=UsernamePasswordAuthenticationToken [Principal=com.sprint.mission.discodeit.security.DiscodeitUserDetails@58527dda, Credentials=[PROTECTED], Authenticated=true, Details=WebAuthenticationDetails [RemoteIpAddress=0:0:0:0:0:0:0:1, SessionId=null], Granted Authorities=[ROLE_ADMIN]]] from SPRING_SECURITY_CONTEXT
26-09-16 13:54:40.107 [http-nio-8080-exec-3] TRACE o.s.s.w.a.AnonymousAuthenticationFilter - Did not set SecurityContextHolder since already authenticated UsernamePasswordAuthenticationToken [Principal=com.sprint.mission.discodeit.security.DiscodeitUserDetails@58527dda, Credentials=[PROTECTED], Authenticated=true, Details=WebAuthenticationDetails [RemoteIpAddress=0:0:0:0:0:0:0:1, SessionId=null], Granted Authorities=[ROLE_ADMIN]]
26-09-16 13:56:28.384 [http-nio-8080-exec-4] TRACE o.s.security.web.FilterChainProxy - Trying to match request against DefaultSecurityFilterChain defined as 'filterChain' in [class path resource [com/sprint/mission/discodeit/config/SecurityConfig.class]] matching [any request] and having filters [DisableEncodeUrl, WebAsyncManagerIntegration, SecurityContextHolder, HeaderWriter, Csrf, Logout, UsernamePasswordAuthentication, DefaultResources, DefaultLoginPageGenerating, DefaultLogoutPageGenerating, RequestCacheAware, SecurityContextHolderAwareRequest, AnonymousAuthentication, ExceptionTranslation] (1/1)
26-09-16 13:56:28.386 [http-nio-8080-exec-4] DEBUG o.s.security.web.FilterChainProxy - Securing PUT /api/auth/role
26-09-16 13:56:28.386 [http-nio-8080-exec-4] TRACE o.s.security.web.FilterChainProxy - Invoking DisableEncodeUrlFilter (1/14)
26-09-16 13:56:28.388 [http-nio-8080-exec-4] TRACE o.s.security.web.FilterChainProxy - Invoking WebAsyncManagerIntegrationFilter (2/14)
26-09-16 13:56:28.388 [http-nio-8080-exec-4] TRACE o.s.security.web.FilterChainProxy - Invoking SecurityContextHolderFilter (3/14)
26-09-16 13:56:28.388 [http-nio-8080-exec-4] TRACE o.s.security.web.FilterChainProxy - Invoking HeaderWriterFilter (4/14)
26-09-16 13:56:28.388 [http-nio-8080-exec-4] TRACE o.s.security.web.FilterChainProxy - Invoking CsrfFilter (5/14)
26-09-16 13:56:28.389 [http-nio-8080-exec-4] TRACE o.s.security.web.FilterChainProxy - Invoking LogoutFilter (6/14)
26-09-16 13:56:28.389 [http-nio-8080-exec-4] TRACE o.s.s.w.a.logout.LogoutFilter - Did not match request to Ant [pattern='/api/auth/logout', POST]
26-09-16 13:56:28.389 [http-nio-8080-exec-4] TRACE o.s.security.web.FilterChainProxy - Invoking UsernamePasswordAuthenticationFilter (7/14)
26-09-16 13:56:28.389 [http-nio-8080-exec-4] TRACE o.s.s.w.a.UsernamePasswordAuthenticationFilter - Did not match request to Ant [pattern='/api/auth/login', POST]
26-09-16 13:56:28.389 [http-nio-8080-exec-4] TRACE o.s.security.web.FilterChainProxy - Invoking DefaultResourcesFilter (8/14)
26-09-16 13:56:28.390 [http-nio-8080-exec-4] TRACE o.s.security.web.FilterChainProxy - Invoking DefaultLoginPageGeneratingFilter (9/14)
26-09-16 13:56:28.390 [http-nio-8080-exec-4] TRACE o.s.security.web.FilterChainProxy - Invoking DefaultLogoutPageGeneratingFilter (10/14)
26-09-16 13:56:28.390 [http-nio-8080-exec-4] TRACE o.s.s.w.a.u.DefaultLogoutPageGeneratingFilter - Did not render default logout page since request did not match [Ant [pattern='/logout', GET]]
26-09-16 13:56:28.390 [http-nio-8080-exec-4] TRACE o.s.security.web.FilterChainProxy - Invoking RequestCacheAwareFilter (11/14)
26-09-16 13:56:28.390 [http-nio-8080-exec-4] TRACE o.s.s.w.s.HttpSessionRequestCache - matchingRequestParameterName is required for getMatchingRequest to lookup a value, but not provided
26-09-16 13:56:28.390 [http-nio-8080-exec-4] TRACE o.s.security.web.FilterChainProxy - Invoking SecurityContextHolderAwareRequestFilter (12/14)
26-09-16 13:56:28.390 [http-nio-8080-exec-4] TRACE o.s.security.web.FilterChainProxy - Invoking AnonymousAuthenticationFilter (13/14)
26-09-16 13:56:28.390 [http-nio-8080-exec-4] TRACE o.s.security.web.FilterChainProxy - Invoking ExceptionTranslationFilter (14/14)
26-09-16 13:56:28.391 [http-nio-8080-exec-4] DEBUG o.s.security.web.FilterChainProxy - Secured PUT /api/auth/role
26-09-16 13:56:28.761 [http-nio-8080-exec-4] TRACE o.s.s.w.h.writers.HstsHeaderWriter - Not injecting HSTS header since it did not match request to [Is Secure]
26-09-16 13:56:28.763 [http-nio-8080-exec-4] TRACE o.s.s.w.c.HttpSessionSecurityContextRepository - Retrieved SecurityContextImpl [Authentication=UsernamePasswordAuthenticationToken [Principal=com.sprint.mission.discodeit.security.DiscodeitUserDetails@58527dda, Credentials=[PROTECTED], Authenticated=true, Details=WebAuthenticationDetails [RemoteIpAddress=0:0:0:0:0:0:0:1, SessionId=null], Granted Authorities=[ROLE_ADMIN]]] from SPRING_SECURITY_CONTEXT
26-09-16 13:56:28.763 [http-nio-8080-exec-4] TRACE o.s.s.w.a.AnonymousAuthenticationFilter - Did not set SecurityContextHolder since already authenticated UsernamePasswordAuthenticationToken [Principal=com.sprint.mission.discodeit.security.DiscodeitUserDetails@58527dda, Credentials=[PROTECTED], Authenticated=true, Details=WebAuthenticationDetails [RemoteIpAddress=0:0:0:0:0:0:0:1, SessionId=null], Granted Authorities=[ROLE_ADMIN]]
26-09-16 13:56:58.126 [SpringApplicationShutdownHook] INFO  o.s.b.w.e.tomcat.GracefulShutdown - Commencing graceful shutdown. Waiting for active requests to complete
26-09-16 13:56:58.148 [tomcat-shutdown] INFO  o.s.b.w.e.tomcat.GracefulShutdown - Graceful shutdown complete
26-09-16 13:56:58.253 [SpringApplicationShutdownHook] INFO  o.s.o.j.LocalContainerEntityManagerFactoryBean - Closing JPA EntityManagerFactory for persistence unit 'default'
26-09-16 13:56:58.287 [SpringApplicationShutdownHook] INFO  com.zaxxer.hikari.HikariDataSource - HikariPool-1 - Shutdown initiated...
26-09-16 13:56:58.310 [SpringApplicationShutdownHook] INFO  com.zaxxer.hikari.HikariDataSource - HikariPool-1 - Shutdown completed.
26-09-16 14:18:17.873 [background-preinit] INFO  o.h.validator.internal.util.Version - HV000001: Hibernate Validator 8.0.1.Final
26-09-16 14:18:17.940 [main] INFO  c.s.m.discodeit.DiscodeitApplication - Starting DiscodeitApplication using Java 17.0.19 with PID 6444 (/Users/jangjunseo/Desktop/codei_13th_develop/13-sprint-mission/build/classes/java/main started by jangjunseo in /Users/jangjunseo/Desktop/codei_13th_develop/13-sprint-mission)
26-09-16 14:18:17.941 [main] INFO  c.s.m.discodeit.DiscodeitApplication - The following 1 profile is active: "dev"
26-09-16 14:18:18.985 [main] INFO  o.s.d.r.c.RepositoryConfigurationDelegate - Bootstrapping Spring Data JPA repositories in DEFAULT mode.
26-09-16 14:18:19.044 [main] INFO  o.s.d.r.c.RepositoryConfigurationDelegate - Finished Spring Data repository scanning in 49 ms. Found 6 JPA repository interfaces.
26-09-16 14:18:19.674 [main] INFO  o.s.b.w.e.tomcat.TomcatWebServer - Tomcat initialized with port 8080 (http)
26-09-16 14:18:19.684 [main] INFO  o.a.coyote.http11.Http11NioProtocol - Initializing ProtocolHandler ["http-nio-8080"]
26-09-16 14:18:19.685 [main] INFO  o.a.catalina.core.StandardService - Starting service [Tomcat]
26-09-16 14:18:19.685 [main] INFO  o.a.catalina.core.StandardEngine - Starting Servlet engine: [Apache Tomcat/10.1.33]
26-09-16 14:18:19.720 [main] INFO  o.a.c.c.C.[Tomcat].[localhost].[/] - Initializing Spring embedded WebApplicationContext
26-09-16 14:18:19.721 [main] INFO  o.s.b.w.s.c.ServletWebServerApplicationContext - Root WebApplicationContext: initialization completed in 1744 ms
26-09-16 14:18:19.895 [main] INFO  com.zaxxer.hikari.HikariDataSource - HikariPool-1 - Starting...
26-09-16 14:18:20.024 [main] INFO  com.zaxxer.hikari.pool.HikariPool - HikariPool-1 - Added connection org.postgresql.jdbc.PgConnection@29f8134
26-09-16 14:18:20.025 [main] INFO  com.zaxxer.hikari.HikariDataSource - HikariPool-1 - Start completed.
26-09-16 14:18:20.096 [main] INFO  o.h.jpa.internal.util.LogHelper - HHH000204: Processing PersistenceUnitInfo [name: default]
26-09-16 14:18:20.155 [main] INFO  org.hibernate.Version - HHH000412: Hibernate ORM core version 6.6.2.Final
26-09-16 14:18:20.180 [main] INFO  o.h.c.i.RegionFactoryInitiator - HHH000026: Second-level cache disabled
26-09-16 14:18:20.372 [main] INFO  o.s.o.j.p.SpringPersistenceUnitInfo - No LoadTimeWeaver setup: ignoring JPA class transformer
26-09-16 14:18:20.467 [main] INFO  o.hibernate.orm.connections.pooling - HHH10001005: Database info:
	Database JDBC URL [Connecting through datasource 'HikariDataSource (HikariPool-1)']
	Database driver: undefined/unknown
	Database version: 17.10
	Autocommit mode: undefined/unknown
	Isolation level: undefined/unknown
	Minimum pool size: undefined/unknown
	Maximum pool size: undefined/unknown
26-09-16 14:18:21.111 [main] INFO  o.h.e.t.j.p.i.JtaPlatformInitiator - HHH000489: No JTA platform available (set 'hibernate.transaction.jta.platform' to enable JTA platform integration)
26-09-16 14:18:21.161 [main] INFO  o.s.o.j.LocalContainerEntityManagerFactoryBean - Initialized JPA EntityManagerFactory for persistence unit 'default'
26-09-16 14:18:21.701 [main] TRACE o.s.s.c.a.a.c.AuthenticationConfiguration$EnableGlobalAuthenticationAutowiredConfigurer - Eagerly initializing {securityConfig=com.sprint.mission.discodeit.config.SecurityConfig$$SpringCGLIB$$0@724a80d2}
26-09-16 14:18:21.706 [main] INFO  o.s.s.c.a.a.c.InitializeUserDetailsBeanManagerConfigurer$InitializeUserDetailsManagerConfigurer - Global AuthenticationManager configured with UserDetailsService bean with name discodeitUserDetailsService
26-09-16 14:18:21.782 [main] INFO  o.s.b.a.w.s.WelcomePageHandlerMapping - Adding welcome page: class path resource [static/index.html]
26-09-16 14:18:22.019 [main] INFO  o.s.b.a.e.web.EndpointLinksResolver - Exposing 4 endpoints beneath base path '/actuator'
26-09-16 14:18:22.190 [main] DEBUG o.s.s.web.DefaultSecurityFilterChain - Will secure any request with filters: DisableEncodeUrlFilter, WebAsyncManagerIntegrationFilter, SecurityContextHolderFilter, HeaderWriterFilter, CsrfFilter, LogoutFilter, UsernamePasswordAuthenticationFilter, DefaultResourcesFilter, DefaultLoginPageGeneratingFilter, DefaultLogoutPageGeneratingFilter, RequestCacheAwareFilter, SecurityContextHolderAwareRequestFilter, AnonymousAuthenticationFilter, ExceptionTranslationFilter, AuthorizationFilter
26-09-16 14:18:23.007 [main] INFO  o.a.coyote.http11.Http11NioProtocol - Starting ProtocolHandler ["http-nio-8080"]
26-09-16 14:18:23.036 [main] INFO  o.s.b.w.e.tomcat.TomcatWebServer - Tomcat started on port 8080 (http) with context path '/'
26-09-16 14:18:23.065 [main] INFO  c.s.m.discodeit.DiscodeitApplication - Started DiscodeitApplication in 5.602 seconds (process running for 6.415)
26-09-16 14:18:23.890 [RMI TCP Connection(2)-127.0.0.1] INFO  o.a.c.c.C.[Tomcat].[localhost].[/] - Initializing Spring DispatcherServlet 'dispatcherServlet'
26-09-16 14:18:23.891 [RMI TCP Connection(2)-127.0.0.1] INFO  o.s.web.servlet.DispatcherServlet - Initializing Servlet 'dispatcherServlet'
26-09-16 14:18:23.895 [RMI TCP Connection(2)-127.0.0.1] INFO  o.s.web.servlet.DispatcherServlet - Completed initialization in 4 ms
26-09-16 14:22:51.536 [http-nio-8080-exec-1] TRACE o.s.security.web.FilterChainProxy - Trying to match request against DefaultSecurityFilterChain defined as 'filterChain' in [class path resource [com/sprint/mission/discodeit/config/SecurityConfig.class]] matching [any request] and having filters [DisableEncodeUrl, WebAsyncManagerIntegration, SecurityContextHolder, HeaderWriter, Csrf, Logout, UsernamePasswordAuthentication, DefaultResources, DefaultLoginPageGenerating, DefaultLogoutPageGenerating, RequestCacheAware, SecurityContextHolderAwareRequest, AnonymousAuthentication, ExceptionTranslation, Authorization] (1/1)
26-09-16 14:22:51.537 [http-nio-8080-exec-1] DEBUG o.s.security.web.FilterChainProxy - Securing GET /api/users
26-09-16 14:22:51.543 [http-nio-8080-exec-1] TRACE o.s.security.web.FilterChainProxy - Invoking DisableEncodeUrlFilter (1/15)
26-09-16 14:22:51.555 [http-nio-8080-exec-1] TRACE o.s.security.web.FilterChainProxy - Invoking WebAsyncManagerIntegrationFilter (2/15)
26-09-16 14:22:51.559 [http-nio-8080-exec-1] TRACE o.s.security.web.FilterChainProxy - Invoking SecurityContextHolderFilter (3/15)
26-09-16 14:22:51.562 [http-nio-8080-exec-1] TRACE o.s.security.web.FilterChainProxy - Invoking HeaderWriterFilter (4/15)
26-09-16 14:22:51.564 [http-nio-8080-exec-1] TRACE o.s.security.web.FilterChainProxy - Invoking CsrfFilter (5/15)
26-09-16 14:22:51.569 [http-nio-8080-exec-1] TRACE o.s.security.web.csrf.CsrfFilter - Did not protect against CSRF since request did not match CsrfNotRequired [TRACE, HEAD, GET, OPTIONS]
26-09-16 14:22:51.569 [http-nio-8080-exec-1] TRACE o.s.security.web.FilterChainProxy - Invoking LogoutFilter (6/15)
26-09-16 14:22:51.570 [http-nio-8080-exec-1] TRACE o.s.s.w.a.logout.LogoutFilter - Did not match request to Ant [pattern='/api/auth/logout', POST]
26-09-16 14:22:51.570 [http-nio-8080-exec-1] TRACE o.s.security.web.FilterChainProxy - Invoking UsernamePasswordAuthenticationFilter (7/15)
26-09-16 14:22:51.570 [http-nio-8080-exec-1] TRACE o.s.s.w.a.UsernamePasswordAuthenticationFilter - Did not match request to Ant [pattern='/api/auth/login', POST]
26-09-16 14:22:51.570 [http-nio-8080-exec-1] TRACE o.s.security.web.FilterChainProxy - Invoking DefaultResourcesFilter (8/15)
26-09-16 14:22:51.570 [http-nio-8080-exec-1] TRACE o.s.security.web.FilterChainProxy - Invoking DefaultLoginPageGeneratingFilter (9/15)
26-09-16 14:22:51.571 [http-nio-8080-exec-1] TRACE o.s.security.web.FilterChainProxy - Invoking DefaultLogoutPageGeneratingFilter (10/15)
26-09-16 14:22:51.571 [http-nio-8080-exec-1] TRACE o.s.s.w.a.u.DefaultLogoutPageGeneratingFilter - Did not render default logout page since request did not match [Ant [pattern='/logout', GET]]
26-09-16 14:22:51.571 [http-nio-8080-exec-1] TRACE o.s.security.web.FilterChainProxy - Invoking RequestCacheAwareFilter (11/15)
26-09-16 14:22:51.571 [http-nio-8080-exec-1] TRACE o.s.s.w.s.HttpSessionRequestCache - matchingRequestParameterName is required for getMatchingRequest to lookup a value, but not provided
26-09-16 14:22:51.571 [http-nio-8080-exec-1] TRACE o.s.security.web.FilterChainProxy - Invoking SecurityContextHolderAwareRequestFilter (12/15)
26-09-16 14:22:51.572 [http-nio-8080-exec-1] TRACE o.s.security.web.FilterChainProxy - Invoking AnonymousAuthenticationFilter (13/15)
26-09-16 14:22:51.572 [http-nio-8080-exec-1] TRACE o.s.security.web.FilterChainProxy - Invoking ExceptionTranslationFilter (14/15)
26-09-16 14:22:51.572 [http-nio-8080-exec-1] TRACE o.s.security.web.FilterChainProxy - Invoking AuthorizationFilter (15/15)
26-09-16 14:22:51.578 [http-nio-8080-exec-1] TRACE o.s.s.w.a.i.RequestMatcherDelegatingAuthorizationManager - Authorizing GET /api/users
26-09-16 14:22:51.585 [http-nio-8080-exec-1] TRACE o.s.s.w.a.i.RequestMatcherDelegatingAuthorizationManager - Checking authorization on GET /api/users using org.springframework.security.authorization.AuthenticatedAuthorizationManager@ec106c0
26-09-16 14:22:51.585 [http-nio-8080-exec-1] TRACE o.s.s.w.c.HttpSessionSecurityContextRepository - No HttpSession currently exists
26-09-16 14:22:51.585 [http-nio-8080-exec-1] TRACE o.s.s.w.c.SupplierDeferredSecurityContext - Created SecurityContextImpl [Null authentication]
26-09-16 14:22:51.586 [http-nio-8080-exec-1] TRACE o.s.s.w.c.SupplierDeferredSecurityContext - Created SecurityContextImpl [Null authentication]
26-09-16 14:22:51.590 [http-nio-8080-exec-1] TRACE o.s.s.w.a.AnonymousAuthenticationFilter - Set SecurityContextHolder to AnonymousAuthenticationToken [Principal=anonymousUser, Credentials=[PROTECTED], Authenticated=true, Details=WebAuthenticationDetails [RemoteIpAddress=0:0:0:0:0:0:0:1, SessionId=null], Granted Authorities=[ROLE_ANONYMOUS]]
26-09-16 14:22:51.602 [http-nio-8080-exec-1] TRACE o.s.s.w.a.ExceptionTranslationFilter - Sending AnonymousAuthenticationToken [Principal=anonymousUser, Credentials=[PROTECTED], Authenticated=true, Details=WebAuthenticationDetails [RemoteIpAddress=0:0:0:0:0:0:0:1, SessionId=null], Granted Authorities=[ROLE_ANONYMOUS]] to authentication entry point since access is denied
org.springframework.security.authorization.AuthorizationDeniedException: Access Denied
	at org.springframework.security.web.access.intercept.AuthorizationFilter.doFilter(AuthorizationFilter.java:99)
	at org.springframework.security.web.ObservationFilterChainDecorator$ObservationFilter.wrapFilter(ObservationFilterChainDecorator.java:240)
	at org.springframework.security.web.ObservationFilterChainDecorator$ObservationFilter.doFilter(ObservationFilterChainDecorator.java:227)
	at org.springframework.security.web.ObservationFilterChainDecorator$VirtualFilterChain.doFilter(ObservationFilterChainDecorator.java:137)
	at org.springframework.security.web.access.ExceptionTranslationFilter.doFilter(ExceptionTranslationFilter.java:126)
	at org.springframework.security.web.access.ExceptionTranslationFilter.doFilter(ExceptionTranslationFilter.java:120)
	at org.springframework.security.web.ObservationFilterChainDecorator$ObservationFilter.wrapFilter(ObservationFilterChainDecorator.java:240)
	at org.springframework.security.web.ObservationFilterChainDecorator$ObservationFilter.doFilter(ObservationFilterChainDecorator.java:227)
	at org.springframework.security.web.ObservationFilterChainDecorator$VirtualFilterChain.doFilter(ObservationFilterChainDecorator.java:137)
	at org.springframework.security.web.authentication.AnonymousAuthenticationFilter.doFilter(AnonymousAuthenticationFilter.java:100)
	at org.springframework.security.web.ObservationFilterChainDecorator$ObservationFilter.wrapFilter(ObservationFilterChainDecorator.java:240)
	at org.springframework.security.web.ObservationFilterChainDecorator$ObservationFilter.doFilter(ObservationFilterChainDecorator.java:227)
	at org.springframework.security.web.ObservationFilterChainDecorator$VirtualFilterChain.doFilter(ObservationFilterChainDecorator.java:137)
	at org.springframework.security.web.servletapi.SecurityContextHolderAwareRequestFilter.doFilter(SecurityContextHolderAwareRequestFilter.java:179)
	at org.springframework.security.web.ObservationFilterChainDecorator$ObservationFilter.wrapFilter(ObservationFilterChainDecorator.java:240)
	at org.springframework.security.web.ObservationFilterChainDecorator$ObservationFilter.doFilter(ObservationFilterChainDecorator.java:227)
	at org.springframework.security.web.ObservationFilterChainDecorator$VirtualFilterChain.doFilter(ObservationFilterChainDecorator.java:137)
	at org.springframework.security.web.savedrequest.RequestCacheAwareFilter.doFilter(RequestCacheAwareFilter.java:63)
	at org.springframework.security.web.ObservationFilterChainDecorator$ObservationFilter.wrapFilter(ObservationFilterChainDecorator.java:240)
	at org.springframework.security.web.ObservationFilterChainDecorator$ObservationFilter.doFilter(ObservationFilterChainDecorator.java:227)
	at org.springframework.security.web.ObservationFilterChainDecorator$VirtualFilterChain.doFilter(ObservationFilterChainDecorator.java:137)
	at org.springframework.security.web.authentication.ui.DefaultLogoutPageGeneratingFilter.doFilterInternal(DefaultLogoutPageGeneratingFilter.java:58)
	at org.springframework.web.filter.OncePerRequestFilter.doFilter(OncePerRequestFilter.java:116)
	at org.springframework.security.web.ObservationFilterChainDecorator$ObservationFilter.wrapFilter(ObservationFilterChainDecorator.java:240)
	at org.springframework.security.web.ObservationFilterChainDecorator$ObservationFilter.doFilter(ObservationFilterChainDecorator.java:227)
	at org.springframework.security.web.ObservationFilterChainDecorator$VirtualFilterChain.doFilter(ObservationFilterChainDecorator.java:137)
	at org.springframework.security.web.authentication.ui.DefaultLoginPageGeneratingFilter.doFilter(DefaultLoginPageGeneratingFilter.java:220)
	at org.springframework.security.web.authentication.ui.DefaultLoginPageGeneratingFilter.doFilter(DefaultLoginPageGeneratingFilter.java:206)
	at org.springframework.security.web.ObservationFilterChainDecorator$ObservationFilter.wrapFilter(ObservationFilterChainDecorator.java:240)
	at org.springframework.security.web.ObservationFilterChainDecorator$ObservationFilter.doFilter(ObservationFilterChainDecorator.java:227)
	at org.springframework.security.web.ObservationFilterChainDecorator$VirtualFilterChain.doFilter(ObservationFilterChainDecorator.java:137)
	at org.springframework.security.web.authentication.ui.DefaultResourcesFilter.doFilter(DefaultResourcesFilter.java:72)
	at org.springframework.security.web.ObservationFilterChainDecorator$ObservationFilter.wrapFilter(ObservationFilterChainDecorator.java:240)
	at org.springframework.security.web.ObservationFilterChainDecorator$ObservationFilter.doFilter(ObservationFilterChainDecorator.java:227)
	at org.springframework.security.web.ObservationFilterChainDecorator$VirtualFilterChain.doFilter(ObservationFilterChainDecorator.java:137)
	at org.springframework.security.web.authentication.AbstractAuthenticationProcessingFilter.doFilter(AbstractAuthenticationProcessingFilter.java:227)
	at org.springframework.security.web.authentication.AbstractAuthenticationProcessingFilter.doFilter(AbstractAuthenticationProcessingFilter.java:221)
	at org.springframework.security.web.ObservationFilterChainDecorator$ObservationFilter.wrapFilter(ObservationFilterChainDecorator.java:240)
	at org.springframework.security.web.ObservationFilterChainDecorator$ObservationFilter.doFilter(ObservationFilterChainDecorator.java:227)
	at org.springframework.security.web.ObservationFilterChainDecorator$VirtualFilterChain.doFilter(ObservationFilterChainDecorator.java:137)
	at org.springframework.security.web.authentication.logout.LogoutFilter.doFilter(LogoutFilter.java:107)
	at org.springframework.security.web.authentication.logout.LogoutFilter.doFilter(LogoutFilter.java:93)
	at org.springframework.security.web.ObservationFilterChainDecorator$ObservationFilter.wrapFilter(ObservationFilterChainDecorator.java:240)
	at org.springframework.security.web.ObservationFilterChainDecorator$ObservationFilter.doFilter(ObservationFilterChainDecorator.java:227)
	at org.springframework.security.web.ObservationFilterChainDecorator$VirtualFilterChain.doFilter(ObservationFilterChainDecorator.java:137)
	at org.springframework.security.web.csrf.CsrfFilter.doFilterInternal(CsrfFilter.java:117)
	at org.springframework.web.filter.OncePerRequestFilter.doFilter(OncePerRequestFilter.java:116)
	at org.springframework.security.web.ObservationFilterChainDecorator$ObservationFilter.wrapFilter(ObservationFilterChainDecorator.java:240)
	at org.springframework.security.web.ObservationFilterChainDecorator$ObservationFilter.doFilter(ObservationFilterChainDecorator.java:227)
	at org.springframework.security.web.ObservationFilterChainDecorator$VirtualFilterChain.doFilter(ObservationFilterChainDecorator.java:137)
	at org.springframework.security.web.header.HeaderWriterFilter.doHeadersAfter(HeaderWriterFilter.java:90)
	at org.springframework.security.web.header.HeaderWriterFilter.doFilterInternal(HeaderWriterFilter.java:75)
	at org.springframework.web.filter.OncePerRequestFilter.doFilter(OncePerRequestFilter.java:116)
	at org.springframework.security.web.ObservationFilterChainDecorator$ObservationFilter.wrapFilter(ObservationFilterChainDecorator.java:240)
	at org.springframework.security.web.ObservationFilterChainDecorator$ObservationFilter.doFilter(ObservationFilterChainDecorator.java:227)
	at org.springframework.security.web.ObservationFilterChainDecorator$VirtualFilterChain.doFilter(ObservationFilterChainDecorator.java:137)
	at org.springframework.security.web.context.SecurityContextHolderFilter.doFilter(SecurityContextHolderFilter.java:82)
	at org.springframework.security.web.context.SecurityContextHolderFilter.doFilter(SecurityContextHolderFilter.java:69)
	at org.springframework.security.web.ObservationFilterChainDecorator$ObservationFilter.wrapFilter(ObservationFilterChainDecorator.java:240)
	at org.springframework.security.web.ObservationFilterChainDecorator$ObservationFilter.doFilter(ObservationFilterChainDecorator.java:227)
	at org.springframework.security.web.ObservationFilterChainDecorator$VirtualFilterChain.doFilter(ObservationFilterChainDecorator.java:137)
	at org.springframework.security.web.context.request.async.WebAsyncManagerIntegrationFilter.doFilterInternal(WebAsyncManagerIntegrationFilter.java:62)
	at org.springframework.web.filter.OncePerRequestFilter.doFilter(OncePerRequestFilter.java:116)
	at org.springframework.security.web.ObservationFilterChainDecorator$ObservationFilter.wrapFilter(ObservationFilterChainDecorator.java:240)
	at org.springframework.security.web.ObservationFilterChainDecorator$ObservationFilter.doFilter(ObservationFilterChainDecorator.java:227)
	at org.springframework.security.web.ObservationFilterChainDecorator$VirtualFilterChain.doFilter(ObservationFilterChainDecorator.java:137)
	at org.springframework.security.web.session.DisableEncodeUrlFilter.doFilterInternal(DisableEncodeUrlFilter.java:42)
	at org.springframework.web.filter.OncePerRequestFilter.doFilter(OncePerRequestFilter.java:116)
	at org.springframework.security.web.ObservationFilterChainDecorator$ObservationFilter.wrapFilter(ObservationFilterChainDecorator.java:240)
	at org.springframework.security.web.ObservationFilterChainDecorator$AroundFilterObservation$SimpleAroundFilterObservation.lambda$wrap$0(ObservationFilterChainDecorator.java:323)
	at org.springframework.security.web.ObservationFilterChainDecorator$ObservationFilter.doFilter(ObservationFilterChainDecorator.java:224)
	at org.springframework.security.web.ObservationFilterChainDecorator$VirtualFilterChain.doFilter(ObservationFilterChainDecorator.java:137)
	at org.springframework.security.web.FilterChainProxy.doFilterInternal(FilterChainProxy.java:233)
	at org.springframework.security.web.FilterChainProxy.doFilter(FilterChainProxy.java:191)
	at org.springframework.web.filter.CompositeFilter$VirtualFilterChain.doFilter(CompositeFilter.java:113)
	at org.springframework.web.servlet.handler.HandlerMappingIntrospector.lambda$createCacheFilter$3(HandlerMappingIntrospector.java:243)
	at org.springframework.web.filter.CompositeFilter$VirtualFilterChain.doFilter(CompositeFilter.java:113)
	at org.springframework.web.filter.CompositeFilter.doFilter(CompositeFilter.java:74)
	at org.springframework.security.config.annotation.web.configuration.WebMvcSecurityConfiguration$CompositeFilterChainProxy.doFilter(WebMvcSecurityConfiguration.java:238)
	at org.springframework.web.filter.DelegatingFilterProxy.invokeDelegate(DelegatingFilterProxy.java:362)
	at org.springframework.web.filter.DelegatingFilterProxy.doFilter(DelegatingFilterProxy.java:278)
	at org.apache.catalina.core.ApplicationFilterChain.internalDoFilter(ApplicationFilterChain.java:164)
	at org.apache.catalina.core.ApplicationFilterChain.doFilter(ApplicationFilterChain.java:140)
	at org.springframework.web.filter.RequestContextFilter.doFilterInternal(RequestContextFilter.java:100)
	at org.springframework.web.filter.OncePerRequestFilter.doFilter(OncePerRequestFilter.java:116)
	at org.apache.catalina.core.ApplicationFilterChain.internalDoFilter(ApplicationFilterChain.java:164)
	at org.apache.catalina.core.ApplicationFilterChain.doFilter(ApplicationFilterChain.java:140)
	at org.springframework.web.filter.FormContentFilter.doFilterInternal(FormContentFilter.java:93)
	at org.springframework.web.filter.OncePerRequestFilter.doFilter(OncePerRequestFilter.java:116)
	at org.apache.catalina.core.ApplicationFilterChain.internalDoFilter(ApplicationFilterChain.java:164)
	at org.apache.catalina.core.ApplicationFilterChain.doFilter(ApplicationFilterChain.java:140)
	at org.springframework.web.filter.ServerHttpObservationFilter.doFilterInternal(ServerHttpObservationFilter.java:114)
	at org.springframework.web.filter.OncePerRequestFilter.doFilter(OncePerRequestFilter.java:116)
	at org.apache.catalina.core.ApplicationFilterChain.internalDoFilter(ApplicationFilterChain.java:164)
	at org.apache.catalina.core.ApplicationFilterChain.doFilter(ApplicationFilterChain.java:140)
	at org.springframework.web.filter.CharacterEncodingFilter.doFilterInternal(CharacterEncodingFilter.java:201)
	at org.springframework.web.filter.OncePerRequestFilter.doFilter(OncePerRequestFilter.java:116)
	at org.apache.catalina.core.ApplicationFilterChain.internalDoFilter(ApplicationFilterChain.java:164)
	at org.apache.catalina.core.ApplicationFilterChain.doFilter(ApplicationFilterChain.java:140)
	at org.apache.catalina.core.StandardWrapperValve.invoke(StandardWrapperValve.java:167)
	at org.apache.catalina.core.StandardContextValve.invoke(StandardContextValve.java:90)
	at org.apache.catalina.authenticator.AuthenticatorBase.invoke(AuthenticatorBase.java:483)
	at org.apache.catalina.core.StandardHostValve.invoke(StandardHostValve.java:115)
	at org.apache.catalina.valves.ErrorReportValve.invoke(ErrorReportValve.java:93)
	at org.apache.catalina.core.StandardEngineValve.invoke(StandardEngineValve.java:74)
	at org.apache.catalina.connector.CoyoteAdapter.service(CoyoteAdapter.java:344)
	at org.apache.coyote.http11.Http11Processor.service(Http11Processor.java:397)
	at org.apache.coyote.AbstractProcessorLight.process(AbstractProcessorLight.java:63)
	at org.apache.coyote.AbstractProtocol$ConnectionHandler.process(AbstractProtocol.java:905)
	at org.apache.tomcat.util.net.NioEndpoint$SocketProcessor.doRun(NioEndpoint.java:1741)
	at org.apache.tomcat.util.net.SocketProcessorBase.run(SocketProcessorBase.java:52)
	at org.apache.tomcat.util.threads.ThreadPoolExecutor.runWorker(ThreadPoolExecutor.java:1190)
	at org.apache.tomcat.util.threads.ThreadPoolExecutor$Worker.run(ThreadPoolExecutor.java:659)
	at org.apache.tomcat.util.threads.TaskThread$WrappingRunnable.run(TaskThread.java:63)
	at java.base/java.lang.Thread.run(Thread.java:840)
26-09-16 14:22:51.638 [http-nio-8080-exec-1] DEBUG o.s.s.w.s.HttpSessionRequestCache - Saved request http://localhost:8080/api/users?continue to session
26-09-16 14:22:51.639 [http-nio-8080-exec-1] DEBUG o.s.s.web.DefaultRedirectStrategy - Redirecting to http://localhost:8080/login
26-09-16 14:22:51.639 [http-nio-8080-exec-1] TRACE o.s.s.w.h.writers.HstsHeaderWriter - Not injecting HSTS header since it did not match request to [Is Secure]
26-09-16 14:22:51.722 [http-nio-8080-exec-2] TRACE o.s.security.web.FilterChainProxy - Trying to match request against DefaultSecurityFilterChain defined as 'filterChain' in [class path resource [com/sprint/mission/discodeit/config/SecurityConfig.class]] matching [any request] and having filters [DisableEncodeUrl, WebAsyncManagerIntegration, SecurityContextHolder, HeaderWriter, Csrf, Logout, UsernamePasswordAuthentication, DefaultResources, DefaultLoginPageGenerating, DefaultLogoutPageGenerating, RequestCacheAware, SecurityContextHolderAwareRequest, AnonymousAuthentication, ExceptionTranslation, Authorization] (1/1)
26-09-16 14:22:51.722 [http-nio-8080-exec-2] DEBUG o.s.security.web.FilterChainProxy - Securing GET /login
26-09-16 14:22:51.722 [http-nio-8080-exec-2] TRACE o.s.security.web.FilterChainProxy - Invoking DisableEncodeUrlFilter (1/15)
26-09-16 14:22:51.723 [http-nio-8080-exec-2] TRACE o.s.security.web.FilterChainProxy - Invoking WebAsyncManagerIntegrationFilter (2/15)
26-09-16 14:22:51.723 [http-nio-8080-exec-2] TRACE o.s.security.web.FilterChainProxy - Invoking SecurityContextHolderFilter (3/15)
26-09-16 14:22:51.723 [http-nio-8080-exec-2] TRACE o.s.security.web.FilterChainProxy - Invoking HeaderWriterFilter (4/15)
26-09-16 14:22:51.723 [http-nio-8080-exec-2] TRACE o.s.security.web.FilterChainProxy - Invoking CsrfFilter (5/15)
26-09-16 14:22:51.723 [http-nio-8080-exec-2] TRACE o.s.security.web.csrf.CsrfFilter - Did not protect against CSRF since request did not match CsrfNotRequired [TRACE, HEAD, GET, OPTIONS]
26-09-16 14:22:51.723 [http-nio-8080-exec-2] TRACE o.s.security.web.FilterChainProxy - Invoking LogoutFilter (6/15)
26-09-16 14:22:51.723 [http-nio-8080-exec-2] TRACE o.s.s.w.a.logout.LogoutFilter - Did not match request to Ant [pattern='/api/auth/logout', POST]
26-09-16 14:22:51.723 [http-nio-8080-exec-2] TRACE o.s.security.web.FilterChainProxy - Invoking UsernamePasswordAuthenticationFilter (7/15)
26-09-16 14:22:51.724 [http-nio-8080-exec-2] TRACE o.s.s.w.a.UsernamePasswordAuthenticationFilter - Did not match request to Ant [pattern='/api/auth/login', POST]
26-09-16 14:22:51.724 [http-nio-8080-exec-2] TRACE o.s.security.web.FilterChainProxy - Invoking DefaultResourcesFilter (8/15)
26-09-16 14:22:51.724 [http-nio-8080-exec-2] TRACE o.s.security.web.FilterChainProxy - Invoking DefaultLoginPageGeneratingFilter (9/15)
26-09-16 14:22:51.736 [http-nio-8080-exec-2] TRACE o.s.s.w.h.writers.HstsHeaderWriter - Not injecting HSTS header since it did not match request to [Is Secure]
26-09-16 14:25:22.988 [SpringApplicationShutdownHook] INFO  o.s.b.w.e.tomcat.GracefulShutdown - Commencing graceful shutdown. Waiting for active requests to complete
26-09-16 14:25:23.012 [tomcat-shutdown] INFO  o.s.b.w.e.tomcat.GracefulShutdown - Graceful shutdown complete
26-09-16 14:25:23.204 [SpringApplicationShutdownHook] INFO  o.s.o.j.LocalContainerEntityManagerFactoryBean - Closing JPA EntityManagerFactory for persistence unit 'default'
26-09-16 14:25:23.287 [SpringApplicationShutdownHook] INFO  com.zaxxer.hikari.HikariDataSource - HikariPool-1 - Shutdown initiated...
26-09-16 14:25:23.337 [SpringApplicationShutdownHook] INFO  com.zaxxer.hikari.HikariDataSource - HikariPool-1 - Shutdown completed.
26-09-16 14:49:24.588 [background-preinit] INFO  o.h.validator.internal.util.Version - HV000001: Hibernate Validator 8.0.1.Final
26-09-16 14:49:24.656 [main] INFO  c.s.m.discodeit.DiscodeitApplication - Starting DiscodeitApplication using Java 17.0.19 with PID 7195 (/Users/jangjunseo/Desktop/codei_13th_develop/13-sprint-mission/build/classes/java/main started by jangjunseo in /Users/jangjunseo/Desktop/codei_13th_develop/13-sprint-mission)
26-09-16 14:49:24.657 [main] INFO  c.s.m.discodeit.DiscodeitApplication - The following 1 profile is active: "dev"
26-09-16 14:49:25.984 [main] INFO  o.s.d.r.c.RepositoryConfigurationDelegate - Bootstrapping Spring Data JPA repositories in DEFAULT mode.
26-09-16 14:49:26.061 [main] INFO  o.s.d.r.c.RepositoryConfigurationDelegate - Finished Spring Data repository scanning in 67 ms. Found 6 JPA repository interfaces.
26-09-16 14:49:26.861 [main] INFO  o.s.b.w.e.tomcat.TomcatWebServer - Tomcat initialized with port 8080 (http)
26-09-16 14:49:26.878 [main] INFO  o.a.coyote.http11.Http11NioProtocol - Initializing ProtocolHandler ["http-nio-8080"]
26-09-16 14:49:26.880 [main] INFO  o.a.catalina.core.StandardService - Starting service [Tomcat]
26-09-16 14:49:26.880 [main] INFO  o.a.catalina.core.StandardEngine - Starting Servlet engine: [Apache Tomcat/10.1.33]
26-09-16 14:49:26.938 [main] INFO  o.a.c.c.C.[Tomcat].[localhost].[/] - Initializing Spring embedded WebApplicationContext
26-09-16 14:49:26.939 [main] INFO  o.s.b.w.s.c.ServletWebServerApplicationContext - Root WebApplicationContext: initialization completed in 2239 ms
26-09-16 14:49:27.232 [main] INFO  com.zaxxer.hikari.HikariDataSource - HikariPool-1 - Starting...
26-09-16 14:49:27.353 [main] INFO  com.zaxxer.hikari.pool.HikariPool - HikariPool-1 - Added connection org.postgresql.jdbc.PgConnection@25d0b918
26-09-16 14:49:27.354 [main] INFO  com.zaxxer.hikari.HikariDataSource - HikariPool-1 - Start completed.
26-09-16 14:49:27.453 [main] INFO  o.h.jpa.internal.util.LogHelper - HHH000204: Processing PersistenceUnitInfo [name: default]
26-09-16 14:49:27.522 [main] INFO  org.hibernate.Version - HHH000412: Hibernate ORM core version 6.6.2.Final
26-09-16 14:49:27.563 [main] INFO  o.h.c.i.RegionFactoryInitiator - HHH000026: Second-level cache disabled
26-09-16 14:49:27.841 [main] INFO  o.s.o.j.p.SpringPersistenceUnitInfo - No LoadTimeWeaver setup: ignoring JPA class transformer
26-09-16 14:49:27.948 [main] INFO  o.hibernate.orm.connections.pooling - HHH10001005: Database info:
	Database JDBC URL [Connecting through datasource 'HikariDataSource (HikariPool-1)']
	Database driver: undefined/unknown
	Database version: 17.10
	Autocommit mode: undefined/unknown
	Isolation level: undefined/unknown
	Minimum pool size: undefined/unknown
	Maximum pool size: undefined/unknown
26-09-16 14:49:29.101 [main] INFO  o.h.e.t.j.p.i.JtaPlatformInitiator - HHH000489: No JTA platform available (set 'hibernate.transaction.jta.platform' to enable JTA platform integration)
26-09-16 14:49:29.426 [main] INFO  o.s.o.j.LocalContainerEntityManagerFactoryBean - Initialized JPA EntityManagerFactory for persistence unit 'default'
26-09-16 14:49:31.241 [main] TRACE o.s.s.c.a.a.c.AuthenticationConfiguration$EnableGlobalAuthenticationAutowiredConfigurer - Eagerly initializing {securityConfig=com.sprint.mission.discodeit.config.SecurityConfig$$SpringCGLIB$$0@4b024fb2}
26-09-16 14:49:31.265 [main] INFO  o.s.s.c.a.a.c.InitializeUserDetailsBeanManagerConfigurer$InitializeUserDetailsManagerConfigurer - Global AuthenticationManager configured with UserDetailsService bean with name discodeitUserDetailsService
26-09-16 14:49:31.436 [main] INFO  o.s.b.a.w.s.WelcomePageHandlerMapping - Adding welcome page: class path resource [static/index.html]
26-09-16 14:49:32.160 [main] INFO  o.s.b.a.e.web.EndpointLinksResolver - Exposing 4 endpoints beneath base path '/actuator'
26-09-16 14:49:32.343 [main] DEBUG o.s.s.web.DefaultSecurityFilterChain - Will secure any request with filters: DisableEncodeUrlFilter, WebAsyncManagerIntegrationFilter, SecurityContextHolderFilter, HeaderWriterFilter, CsrfFilter, LogoutFilter, UsernamePasswordAuthenticationFilter, RequestCacheAwareFilter, SecurityContextHolderAwareRequestFilter, AnonymousAuthenticationFilter, ExceptionTranslationFilter, AuthorizationFilter
26-09-16 14:49:33.345 [main] INFO  o.a.coyote.http11.Http11NioProtocol - Starting ProtocolHandler ["http-nio-8080"]
26-09-16 14:49:33.374 [main] INFO  o.s.b.w.e.tomcat.TomcatWebServer - Tomcat started on port 8080 (http) with context path '/'
26-09-16 14:49:33.399 [main] INFO  c.s.m.discodeit.DiscodeitApplication - Started DiscodeitApplication in 9.553 seconds (process running for 11.045)
26-09-16 14:49:34.798 [RMI TCP Connection(1)-127.0.0.1] INFO  o.a.c.c.C.[Tomcat].[localhost].[/] - Initializing Spring DispatcherServlet 'dispatcherServlet'
26-09-16 14:49:34.800 [RMI TCP Connection(1)-127.0.0.1] INFO  o.s.web.servlet.DispatcherServlet - Initializing Servlet 'dispatcherServlet'
26-09-16 14:49:34.806 [RMI TCP Connection(1)-127.0.0.1] INFO  o.s.web.servlet.DispatcherServlet - Completed initialization in 6 ms
26-09-16 14:50:06.028 [http-nio-8080-exec-1] TRACE o.s.security.web.FilterChainProxy - Trying to match request against DefaultSecurityFilterChain defined as 'filterChain' in [class path resource [com/sprint/mission/discodeit/config/SecurityConfig.class]] matching [any request] and having filters [DisableEncodeUrl, WebAsyncManagerIntegration, SecurityContextHolder, HeaderWriter, Csrf, Logout, UsernamePasswordAuthentication, RequestCacheAware, SecurityContextHolderAwareRequest, AnonymousAuthentication, ExceptionTranslation, Authorization] (1/1)
26-09-16 14:50:06.043 [http-nio-8080-exec-1] DEBUG o.s.security.web.FilterChainProxy - Securing GET /api/users
26-09-16 14:50:06.060 [http-nio-8080-exec-1] TRACE o.s.security.web.FilterChainProxy - Invoking DisableEncodeUrlFilter (1/12)
26-09-16 14:50:06.092 [http-nio-8080-exec-1] TRACE o.s.security.web.FilterChainProxy - Invoking WebAsyncManagerIntegrationFilter (2/12)
26-09-16 14:50:06.106 [http-nio-8080-exec-1] TRACE o.s.security.web.FilterChainProxy - Invoking SecurityContextHolderFilter (3/12)
26-09-16 14:50:06.113 [http-nio-8080-exec-1] TRACE o.s.security.web.FilterChainProxy - Invoking HeaderWriterFilter (4/12)
26-09-16 14:50:06.119 [http-nio-8080-exec-1] TRACE o.s.security.web.FilterChainProxy - Invoking CsrfFilter (5/12)
26-09-16 14:50:06.129 [http-nio-8080-exec-1] TRACE o.s.security.web.csrf.CsrfFilter - Did not protect against CSRF since request did not match CsrfNotRequired [TRACE, HEAD, GET, OPTIONS]
26-09-16 14:50:06.129 [http-nio-8080-exec-1] TRACE o.s.security.web.FilterChainProxy - Invoking LogoutFilter (6/12)
26-09-16 14:50:06.130 [http-nio-8080-exec-1] TRACE o.s.s.w.a.logout.LogoutFilter - Did not match request to Ant [pattern='/api/auth/logout', POST]
26-09-16 14:50:06.131 [http-nio-8080-exec-1] TRACE o.s.security.web.FilterChainProxy - Invoking UsernamePasswordAuthenticationFilter (7/12)
26-09-16 14:50:06.133 [http-nio-8080-exec-1] TRACE o.s.s.w.a.UsernamePasswordAuthenticationFilter - Did not match request to Ant [pattern='/api/auth/login', POST]
26-09-16 14:50:06.134 [http-nio-8080-exec-1] TRACE o.s.security.web.FilterChainProxy - Invoking RequestCacheAwareFilter (8/12)
26-09-16 14:50:06.134 [http-nio-8080-exec-1] TRACE o.s.s.w.s.HttpSessionRequestCache - matchingRequestParameterName is required for getMatchingRequest to lookup a value, but not provided
26-09-16 14:50:06.135 [http-nio-8080-exec-1] TRACE o.s.security.web.FilterChainProxy - Invoking SecurityContextHolderAwareRequestFilter (9/12)
26-09-16 14:50:06.138 [http-nio-8080-exec-1] TRACE o.s.security.web.FilterChainProxy - Invoking AnonymousAuthenticationFilter (10/12)
26-09-16 14:50:06.139 [http-nio-8080-exec-1] TRACE o.s.security.web.FilterChainProxy - Invoking ExceptionTranslationFilter (11/12)
26-09-16 14:50:06.143 [http-nio-8080-exec-1] TRACE o.s.security.web.FilterChainProxy - Invoking AuthorizationFilter (12/12)
26-09-16 14:50:06.151 [http-nio-8080-exec-1] TRACE o.s.s.w.a.i.RequestMatcherDelegatingAuthorizationManager - Authorizing GET /api/users
26-09-16 14:50:06.157 [http-nio-8080-exec-1] TRACE o.s.s.w.a.i.RequestMatcherDelegatingAuthorizationManager - Checking authorization on GET /api/users using org.springframework.security.authorization.AuthenticatedAuthorizationManager@7b35c883
26-09-16 14:50:06.160 [http-nio-8080-exec-1] TRACE o.s.s.w.c.HttpSessionSecurityContextRepository - No HttpSession currently exists
26-09-16 14:50:06.160 [http-nio-8080-exec-1] TRACE o.s.s.w.c.SupplierDeferredSecurityContext - Created SecurityContextImpl [Null authentication]
26-09-16 14:50:06.161 [http-nio-8080-exec-1] TRACE o.s.s.w.c.SupplierDeferredSecurityContext - Created SecurityContextImpl [Null authentication]
26-09-16 14:50:06.168 [http-nio-8080-exec-1] TRACE o.s.s.w.a.AnonymousAuthenticationFilter - Set SecurityContextHolder to AnonymousAuthenticationToken [Principal=anonymousUser, Credentials=[PROTECTED], Authenticated=true, Details=WebAuthenticationDetails [RemoteIpAddress=0:0:0:0:0:0:0:1, SessionId=null], Granted Authorities=[ROLE_ANONYMOUS]]
26-09-16 14:50:06.194 [http-nio-8080-exec-1] TRACE o.s.s.w.a.ExceptionTranslationFilter - Sending AnonymousAuthenticationToken [Principal=anonymousUser, Credentials=[PROTECTED], Authenticated=true, Details=WebAuthenticationDetails [RemoteIpAddress=0:0:0:0:0:0:0:1, SessionId=null], Granted Authorities=[ROLE_ANONYMOUS]] to authentication entry point since access is denied
org.springframework.security.authorization.AuthorizationDeniedException: Access Denied
	at org.springframework.security.web.access.intercept.AuthorizationFilter.doFilter(AuthorizationFilter.java:99)
	at org.springframework.security.web.ObservationFilterChainDecorator$ObservationFilter.wrapFilter(ObservationFilterChainDecorator.java:240)
	at org.springframework.security.web.ObservationFilterChainDecorator$ObservationFilter.doFilter(ObservationFilterChainDecorator.java:227)
	at org.springframework.security.web.ObservationFilterChainDecorator$VirtualFilterChain.doFilter(ObservationFilterChainDecorator.java:137)
	at org.springframework.security.web.access.ExceptionTranslationFilter.doFilter(ExceptionTranslationFilter.java:126)
	at org.springframework.security.web.access.ExceptionTranslationFilter.doFilter(ExceptionTranslationFilter.java:120)
	at org.springframework.security.web.ObservationFilterChainDecorator$ObservationFilter.wrapFilter(ObservationFilterChainDecorator.java:240)
	at org.springframework.security.web.ObservationFilterChainDecorator$ObservationFilter.doFilter(ObservationFilterChainDecorator.java:227)
	at org.springframework.security.web.ObservationFilterChainDecorator$VirtualFilterChain.doFilter(ObservationFilterChainDecorator.java:137)
	at org.springframework.security.web.authentication.AnonymousAuthenticationFilter.doFilter(AnonymousAuthenticationFilter.java:100)
	at org.springframework.security.web.ObservationFilterChainDecorator$ObservationFilter.wrapFilter(ObservationFilterChainDecorator.java:240)
	at org.springframework.security.web.ObservationFilterChainDecorator$ObservationFilter.doFilter(ObservationFilterChainDecorator.java:227)
	at org.springframework.security.web.ObservationFilterChainDecorator$VirtualFilterChain.doFilter(ObservationFilterChainDecorator.java:137)
	at org.springframework.security.web.servletapi.SecurityContextHolderAwareRequestFilter.doFilter(SecurityContextHolderAwareRequestFilter.java:179)
	at org.springframework.security.web.ObservationFilterChainDecorator$ObservationFilter.wrapFilter(ObservationFilterChainDecorator.java:240)
	at org.springframework.security.web.ObservationFilterChainDecorator$ObservationFilter.doFilter(ObservationFilterChainDecorator.java:227)
	at org.springframework.security.web.ObservationFilterChainDecorator$VirtualFilterChain.doFilter(ObservationFilterChainDecorator.java:137)
	at org.springframework.security.web.savedrequest.RequestCacheAwareFilter.doFilter(RequestCacheAwareFilter.java:63)
	at org.springframework.security.web.ObservationFilterChainDecorator$ObservationFilter.wrapFilter(ObservationFilterChainDecorator.java:240)
	at org.springframework.security.web.ObservationFilterChainDecorator$ObservationFilter.doFilter(ObservationFilterChainDecorator.java:227)
	at org.springframework.security.web.ObservationFilterChainDecorator$VirtualFilterChain.doFilter(ObservationFilterChainDecorator.java:137)
	at org.springframework.security.web.authentication.AbstractAuthenticationProcessingFilter.doFilter(AbstractAuthenticationProcessingFilter.java:227)
	at org.springframework.security.web.authentication.AbstractAuthenticationProcessingFilter.doFilter(AbstractAuthenticationProcessingFilter.java:221)
	at org.springframework.security.web.ObservationFilterChainDecorator$ObservationFilter.wrapFilter(ObservationFilterChainDecorator.java:240)
	at org.springframework.security.web.ObservationFilterChainDecorator$ObservationFilter.doFilter(ObservationFilterChainDecorator.java:227)
	at org.springframework.security.web.ObservationFilterChainDecorator$VirtualFilterChain.doFilter(ObservationFilterChainDecorator.java:137)
	at org.springframework.security.web.authentication.logout.LogoutFilter.doFilter(LogoutFilter.java:107)
	at org.springframework.security.web.authentication.logout.LogoutFilter.doFilter(LogoutFilter.java:93)
	at org.springframework.security.web.ObservationFilterChainDecorator$ObservationFilter.wrapFilter(ObservationFilterChainDecorator.java:240)
	at org.springframework.security.web.ObservationFilterChainDecorator$ObservationFilter.doFilter(ObservationFilterChainDecorator.java:227)
	at org.springframework.security.web.ObservationFilterChainDecorator$VirtualFilterChain.doFilter(ObservationFilterChainDecorator.java:137)
	at org.springframework.security.web.csrf.CsrfFilter.doFilterInternal(CsrfFilter.java:117)
	at org.springframework.web.filter.OncePerRequestFilter.doFilter(OncePerRequestFilter.java:116)
	at org.springframework.security.web.ObservationFilterChainDecorator$ObservationFilter.wrapFilter(ObservationFilterChainDecorator.java:240)
	at org.springframework.security.web.ObservationFilterChainDecorator$ObservationFilter.doFilter(ObservationFilterChainDecorator.java:227)
	at org.springframework.security.web.ObservationFilterChainDecorator$VirtualFilterChain.doFilter(ObservationFilterChainDecorator.java:137)
	at org.springframework.security.web.header.HeaderWriterFilter.doHeadersAfter(HeaderWriterFilter.java:90)
	at org.springframework.security.web.header.HeaderWriterFilter.doFilterInternal(HeaderWriterFilter.java:75)
	at org.springframework.web.filter.OncePerRequestFilter.doFilter(OncePerRequestFilter.java:116)
	at org.springframework.security.web.ObservationFilterChainDecorator$ObservationFilter.wrapFilter(ObservationFilterChainDecorator.java:240)
	at org.springframework.security.web.ObservationFilterChainDecorator$ObservationFilter.doFilter(ObservationFilterChainDecorator.java:227)
	at org.springframework.security.web.ObservationFilterChainDecorator$VirtualFilterChain.doFilter(ObservationFilterChainDecorator.java:137)
	at org.springframework.security.web.context.SecurityContextHolderFilter.doFilter(SecurityContextHolderFilter.java:82)
	at org.springframework.security.web.context.SecurityContextHolderFilter.doFilter(SecurityContextHolderFilter.java:69)
	at org.springframework.security.web.ObservationFilterChainDecorator$ObservationFilter.wrapFilter(ObservationFilterChainDecorator.java:240)
	at org.springframework.security.web.ObservationFilterChainDecorator$ObservationFilter.doFilter(ObservationFilterChainDecorator.java:227)
	at org.springframework.security.web.ObservationFilterChainDecorator$VirtualFilterChain.doFilter(ObservationFilterChainDecorator.java:137)
	at org.springframework.security.web.context.request.async.WebAsyncManagerIntegrationFilter.doFilterInternal(WebAsyncManagerIntegrationFilter.java:62)
	at org.springframework.web.filter.OncePerRequestFilter.doFilter(OncePerRequestFilter.java:116)
	at org.springframework.security.web.ObservationFilterChainDecorator$ObservationFilter.wrapFilter(ObservationFilterChainDecorator.java:240)
	at org.springframework.security.web.ObservationFilterChainDecorator$ObservationFilter.doFilter(ObservationFilterChainDecorator.java:227)
	at org.springframework.security.web.ObservationFilterChainDecorator$VirtualFilterChain.doFilter(ObservationFilterChainDecorator.java:137)
	at org.springframework.security.web.session.DisableEncodeUrlFilter.doFilterInternal(DisableEncodeUrlFilter.java:42)
	at org.springframework.web.filter.OncePerRequestFilter.doFilter(OncePerRequestFilter.java:116)
	at org.springframework.security.web.ObservationFilterChainDecorator$ObservationFilter.wrapFilter(ObservationFilterChainDecorator.java:240)
	at org.springframework.security.web.ObservationFilterChainDecorator$AroundFilterObservation$SimpleAroundFilterObservation.lambda$wrap$0(ObservationFilterChainDecorator.java:323)
	at org.springframework.security.web.ObservationFilterChainDecorator$ObservationFilter.doFilter(ObservationFilterChainDecorator.java:224)
	at org.springframework.security.web.ObservationFilterChainDecorator$VirtualFilterChain.doFilter(ObservationFilterChainDecorator.java:137)
	at org.springframework.security.web.FilterChainProxy.doFilterInternal(FilterChainProxy.java:233)
	at org.springframework.security.web.FilterChainProxy.doFilter(FilterChainProxy.java:191)
	at org.springframework.web.filter.CompositeFilter$VirtualFilterChain.doFilter(CompositeFilter.java:113)
	at org.springframework.web.servlet.handler.HandlerMappingIntrospector.lambda$createCacheFilter$3(HandlerMappingIntrospector.java:243)
	at org.springframework.web.filter.CompositeFilter$VirtualFilterChain.doFilter(CompositeFilter.java:113)
	at org.springframework.web.filter.CompositeFilter.doFilter(CompositeFilter.java:74)
	at org.springframework.security.config.annotation.web.configuration.WebMvcSecurityConfiguration$CompositeFilterChainProxy.doFilter(WebMvcSecurityConfiguration.java:238)
	at org.springframework.web.filter.DelegatingFilterProxy.invokeDelegate(DelegatingFilterProxy.java:362)
	at org.springframework.web.filter.DelegatingFilterProxy.doFilter(DelegatingFilterProxy.java:278)
	at org.apache.catalina.core.ApplicationFilterChain.internalDoFilter(ApplicationFilterChain.java:164)
	at org.apache.catalina.core.ApplicationFilterChain.doFilter(ApplicationFilterChain.java:140)
	at org.springframework.web.filter.RequestContextFilter.doFilterInternal(RequestContextFilter.java:100)
	at org.springframework.web.filter.OncePerRequestFilter.doFilter(OncePerRequestFilter.java:116)
	at org.apache.catalina.core.ApplicationFilterChain.internalDoFilter(ApplicationFilterChain.java:164)
	at org.apache.catalina.core.ApplicationFilterChain.doFilter(ApplicationFilterChain.java:140)
	at org.springframework.web.filter.FormContentFilter.doFilterInternal(FormContentFilter.java:93)
	at org.springframework.web.filter.OncePerRequestFilter.doFilter(OncePerRequestFilter.java:116)
	at org.apache.catalina.core.ApplicationFilterChain.internalDoFilter(ApplicationFilterChain.java:164)
	at org.apache.catalina.core.ApplicationFilterChain.doFilter(ApplicationFilterChain.java:140)
	at org.springframework.web.filter.ServerHttpObservationFilter.doFilterInternal(ServerHttpObservationFilter.java:114)
	at org.springframework.web.filter.OncePerRequestFilter.doFilter(OncePerRequestFilter.java:116)
	at org.apache.catalina.core.ApplicationFilterChain.internalDoFilter(ApplicationFilterChain.java:164)
	at org.apache.catalina.core.ApplicationFilterChain.doFilter(ApplicationFilterChain.java:140)
	at org.springframework.web.filter.CharacterEncodingFilter.doFilterInternal(CharacterEncodingFilter.java:201)
	at org.springframework.web.filter.OncePerRequestFilter.doFilter(OncePerRequestFilter.java:116)
	at org.apache.catalina.core.ApplicationFilterChain.internalDoFilter(ApplicationFilterChain.java:164)
	at org.apache.catalina.core.ApplicationFilterChain.doFilter(ApplicationFilterChain.java:140)
	at org.apache.catalina.core.StandardWrapperValve.invoke(StandardWrapperValve.java:167)
	at org.apache.catalina.core.StandardContextValve.invoke(StandardContextValve.java:90)
	at org.apache.catalina.authenticator.AuthenticatorBase.invoke(AuthenticatorBase.java:483)
	at org.apache.catalina.core.StandardHostValve.invoke(StandardHostValve.java:115)
	at org.apache.catalina.valves.ErrorReportValve.invoke(ErrorReportValve.java:93)
	at org.apache.catalina.core.StandardEngineValve.invoke(StandardEngineValve.java:74)
	at org.apache.catalina.connector.CoyoteAdapter.service(CoyoteAdapter.java:344)
	at org.apache.coyote.http11.Http11Processor.service(Http11Processor.java:397)
	at org.apache.coyote.AbstractProcessorLight.process(AbstractProcessorLight.java:63)
	at org.apache.coyote.AbstractProtocol$ConnectionHandler.process(AbstractProtocol.java:905)
	at org.apache.tomcat.util.net.NioEndpoint$SocketProcessor.doRun(NioEndpoint.java:1741)
	at org.apache.tomcat.util.net.SocketProcessorBase.run(SocketProcessorBase.java:52)
	at org.apache.tomcat.util.threads.ThreadPoolExecutor.runWorker(ThreadPoolExecutor.java:1190)
	at org.apache.tomcat.util.threads.ThreadPoolExecutor$Worker.run(ThreadPoolExecutor.java:659)
	at org.apache.tomcat.util.threads.TaskThread$WrappingRunnable.run(TaskThread.java:63)
	at java.base/java.lang.Thread.run(Thread.java:840)
26-09-16 14:50:06.287 [http-nio-8080-exec-1] DEBUG o.s.s.w.s.HttpSessionRequestCache - Saved request http://localhost:8080/api/users?continue to session
26-09-16 14:50:06.356 [http-nio-8080-exec-1] TRACE o.s.s.w.h.writers.HstsHeaderWriter - Not injecting HSTS header since it did not match request to [Is Secure]
26-09-16 15:15:58.714 [SpringApplicationShutdownHook] INFO  o.s.b.w.e.tomcat.GracefulShutdown - Commencing graceful shutdown. Waiting for active requests to complete
26-09-16 15:15:58.751 [tomcat-shutdown] INFO  o.s.b.w.e.tomcat.GracefulShutdown - Graceful shutdown complete
26-09-16 15:15:58.923 [SpringApplicationShutdownHook] INFO  o.s.o.j.LocalContainerEntityManagerFactoryBean - Closing JPA EntityManagerFactory for persistence unit 'default'
26-09-16 15:15:58.956 [SpringApplicationShutdownHook] INFO  com.zaxxer.hikari.HikariDataSource - HikariPool-1 - Shutdown initiated...
26-09-16 15:15:59.109 [SpringApplicationShutdownHook] INFO  com.zaxxer.hikari.HikariDataSource - HikariPool-1 - Shutdown completed.
26-09-16 15:45:11.043 [background-preinit] INFO  o.h.validator.internal.util.Version - HV000001: Hibernate Validator 8.0.1.Final
26-09-16 15:45:11.410 [main] INFO  c.s.m.discodeit.DiscodeitApplication - Starting DiscodeitApplication using Java 17.0.19 with PID 8366 (/Users/jangjunseo/Desktop/codei_13th_develop/13-sprint-mission/build/classes/java/main started by jangjunseo in /Users/jangjunseo/Desktop/codei_13th_develop/13-sprint-mission)
26-09-16 15:45:11.421 [main] INFO  c.s.m.discodeit.DiscodeitApplication - The following 1 profile is active: "dev"
26-09-16 15:45:17.867 [main] INFO  o.s.d.r.c.RepositoryConfigurationDelegate - Bootstrapping Spring Data JPA repositories in DEFAULT mode.
26-09-16 15:45:18.263 [main] INFO  o.s.d.r.c.RepositoryConfigurationDelegate - Finished Spring Data repository scanning in 350 ms. Found 6 JPA repository interfaces.
26-09-16 15:45:22.264 [main] INFO  o.s.b.w.e.tomcat.TomcatWebServer - Tomcat initialized with port 8080 (http)
26-09-16 15:45:22.298 [main] INFO  o.a.coyote.http11.Http11NioProtocol - Initializing ProtocolHandler ["http-nio-8080"]
26-09-16 15:45:22.304 [main] INFO  o.a.catalina.core.StandardService - Starting service [Tomcat]
26-09-16 15:45:22.305 [main] INFO  o.a.catalina.core.StandardEngine - Starting Servlet engine: [Apache Tomcat/10.1.33]
26-09-16 15:45:22.538 [main] INFO  o.a.c.c.C.[Tomcat].[localhost].[/] - Initializing Spring embedded WebApplicationContext
26-09-16 15:45:22.540 [main] INFO  o.s.b.w.s.c.ServletWebServerApplicationContext - Root WebApplicationContext: initialization completed in 10961 ms
26-09-16 15:45:23.461 [main] INFO  com.zaxxer.hikari.HikariDataSource - HikariPool-1 - Starting...
26-09-16 15:45:23.740 [main] INFO  com.zaxxer.hikari.pool.HikariPool - HikariPool-1 - Added connection org.postgresql.jdbc.PgConnection@6f112f70
26-09-16 15:45:23.742 [main] INFO  com.zaxxer.hikari.HikariDataSource - HikariPool-1 - Start completed.
26-09-16 15:45:23.967 [main] INFO  o.h.jpa.internal.util.LogHelper - HHH000204: Processing PersistenceUnitInfo [name: default]
26-09-16 15:45:24.097 [main] INFO  org.hibernate.Version - HHH000412: Hibernate ORM core version 6.6.2.Final
26-09-16 15:45:24.154 [main] INFO  o.h.c.i.RegionFactoryInitiator - HHH000026: Second-level cache disabled
26-09-16 15:45:24.550 [main] INFO  o.s.o.j.p.SpringPersistenceUnitInfo - No LoadTimeWeaver setup: ignoring JPA class transformer
26-09-16 15:45:24.704 [main] INFO  o.hibernate.orm.connections.pooling - HHH10001005: Database info:
	Database JDBC URL [Connecting through datasource 'HikariDataSource (HikariPool-1)']
	Database driver: undefined/unknown
	Database version: 17.10
	Autocommit mode: undefined/unknown
	Isolation level: undefined/unknown
	Minimum pool size: undefined/unknown
	Maximum pool size: undefined/unknown
26-09-16 15:45:26.332 [main] INFO  o.h.e.t.j.p.i.JtaPlatformInitiator - HHH000489: No JTA platform available (set 'hibernate.transaction.jta.platform' to enable JTA platform integration)
26-09-16 15:45:26.413 [main] INFO  o.s.o.j.LocalContainerEntityManagerFactoryBean - Initialized JPA EntityManagerFactory for persistence unit 'default'
26-09-16 15:45:27.808 [main] TRACE o.s.s.c.a.a.c.AuthenticationConfiguration$EnableGlobalAuthenticationAutowiredConfigurer - Eagerly initializing {securityConfig=com.sprint.mission.discodeit.config.SecurityConfig$$SpringCGLIB$$0@fcee97c}
26-09-16 15:45:27.817 [main] INFO  o.s.s.c.a.a.c.InitializeUserDetailsBeanManagerConfigurer$InitializeUserDetailsManagerConfigurer - Global AuthenticationManager configured with UserDetailsService bean with name discodeitUserDetailsService
26-09-16 15:45:27.946 [main] INFO  o.s.b.a.w.s.WelcomePageHandlerMapping - Adding welcome page: class path resource [static/index.html]
26-09-16 15:45:28.524 [main] INFO  o.s.b.a.e.web.EndpointLinksResolver - Exposing 4 endpoints beneath base path '/actuator'
26-09-16 15:45:28.770 [main] DEBUG o.s.s.web.DefaultSecurityFilterChain - Will secure any request with filters: DisableEncodeUrlFilter, WebAsyncManagerIntegrationFilter, SecurityContextHolderFilter, HeaderWriterFilter, CsrfFilter, LogoutFilter, UsernamePasswordAuthenticationFilter, RequestCacheAwareFilter, SecurityContextHolderAwareRequestFilter, AnonymousAuthenticationFilter, ExceptionTranslationFilter, AuthorizationFilter
26-09-16 15:45:29.638 [main] INFO  o.a.coyote.http11.Http11NioProtocol - Starting ProtocolHandler ["http-nio-8080"]
26-09-16 15:45:29.664 [main] INFO  o.s.b.w.e.tomcat.TomcatWebServer - Tomcat started on port 8080 (http) with context path '/'
26-09-16 15:45:29.687 [main] INFO  c.s.m.discodeit.DiscodeitApplication - Started DiscodeitApplication in 21.709 seconds (process running for 24.37)
26-09-16 15:45:30.345 [RMI TCP Connection(3)-127.0.0.1] INFO  o.a.c.c.C.[Tomcat].[localhost].[/] - Initializing Spring DispatcherServlet 'dispatcherServlet'
26-09-16 15:45:30.345 [RMI TCP Connection(3)-127.0.0.1] INFO  o.s.web.servlet.DispatcherServlet - Initializing Servlet 'dispatcherServlet'
26-09-16 15:45:30.354 [RMI TCP Connection(3)-127.0.0.1] INFO  o.s.web.servlet.DispatcherServlet - Completed initialization in 9 ms
26-09-16 15:46:51.951 [http-nio-8080-exec-1] TRACE o.s.security.web.FilterChainProxy - Trying to match request against DefaultSecurityFilterChain defined as 'filterChain' in [class path resource [com/sprint/mission/discodeit/config/SecurityConfig.class]] matching [any request] and having filters [DisableEncodeUrl, WebAsyncManagerIntegration, SecurityContextHolder, HeaderWriter, Csrf, Logout, UsernamePasswordAuthentication, RequestCacheAware, SecurityContextHolderAwareRequest, AnonymousAuthentication, ExceptionTranslation, Authorization] (1/1)
26-09-16 15:46:51.961 [http-nio-8080-exec-1] DEBUG o.s.security.web.FilterChainProxy - Securing GET /api/auth/csrf-token
26-09-16 15:46:51.972 [http-nio-8080-exec-1] TRACE o.s.security.web.FilterChainProxy - Invoking DisableEncodeUrlFilter (1/12)
26-09-16 15:46:52.000 [http-nio-8080-exec-1] TRACE o.s.security.web.FilterChainProxy - Invoking WebAsyncManagerIntegrationFilter (2/12)
26-09-16 15:46:52.021 [http-nio-8080-exec-1] TRACE o.s.security.web.FilterChainProxy - Invoking SecurityContextHolderFilter (3/12)
26-09-16 15:46:52.028 [http-nio-8080-exec-1] TRACE o.s.security.web.FilterChainProxy - Invoking HeaderWriterFilter (4/12)
26-09-16 15:46:52.033 [http-nio-8080-exec-1] TRACE o.s.security.web.FilterChainProxy - Invoking CsrfFilter (5/12)
26-09-16 15:46:52.051 [http-nio-8080-exec-1] TRACE o.s.security.web.csrf.CsrfFilter - Did not protect against CSRF since request did not match CsrfNotRequired [TRACE, HEAD, GET, OPTIONS]
26-09-16 15:46:52.053 [http-nio-8080-exec-1] TRACE o.s.security.web.FilterChainProxy - Invoking LogoutFilter (6/12)
26-09-16 15:46:52.054 [http-nio-8080-exec-1] TRACE o.s.s.w.a.logout.LogoutFilter - Did not match request to Ant [pattern='/api/auth/logout', POST]
26-09-16 15:46:52.054 [http-nio-8080-exec-1] TRACE o.s.security.web.FilterChainProxy - Invoking UsernamePasswordAuthenticationFilter (7/12)
26-09-16 15:46:52.056 [http-nio-8080-exec-1] TRACE o.s.s.w.a.UsernamePasswordAuthenticationFilter - Did not match request to Ant [pattern='/api/auth/login', POST]
26-09-16 15:46:52.057 [http-nio-8080-exec-1] TRACE o.s.security.web.FilterChainProxy - Invoking RequestCacheAwareFilter (8/12)
26-09-16 15:46:52.059 [http-nio-8080-exec-1] TRACE o.s.s.w.s.HttpSessionRequestCache - matchingRequestParameterName is required for getMatchingRequest to lookup a value, but not provided
26-09-16 15:46:52.060 [http-nio-8080-exec-1] TRACE o.s.security.web.FilterChainProxy - Invoking SecurityContextHolderAwareRequestFilter (9/12)
26-09-16 15:46:52.063 [http-nio-8080-exec-1] TRACE o.s.security.web.FilterChainProxy - Invoking AnonymousAuthenticationFilter (10/12)
26-09-16 15:46:52.066 [http-nio-8080-exec-1] TRACE o.s.security.web.FilterChainProxy - Invoking ExceptionTranslationFilter (11/12)
26-09-16 15:46:52.067 [http-nio-8080-exec-1] TRACE o.s.security.web.FilterChainProxy - Invoking AuthorizationFilter (12/12)
26-09-16 15:46:52.073 [http-nio-8080-exec-1] TRACE o.s.s.w.a.i.RequestMatcherDelegatingAuthorizationManager - Authorizing GET /api/auth/csrf-token
26-09-16 15:46:52.081 [http-nio-8080-exec-1] TRACE o.s.s.w.a.i.RequestMatcherDelegatingAuthorizationManager - Checking authorization on GET /api/auth/csrf-token using org.springframework.security.config.annotation.web.configurers.AuthorizeHttpRequestsConfigurer$$Lambda$1733/0x000000c001b01650@24f51ea1
26-09-16 15:46:52.106 [http-nio-8080-exec-1] DEBUG o.s.security.web.FilterChainProxy - Secured GET /api/auth/csrf-token
26-09-16 15:46:52.367 [http-nio-8080-exec-1] TRACE o.s.s.w.c.HttpSessionSecurityContextRepository - No HttpSession currently exists
26-09-16 15:46:52.368 [http-nio-8080-exec-1] TRACE o.s.s.w.c.SupplierDeferredSecurityContext - Created SecurityContextImpl [Null authentication]
26-09-16 15:46:52.368 [http-nio-8080-exec-1] TRACE o.s.s.w.c.SupplierDeferredSecurityContext - Created SecurityContextImpl [Null authentication]
26-09-16 15:46:52.375 [http-nio-8080-exec-1] TRACE o.s.s.w.a.AnonymousAuthenticationFilter - Set SecurityContextHolder to AnonymousAuthenticationToken [Principal=anonymousUser, Credentials=[PROTECTED], Authenticated=true, Details=WebAuthenticationDetails [RemoteIpAddress=0:0:0:0:0:0:0:1, SessionId=null], Granted Authorities=[ROLE_ANONYMOUS]]
26-09-16 15:46:52.386 [http-nio-8080-exec-1] TRACE o.s.s.w.h.writers.HstsHeaderWriter - Not injecting HSTS header since it did not match request to [Is Secure]
26-09-16 15:48:31.196 [http-nio-8080-exec-3] TRACE o.s.security.web.FilterChainProxy - Trying to match request against DefaultSecurityFilterChain defined as 'filterChain' in [class path resource [com/sprint/mission/discodeit/config/SecurityConfig.class]] matching [any request] and having filters [DisableEncodeUrl, WebAsyncManagerIntegration, SecurityContextHolder, HeaderWriter, Csrf, Logout, UsernamePasswordAuthentication, RequestCacheAware, SecurityContextHolderAwareRequest, AnonymousAuthentication, ExceptionTranslation, Authorization] (1/1)
26-09-16 15:48:31.205 [http-nio-8080-exec-3] DEBUG o.s.security.web.FilterChainProxy - Securing POST /api/auth/login
26-09-16 15:48:31.209 [http-nio-8080-exec-3] TRACE o.s.security.web.FilterChainProxy - Invoking DisableEncodeUrlFilter (1/12)
26-09-16 15:48:31.213 [http-nio-8080-exec-3] TRACE o.s.security.web.FilterChainProxy - Invoking WebAsyncManagerIntegrationFilter (2/12)
26-09-16 15:48:31.214 [http-nio-8080-exec-3] TRACE o.s.security.web.FilterChainProxy - Invoking SecurityContextHolderFilter (3/12)
26-09-16 15:48:31.215 [http-nio-8080-exec-3] TRACE o.s.security.web.FilterChainProxy - Invoking HeaderWriterFilter (4/12)
26-09-16 15:48:31.215 [http-nio-8080-exec-3] TRACE o.s.security.web.FilterChainProxy - Invoking CsrfFilter (5/12)
26-09-16 15:48:31.220 [http-nio-8080-exec-3] TRACE o.s.security.web.FilterChainProxy - Invoking LogoutFilter (6/12)
26-09-16 15:48:31.227 [http-nio-8080-exec-3] TRACE o.s.s.w.a.logout.LogoutFilter - Did not match request to Ant [pattern='/api/auth/logout', POST]
26-09-16 15:48:31.227 [http-nio-8080-exec-3] TRACE o.s.security.web.FilterChainProxy - Invoking UsernamePasswordAuthenticationFilter (7/12)
26-09-16 15:48:31.251 [http-nio-8080-exec-3] TRACE o.s.s.authentication.ProviderManager - Authenticating request with DaoAuthenticationProvider (1/1)
26-09-16 15:48:32.364 [http-nio-8080-exec-3] DEBUG o.s.s.a.d.DaoAuthenticationProvider - Authenticated user
26-09-16 15:48:32.372 [http-nio-8080-exec-3] TRACE o.s.s.w.a.s.CompositeSessionAuthenticationStrategy - Preparing session with ChangeSessionIdAuthenticationStrategy (1/2)
26-09-16 15:48:32.373 [http-nio-8080-exec-3] TRACE o.s.s.w.a.s.CompositeSessionAuthenticationStrategy - Preparing session with CsrfAuthenticationStrategy (2/2)
26-09-16 15:48:32.380 [http-nio-8080-exec-3] DEBUG o.s.s.w.c.CsrfAuthenticationStrategy - Replaced CSRF Token
26-09-16 15:48:32.425 [http-nio-8080-exec-3] DEBUG o.s.s.w.c.HttpSessionSecurityContextRepository - Stored SecurityContextImpl [Authentication=UsernamePasswordAuthenticationToken [Principal=com.sprint.mission.discodeit.security.DiscodeitUserDetails@35be89c, Credentials=[PROTECTED], Authenticated=true, Details=WebAuthenticationDetails [RemoteIpAddress=0:0:0:0:0:0:0:1, SessionId=null], Granted Authorities=[ROLE_CHANNEL_MANAGER]]] to HttpSession [org.apache.catalina.session.StandardSessionFacade@77f649a2]
26-09-16 15:48:32.426 [http-nio-8080-exec-3] DEBUG o.s.s.w.a.UsernamePasswordAuthenticationFilter - Set SecurityContextHolder to UsernamePasswordAuthenticationToken [Principal=com.sprint.mission.discodeit.security.DiscodeitUserDetails@35be89c, Credentials=[PROTECTED], Authenticated=true, Details=WebAuthenticationDetails [RemoteIpAddress=0:0:0:0:0:0:0:1, SessionId=null], Granted Authorities=[ROLE_CHANNEL_MANAGER]]
26-09-16 15:48:32.513 [http-nio-8080-exec-3] TRACE o.s.s.w.h.writers.HstsHeaderWriter - Not injecting HSTS header since it did not match request to [Is Secure]
26-09-16 15:49:47.197 [http-nio-8080-exec-5] TRACE o.s.security.web.FilterChainProxy - Trying to match request against DefaultSecurityFilterChain defined as 'filterChain' in [class path resource [com/sprint/mission/discodeit/config/SecurityConfig.class]] matching [any request] and having filters [DisableEncodeUrl, WebAsyncManagerIntegration, SecurityContextHolder, HeaderWriter, Csrf, Logout, UsernamePasswordAuthentication, RequestCacheAware, SecurityContextHolderAwareRequest, AnonymousAuthentication, ExceptionTranslation, Authorization] (1/1)
26-09-16 15:49:47.201 [http-nio-8080-exec-5] DEBUG o.s.security.web.FilterChainProxy - Securing POST /api/channels/public
26-09-16 15:49:47.202 [http-nio-8080-exec-5] TRACE o.s.security.web.FilterChainProxy - Invoking DisableEncodeUrlFilter (1/12)
26-09-16 15:49:47.203 [http-nio-8080-exec-5] TRACE o.s.security.web.FilterChainProxy - Invoking WebAsyncManagerIntegrationFilter (2/12)
26-09-16 15:49:47.204 [http-nio-8080-exec-5] TRACE o.s.security.web.FilterChainProxy - Invoking SecurityContextHolderFilter (3/12)
26-09-16 15:49:47.204 [http-nio-8080-exec-5] TRACE o.s.security.web.FilterChainProxy - Invoking HeaderWriterFilter (4/12)
26-09-16 15:49:47.204 [http-nio-8080-exec-5] TRACE o.s.security.web.FilterChainProxy - Invoking CsrfFilter (5/12)
26-09-16 15:49:47.206 [http-nio-8080-exec-5] TRACE o.s.security.web.FilterChainProxy - Invoking LogoutFilter (6/12)
26-09-16 15:49:47.206 [http-nio-8080-exec-5] TRACE o.s.s.w.a.logout.LogoutFilter - Did not match request to Ant [pattern='/api/auth/logout', POST]
26-09-16 15:49:47.206 [http-nio-8080-exec-5] TRACE o.s.security.web.FilterChainProxy - Invoking UsernamePasswordAuthenticationFilter (7/12)
26-09-16 15:49:47.206 [http-nio-8080-exec-5] TRACE o.s.s.w.a.UsernamePasswordAuthenticationFilter - Did not match request to Ant [pattern='/api/auth/login', POST]
26-09-16 15:49:47.206 [http-nio-8080-exec-5] TRACE o.s.security.web.FilterChainProxy - Invoking RequestCacheAwareFilter (8/12)
26-09-16 15:49:47.206 [http-nio-8080-exec-5] TRACE o.s.s.w.s.HttpSessionRequestCache - matchingRequestParameterName is required for getMatchingRequest to lookup a value, but not provided
26-09-16 15:49:47.206 [http-nio-8080-exec-5] TRACE o.s.security.web.FilterChainProxy - Invoking SecurityContextHolderAwareRequestFilter (9/12)
26-09-16 15:49:47.206 [http-nio-8080-exec-5] TRACE o.s.security.web.FilterChainProxy - Invoking AnonymousAuthenticationFilter (10/12)
26-09-16 15:49:47.207 [http-nio-8080-exec-5] TRACE o.s.security.web.FilterChainProxy - Invoking ExceptionTranslationFilter (11/12)
26-09-16 15:49:47.207 [http-nio-8080-exec-5] TRACE o.s.security.web.FilterChainProxy - Invoking AuthorizationFilter (12/12)
26-09-16 15:49:47.207 [http-nio-8080-exec-5] TRACE o.s.s.w.a.i.RequestMatcherDelegatingAuthorizationManager - Authorizing POST /api/channels/public
26-09-16 15:49:47.209 [http-nio-8080-exec-5] TRACE o.s.s.w.a.i.RequestMatcherDelegatingAuthorizationManager - Checking authorization on POST /api/channels/public using org.springframework.security.authorization.AuthenticatedAuthorizationManager@23fcd86d
26-09-16 15:49:47.210 [http-nio-8080-exec-5] TRACE o.s.s.w.c.HttpSessionSecurityContextRepository - Retrieved SecurityContextImpl [Authentication=UsernamePasswordAuthenticationToken [Principal=com.sprint.mission.discodeit.security.DiscodeitUserDetails@35be89c, Credentials=[PROTECTED], Authenticated=true, Details=WebAuthenticationDetails [RemoteIpAddress=0:0:0:0:0:0:0:1, SessionId=null], Granted Authorities=[ROLE_CHANNEL_MANAGER]]] from SPRING_SECURITY_CONTEXT
26-09-16 15:49:47.213 [http-nio-8080-exec-5] TRACE o.s.s.w.a.AnonymousAuthenticationFilter - Did not set SecurityContextHolder since already authenticated UsernamePasswordAuthenticationToken [Principal=com.sprint.mission.discodeit.security.DiscodeitUserDetails@35be89c, Credentials=[PROTECTED], Authenticated=true, Details=WebAuthenticationDetails [RemoteIpAddress=0:0:0:0:0:0:0:1, SessionId=null], Granted Authorities=[ROLE_CHANNEL_MANAGER]]
26-09-16 15:49:47.215 [http-nio-8080-exec-5] DEBUG o.s.security.web.FilterChainProxy - Secured POST /api/channels/public
26-09-16 15:49:47.633 [http-nio-8080-exec-5] DEBUG o.s.s.a.m.AuthorizationManagerBeforeMethodInterceptor - Authorizing method invocation ReflectiveMethodInvocation: public com.sprint.mission.discodeit.dto.response.ChannelDto com.sprint.mission.discodeit.service.basic.BasicChannelService.createPublic(java.lang.String,java.lang.String); target is of class [com.sprint.mission.discodeit.service.basic.BasicChannelService]
26-09-16 15:49:47.718 [http-nio-8080-exec-5] DEBUG o.s.s.a.m.AuthorizationManagerBeforeMethodInterceptor - Authorized method invocation ReflectiveMethodInvocation: public com.sprint.mission.discodeit.dto.response.ChannelDto com.sprint.mission.discodeit.service.basic.BasicChannelService.createPublic(java.lang.String,java.lang.String); target is of class [com.sprint.mission.discodeit.service.basic.BasicChannelService]
26-09-16 15:49:47.819 [http-nio-8080-exec-5] INFO  c.s.m.d.s.basic.BasicChannelService - PUBLIC 채널 생성 요청 - name: 테스트채널
26-09-16 15:49:48.029 [http-nio-8080-exec-5] INFO  c.s.m.d.s.basic.BasicChannelService - PUBLIC 채널 생성 완료 - channelId: 343c3035-48a8-4335-9056-823114fa8082
26-09-16 15:49:48.075 [http-nio-8080-exec-5] INFO  c.s.m.d.controller.ChannelController - [Public 채널 생성 완료] channelId: 343c3035-48a8-4335-9056-823114fa8082
26-09-16 15:49:48.103 [http-nio-8080-exec-5] TRACE o.s.s.w.h.writers.HstsHeaderWriter - Not injecting HSTS header since it did not match request to [Is Secure]
26-09-16 15:51:25.450 [http-nio-8080-exec-7] TRACE o.s.security.web.FilterChainProxy - Trying to match request against DefaultSecurityFilterChain defined as 'filterChain' in [class path resource [com/sprint/mission/discodeit/config/SecurityConfig.class]] matching [any request] and having filters [DisableEncodeUrl, WebAsyncManagerIntegration, SecurityContextHolder, HeaderWriter, Csrf, Logout, UsernamePasswordAuthentication, RequestCacheAware, SecurityContextHolderAwareRequest, AnonymousAuthentication, ExceptionTranslation, Authorization] (1/1)
26-09-16 15:51:25.452 [http-nio-8080-exec-7] DEBUG o.s.security.web.FilterChainProxy - Securing DELETE /api/channels/343c3035-48a8-4335-9056-823114fa8082
26-09-16 15:51:25.452 [http-nio-8080-exec-7] TRACE o.s.security.web.FilterChainProxy - Invoking DisableEncodeUrlFilter (1/12)
26-09-16 15:51:25.452 [http-nio-8080-exec-7] TRACE o.s.security.web.FilterChainProxy - Invoking WebAsyncManagerIntegrationFilter (2/12)
26-09-16 15:51:25.452 [http-nio-8080-exec-7] TRACE o.s.security.web.FilterChainProxy - Invoking SecurityContextHolderFilter (3/12)
26-09-16 15:51:25.453 [http-nio-8080-exec-7] TRACE o.s.security.web.FilterChainProxy - Invoking HeaderWriterFilter (4/12)
26-09-16 15:51:25.454 [http-nio-8080-exec-7] TRACE o.s.security.web.FilterChainProxy - Invoking CsrfFilter (5/12)
26-09-16 15:51:25.454 [http-nio-8080-exec-7] TRACE o.s.security.web.FilterChainProxy - Invoking LogoutFilter (6/12)
26-09-16 15:51:25.455 [http-nio-8080-exec-7] TRACE o.s.s.w.a.logout.LogoutFilter - Did not match request to Ant [pattern='/api/auth/logout', POST]
26-09-16 15:51:25.455 [http-nio-8080-exec-7] TRACE o.s.security.web.FilterChainProxy - Invoking UsernamePasswordAuthenticationFilter (7/12)
26-09-16 15:51:25.455 [http-nio-8080-exec-7] TRACE o.s.s.w.a.UsernamePasswordAuthenticationFilter - Did not match request to Ant [pattern='/api/auth/login', POST]
26-09-16 15:51:25.456 [http-nio-8080-exec-7] TRACE o.s.security.web.FilterChainProxy - Invoking RequestCacheAwareFilter (8/12)
26-09-16 15:51:25.464 [http-nio-8080-exec-7] TRACE o.s.s.w.s.HttpSessionRequestCache - matchingRequestParameterName is required for getMatchingRequest to lookup a value, but not provided
26-09-16 15:51:25.464 [http-nio-8080-exec-7] TRACE o.s.security.web.FilterChainProxy - Invoking SecurityContextHolderAwareRequestFilter (9/12)
26-09-16 15:51:25.464 [http-nio-8080-exec-7] TRACE o.s.security.web.FilterChainProxy - Invoking AnonymousAuthenticationFilter (10/12)
26-09-16 15:51:25.465 [http-nio-8080-exec-7] TRACE o.s.security.web.FilterChainProxy - Invoking ExceptionTranslationFilter (11/12)
26-09-16 15:51:25.465 [http-nio-8080-exec-7] TRACE o.s.security.web.FilterChainProxy - Invoking AuthorizationFilter (12/12)
26-09-16 15:51:25.466 [http-nio-8080-exec-7] TRACE o.s.s.w.a.i.RequestMatcherDelegatingAuthorizationManager - Authorizing DELETE /api/channels/343c3035-48a8-4335-9056-823114fa8082
26-09-16 15:51:25.477 [http-nio-8080-exec-7] TRACE o.s.s.w.a.i.RequestMatcherDelegatingAuthorizationManager - Checking authorization on DELETE /api/channels/343c3035-48a8-4335-9056-823114fa8082 using org.springframework.security.authorization.AuthenticatedAuthorizationManager@23fcd86d
26-09-16 15:51:25.479 [http-nio-8080-exec-7] TRACE o.s.s.w.c.HttpSessionSecurityContextRepository - Retrieved SecurityContextImpl [Authentication=UsernamePasswordAuthenticationToken [Principal=com.sprint.mission.discodeit.security.DiscodeitUserDetails@35be89c, Credentials=[PROTECTED], Authenticated=true, Details=WebAuthenticationDetails [RemoteIpAddress=0:0:0:0:0:0:0:1, SessionId=null], Granted Authorities=[ROLE_CHANNEL_MANAGER]]] from SPRING_SECURITY_CONTEXT
26-09-16 15:51:25.485 [http-nio-8080-exec-7] TRACE o.s.s.w.a.AnonymousAuthenticationFilter - Did not set SecurityContextHolder since already authenticated UsernamePasswordAuthenticationToken [Principal=com.sprint.mission.discodeit.security.DiscodeitUserDetails@35be89c, Credentials=[PROTECTED], Authenticated=true, Details=WebAuthenticationDetails [RemoteIpAddress=0:0:0:0:0:0:0:1, SessionId=null], Granted Authorities=[ROLE_CHANNEL_MANAGER]]
26-09-16 15:51:25.496 [http-nio-8080-exec-7] DEBUG o.s.security.web.FilterChainProxy - Secured DELETE /api/channels/343c3035-48a8-4335-9056-823114fa8082
26-09-16 15:51:25.545 [http-nio-8080-exec-7] INFO  c.s.m.d.s.basic.BasicChannelService - 채널 삭제 요청 - channelId: 343c3035-48a8-4335-9056-823114fa8082
26-09-16 15:51:25.616 [http-nio-8080-exec-7] INFO  c.s.m.d.s.basic.BasicChannelService - 채널 삭제 완료 - channelId: 343c3035-48a8-4335-9056-823114fa8082
26-09-16 15:51:25.637 [http-nio-8080-exec-7] INFO  c.s.m.d.controller.ChannelController - [채널 삭제 완료] channelId: 343c3035-48a8-4335-9056-823114fa8082
26-09-16 15:51:25.640 [http-nio-8080-exec-7] TRACE o.s.s.w.h.writers.HstsHeaderWriter - Not injecting HSTS header since it did not match request to [Is Secure]
26-09-16 15:52:38.659 [http-nio-8080-exec-9] TRACE o.s.security.web.FilterChainProxy - Trying to match request against DefaultSecurityFilterChain defined as 'filterChain' in [class path resource [com/sprint/mission/discodeit/config/SecurityConfig.class]] matching [any request] and having filters [DisableEncodeUrl, WebAsyncManagerIntegration, SecurityContextHolder, HeaderWriter, Csrf, Logout, UsernamePasswordAuthentication, RequestCacheAware, SecurityContextHolderAwareRequest, AnonymousAuthentication, ExceptionTranslation, Authorization] (1/1)
26-09-16 15:52:38.662 [http-nio-8080-exec-9] DEBUG o.s.security.web.FilterChainProxy - Securing GET /api/auth/me
26-09-16 15:52:38.663 [http-nio-8080-exec-9] TRACE o.s.security.web.FilterChainProxy - Invoking DisableEncodeUrlFilter (1/12)
26-09-16 15:52:38.664 [http-nio-8080-exec-9] TRACE o.s.security.web.FilterChainProxy - Invoking WebAsyncManagerIntegrationFilter (2/12)
26-09-16 15:52:38.664 [http-nio-8080-exec-9] TRACE o.s.security.web.FilterChainProxy - Invoking SecurityContextHolderFilter (3/12)
26-09-16 15:52:38.665 [http-nio-8080-exec-9] TRACE o.s.security.web.FilterChainProxy - Invoking HeaderWriterFilter (4/12)
26-09-16 15:52:38.665 [http-nio-8080-exec-9] TRACE o.s.security.web.FilterChainProxy - Invoking CsrfFilter (5/12)
26-09-16 15:52:38.666 [http-nio-8080-exec-9] TRACE o.s.security.web.csrf.CsrfFilter - Did not protect against CSRF since request did not match CsrfNotRequired [TRACE, HEAD, GET, OPTIONS]
26-09-16 15:52:38.666 [http-nio-8080-exec-9] TRACE o.s.security.web.FilterChainProxy - Invoking LogoutFilter (6/12)
26-09-16 15:52:38.666 [http-nio-8080-exec-9] TRACE o.s.s.w.a.logout.LogoutFilter - Did not match request to Ant [pattern='/api/auth/logout', POST]
26-09-16 15:52:38.666 [http-nio-8080-exec-9] TRACE o.s.security.web.FilterChainProxy - Invoking UsernamePasswordAuthenticationFilter (7/12)
26-09-16 15:52:38.666 [http-nio-8080-exec-9] TRACE o.s.s.w.a.UsernamePasswordAuthenticationFilter - Did not match request to Ant [pattern='/api/auth/login', POST]
26-09-16 15:52:38.666 [http-nio-8080-exec-9] TRACE o.s.security.web.FilterChainProxy - Invoking RequestCacheAwareFilter (8/12)
26-09-16 15:52:38.666 [http-nio-8080-exec-9] TRACE o.s.s.w.s.HttpSessionRequestCache - matchingRequestParameterName is required for getMatchingRequest to lookup a value, but not provided
26-09-16 15:52:38.666 [http-nio-8080-exec-9] TRACE o.s.security.web.FilterChainProxy - Invoking SecurityContextHolderAwareRequestFilter (9/12)
26-09-16 15:52:38.667 [http-nio-8080-exec-9] TRACE o.s.security.web.FilterChainProxy - Invoking AnonymousAuthenticationFilter (10/12)
26-09-16 15:52:38.667 [http-nio-8080-exec-9] TRACE o.s.security.web.FilterChainProxy - Invoking ExceptionTranslationFilter (11/12)
26-09-16 15:52:38.667 [http-nio-8080-exec-9] TRACE o.s.security.web.FilterChainProxy - Invoking AuthorizationFilter (12/12)
26-09-16 15:52:38.667 [http-nio-8080-exec-9] TRACE o.s.s.w.a.i.RequestMatcherDelegatingAuthorizationManager - Authorizing GET /api/auth/me
26-09-16 15:52:38.667 [http-nio-8080-exec-9] TRACE o.s.s.w.a.i.RequestMatcherDelegatingAuthorizationManager - Checking authorization on GET /api/auth/me using org.springframework.security.authorization.AuthenticatedAuthorizationManager@23fcd86d
26-09-16 15:52:38.667 [http-nio-8080-exec-9] TRACE o.s.s.w.c.HttpSessionSecurityContextRepository - Retrieved SecurityContextImpl [Authentication=UsernamePasswordAuthenticationToken [Principal=com.sprint.mission.discodeit.security.DiscodeitUserDetails@35be89c, Credentials=[PROTECTED], Authenticated=true, Details=WebAuthenticationDetails [RemoteIpAddress=0:0:0:0:0:0:0:1, SessionId=null], Granted Authorities=[ROLE_CHANNEL_MANAGER]]] from SPRING_SECURITY_CONTEXT
26-09-16 15:52:38.668 [http-nio-8080-exec-9] TRACE o.s.s.w.a.AnonymousAuthenticationFilter - Did not set SecurityContextHolder since already authenticated UsernamePasswordAuthenticationToken [Principal=com.sprint.mission.discodeit.security.DiscodeitUserDetails@35be89c, Credentials=[PROTECTED], Authenticated=true, Details=WebAuthenticationDetails [RemoteIpAddress=0:0:0:0:0:0:0:1, SessionId=null], Granted Authorities=[ROLE_CHANNEL_MANAGER]]
26-09-16 15:52:38.669 [http-nio-8080-exec-9] DEBUG o.s.security.web.FilterChainProxy - Secured GET /api/auth/me
26-09-16 15:52:38.696 [http-nio-8080-exec-9] TRACE o.s.s.w.h.writers.HstsHeaderWriter - Not injecting HSTS header since it did not match request to [Is Secure]
26-09-16 15:53:52.859 [SpringApplicationShutdownHook] INFO  o.s.b.w.e.tomcat.GracefulShutdown - Commencing graceful shutdown. Waiting for active requests to complete
26-09-16 15:53:52.873 [tomcat-shutdown] INFO  o.s.b.w.e.tomcat.GracefulShutdown - Graceful shutdown complete
26-09-16 15:53:52.963 [SpringApplicationShutdownHook] INFO  o.s.o.j.LocalContainerEntityManagerFactoryBean - Closing JPA EntityManagerFactory for persistence unit 'default'
26-09-16 15:53:52.997 [SpringApplicationShutdownHook] INFO  com.zaxxer.hikari.HikariDataSource - HikariPool-1 - Shutdown initiated...
26-09-16 15:53:53.023 [SpringApplicationShutdownHook] INFO  com.zaxxer.hikari.HikariDataSource - HikariPool-1 - Shutdown completed.
